[2026-09-09 11:11:25] [INFO] Logger initialised || debug=false | file=logs/sentinel.log | level=INFO | mode=BALANCED
[2026-09-09 11:11:25] [INFO] Movement sampler started || batch=40 | interval=500
[2026-09-09 11:11:25] [INFO] Resource guard active || critical=0 | restartPolicy=CRITICAL_ONLY | trusted=3
[2026-09-09 11:11:29] [INFO] Static scan complete || client=603 | clientTriggers=202 | compiled=0 | dynamicTriggers=37 | errors=0 | fileAccess=true | remoteEvents=212 | resources=129 | server=295 | shared=124 | unreadable=29
[2026-09-09 11:11:29] [WARNING] Remote-triggerable server events with no client caller anywhere (attack surface) || count=26 | events=givetheguns@stealth, missionTimerActivated@stealth, nova:giveWeapon@nova_panel, nova:onLogin@nova_chat, nova:setSkin@nova_panel, nova:setTime@nova_panel, nova:setWanted@nova_panel, nova:setWeather@nova_panel, nova:spawnVehicle@nova_panel, nova:teleport@nova_panel, onDgsComboBoxSelect-C@dgs, onDgsEditAccepted-C@dgs, onDgsTabSelect-C@dgs, onDgsTextChange-C@dgs, onPlayerKillMessage@stealth, onPlayerReady@briefcaserace, onRadioBatteryUpdate@red, onRadioChannelChangeRequest@red, onRadioConfigRequest@red, onRadioConfigResponse@red, onRadioFrequencyChangeRequest@red, onRadioPowerToggle@red, onRadioVolumeChange@red, onServerCall@gps, phone:contact:favorite@aura_phone_release, phone:messages:markRead@aura_phone_release
[2026-09-09 11:11:29] [INFO] Firewall active || hookedEvents=0 | learnedEvents=0 | mode=LEARN
[2026-09-09 11:11:29] [INFO] Native AC hooks || eventThreshold=true | invalidEvent=true
[2026-09-09 11:11:29] [WARNING] Zip resource converted to folder || files=14 | note=files not listed in meta.xml are not copied; recover them from the trash zip if needed | originalZip=moved to resources-cache/trash | resource=acpanel | wasRunning=false
[2026-09-09 11:11:29] [WARNING] Zip resource converted to folder || files=63 | note=files not listed in meta.xml are not copied; recover them from the trash zip if needed | originalZip=moved to resources-cache/trash | resource=admin | wasRunning=false
[2026-09-09 11:11:29] [WARNING] Zip resource converted to folder || files=5 | note=files not listed in meta.xml are not copied; recover them from the trash zip if needed | originalZip=moved to resources-cache/trash | resource=ajax | wasRunning=false
[2026-09-09 11:11:29] [WARNING] Zip resource converted to folder || files=5 | note=files not listed in meta.xml are not copied; recover them from the trash zip if needed | originalZip=moved to resources-cache/trash | resource=assault | wasRunning=false
[2026-09-09 11:11:29] [WARNING] Zip resource converted to folder || files=2 | note=files not listed in meta.xml are not copied; recover them from the trash zip if needed | originalZip=moved to resources-cache/trash | resource=briefcase | wasRunning=false
[2026-09-09 11:11:29] [WARNING] Zip resource converted to folder || files=27 | note=files not listed in meta.xml are not copied; recover them from the trash zip if needed | originalZip=moved to resources-cache/trash | resource=briefcaserace | wasRunning=false
[2026-09-09 11:11:29] [WARNING] Zip resource converted to folder || files=4 | note=files not listed in meta.xml are not copied; recover them from the trash zip if needed | originalZip=moved to resources-cache/trash | resource=chatmanager | wasRunning=false
[2026-09-09 11:11:29] [WARNING] Zip resource converted to folder || files=7 | note=files not listed in meta.xml are not copied; recover them from the trash zip if needed | originalZip=moved to resources-cache/trash | resource=ctf | wasRunning=false
[2026-09-09 11:11:29] [WARNING] Zip resource converted to folder || files=7 | note=files not listed in meta.xml are not copied; recover them from the trash zip if needed | originalZip=moved to resources-cache/trash | resource=ctv | wasRunning=false
[2026-09-09 11:11:29] [WARNING] Zip resource converted to folder || files=12 | note=files not listed in meta.xml are not copied; recover them from the trash zip if needed | originalZip=moved to resources-cache/trash | resource=deathmatch | wasRunning=false
[2026-09-09 11:11:29] [WARNING] Zip resource converted to folder || files=2 | note=files not listed in meta.xml are not copied; recover them from the trash zip if needed | originalZip=moved to resources-cache/trash | resource=deathmessages | wasRunning=false
[2026-09-09 11:11:29] [WARNING] Zip resource converted to folder || files=2 | note=files not listed in meta.xml are not copied; recover them from the trash zip if needed | originalZip=moved to resources-cache/trash | resource=deathpickups | wasRunning=false
[2026-09-09 11:11:29] [WARNING] Zip resource converted to folder || files=2 | note=files not listed in meta.xml are not copied; recover them from the trash zip if needed | originalZip=moved to resources-cache/trash | resource=defaultstats | wasRunning=false
[2026-09-09 11:11:29] [WARNING] Zip resource converted to folder || files=7 | note=files not listed in meta.xml are not copied; recover them from the trash zip if needed | originalZip=moved to resources-cache/trash | resource=dialogs | wasRunning=false
[2026-09-09 11:11:29] [WARNING] Zip resource converted to folder || files=2 | note=files not listed in meta.xml are not copied; recover them from the trash zip if needed | originalZip=moved to resources-cache/trash | resource=easytext | wasRunning=false
[2026-09-09 11:11:29] [WARNING] Zip resource converted to folder || files=13 | note=files not listed in meta.xml are not copied; recover them from the trash zip if needed | originalZip=moved to resources-cache/trash | resource=edf | wasRunning=false
[2026-09-09 11:11:29] [WARNING] Zip resource converted to folder || files=3 | note=files not listed in meta.xml are not copied; recover them from the trash zip if needed | originalZip=moved to resources-cache/trash | resource=editor | wasRunning=false
[2026-09-09 11:11:30] [WARNING] Zip resource converted to folder || files=124 | note=files not listed in meta.xml are not copied; recover them from the trash zip if needed | originalZip=moved to resources-cache/trash | resource=editor_gui | wasRunning=false
[2026-09-09 11:11:30] [WARNING] Zip resource converted to folder || files=57 | note=files not listed in meta.xml are not copied; recover them from the trash zip if needed | originalZip=moved to resources-cache/trash | resource=editor_main | wasRunning=false
[2026-09-09 11:11:30] [WARNING] Zip resource converted to folder || files=9 | note=files not listed in meta.xml are not copied; recover them from the trash zip if needed | originalZip=moved to resources-cache/trash | resource=elementbrowser | wasRunning=false
[2026-09-09 11:11:30] [WARNING] Zip resource converted to folder || files=9 | note=files not listed in meta.xml are not copied; recover them from the trash zip if needed | originalZip=moved to resources-cache/trash | resource=fallout | wasRunning=false
[2026-09-09 11:11:30] [WARNING] Zip resource converted to folder || files=3 | note=files not listed in meta.xml are not copied; recover them from the trash zip if needed | originalZip=moved to resources-cache/trash | resource=fastrope | wasRunning=false
[2026-09-09 11:11:30] [WARNING] Zip resource converted to folder || files=3 | note=files not listed in meta.xml are not copied; recover them from the trash zip if needed | originalZip=moved to resources-cache/trash | resource=freecam | wasRunning=false
[2026-09-09 11:11:30] [WARNING] Zip resource converted to folder || files=8 | note=files not listed in meta.xml are not copied; recover them from the trash zip if needed | originalZip=moved to resources-cache/trash | resource=gps | wasRunning=false
[2026-09-09 11:11:30] [WARNING] Zip resource converted to folder || files=3 | note=files not listed in meta.xml are not copied; recover them from the trash zip if needed | originalZip=moved to resources-cache/trash | resource=hay | wasRunning=false
[2026-09-09 11:11:30] [WARNING] Zip resource converted to folder || files=4 | note=files not listed in meta.xml are not copied; recover them from the trash zip if needed | originalZip=moved to resources-cache/trash | resource=headshot | wasRunning=false
[2026-09-09 11:11:31] [WARNING] Zip resource converted to folder || files=39 | note=files not listed in meta.xml are not copied; recover them from the trash zip if needed | originalZip=moved to resources-cache/trash | resource=hedit | wasRunning=false
[2026-09-09 11:11:31] [WARNING] Zip resource converted to folder || files=3 | note=files not listed in meta.xml are not copied; recover them from the trash zip if needed | originalZip=moved to resources-cache/trash | resource=helpmanager | wasRunning=false
[2026-09-09 11:11:31] [WARNING] Zip resource converted to folder || files=5 | note=files not listed in meta.xml are not copied; recover them from the trash zip if needed | originalZip=moved to resources-cache/trash | resource=interiors | wasRunning=false
[2026-09-09 11:11:31] [WARNING] Zip resource converted to folder || files=11 | note=files not listed in meta.xml are not copied; recover them from the trash zip if needed | originalZip=moved to resources-cache/trash | resource=ipb | wasRunning=false
[2026-09-09 11:11:31] [WARNING] Zip resource converted to folder || files=2 | note=files not listed in meta.xml are not copied; recover them from the trash zip if needed | originalZip=moved to resources-cache/trash | resource=joinquit | wasRunning=false
[2026-09-09 11:11:31] [WARNING] Zip resource converted to folder || files=119 | note=files not listed in meta.xml are not copied; recover them from the trash zip if needed | originalZip=moved to resources-cache/trash | resource=killmessages | wasRunning=false
[2026-09-09 11:11:31] [WARNING] Zip resource converted to folder || files=5 | note=files not listed in meta.xml are not copied; recover them from the trash zip if needed | originalZip=moved to resources-cache/trash | resource=mapcycler | wasRunning=false
[2026-09-09 11:11:31] [WARNING] Zip resource converted to folder || files=4 | note=files not listed in meta.xml are not copied; recover them from the trash zip if needed | originalZip=moved to resources-cache/trash | resource=mapfixes | wasRunning=false
[2026-09-09 11:11:31] [WARNING] Zip resource converted to folder || files=2 | note=files not listed in meta.xml are not copied; recover them from the trash zip if needed | originalZip=moved to resources-cache/trash | resource=maplimits | wasRunning=false
[2026-09-09 11:11:31] [WARNING] Zip resource converted to folder || files=7 | note=files not listed in meta.xml are not copied; recover them from the trash zip if needed | originalZip=moved to resources-cache/trash | resource=mapmanager | wasRunning=false
[2026-09-09 11:11:31] [WARNING] Zip resource converted to folder || files=2 | note=files not listed in meta.xml are not copied; recover them from the trash zip if needed | originalZip=moved to resources-cache/trash | resource=mapratings | wasRunning=false
[2026-09-09 11:11:31] [WARNING] Zip resource converted to folder || files=6 | note=files not listed in meta.xml are not copied; recover them from the trash zip if needed | originalZip=moved to resources-cache/trash | resource=missiontimer | wasRunning=false
[2026-09-09 11:11:31] [WARNING] Zip resource converted to folder || files=3 | note=files not listed in meta.xml are not copied; recover them from the trash zip if needed | originalZip=moved to resources-cache/trash | resource=move_cursor | wasRunning=false
[2026-09-09 11:11:31] [WARNING] Zip resource converted to folder || files=3 | note=files not listed in meta.xml are not copied; recover them from the trash zip if needed | originalZip=moved to resources-cache/trash | resource=move_freecam | wasRunning=false
[2026-09-09 11:11:31] [WARNING] Zip resource converted to folder || files=3 | note=files not listed in meta.xml are not copied; recover them from the trash zip if needed | originalZip=moved to resources-cache/trash | resource=move_keyboard | wasRunning=false
[2026-09-09 11:11:31] [WARNING] Zip resource converted to folder || files=6 | note=files not listed in meta.xml are not copied; recover them from the trash zip if needed | originalZip=moved to resources-cache/trash | resource=msgbox | wasRunning=false
[2026-09-09 11:11:31] [WARNING] Zip resource converted to folder || files=7 | note=files not listed in meta.xml are not copied; recover them from the trash zip if needed | originalZip=moved to resources-cache/trash | resource=parachute | wasRunning=false
[2026-09-09 11:11:31] [WARNING] Zip resource converted to folder || files=2 | note=files not listed in meta.xml are not copied; recover them from the trash zip if needed | originalZip=moved to resources-cache/trash | resource=parachute2 | wasRunning=false
[2026-09-09 11:11:31] [WARNING] Zip resource converted to folder || files=13 | note=files not listed in meta.xml are not copied; recover them from the trash zip if needed | originalZip=moved to resources-cache/trash | resource=performancebrowser | wasRunning=false
[2026-09-09 11:11:31] [WARNING] Zip resource converted to folder || files=3 | note=files not listed in meta.xml are not copied; recover them from the trash zip if needed | originalZip=moved to resources-cache/trash | resource=pickuphandler | wasRunning=false
[2026-09-09 11:11:31] [WARNING] Zip resource converted to folder || files=5 | note=files not listed in meta.xml are not copied; recover them from the trash zip if needed | originalZip=moved to resources-cache/trash | resource=play | wasRunning=false
[2026-09-09 11:11:31] [WARNING] Zip resource converted to folder || files=2 | note=files not listed in meta.xml are not copied; recover them from the trash zip if needed | originalZip=moved to resources-cache/trash | resource=playerblips | wasRunning=false
[2026-09-09 11:11:31] [WARNING] Zip resource converted to folder || files=2 | note=files not listed in meta.xml are not copied; recover them from the trash zip if needed | originalZip=moved to resources-cache/trash | resource=playercolors | wasRunning=false
[2026-09-09 11:11:32] [WARNING] Zip resource converted to folder || files=60 | note=files not listed in meta.xml are not copied; recover them from the trash zip if needed | originalZip=moved to resources-cache/trash | resource=race | wasRunning=false
[2026-09-09 11:11:32] [WARNING] Zip resource converted to folder || files=8 | note=files not listed in meta.xml are not copied; recover them from the trash zip if needed | originalZip=moved to resources-cache/trash | resource=realdriveby | wasRunning=false
[2026-09-09 11:11:32] [WARNING] Zip resource converted to folder || files=3 | note=files not listed in meta.xml are not copied; recover them from the trash zip if needed | originalZip=moved to resources-cache/trash | resource=reload | wasRunning=false
[2026-09-09 11:11:32] [WARNING] Zip resource converted to folder || files=7 | note=files not listed in meta.xml are not copied; recover them from the trash zip if needed | originalZip=moved to resources-cache/trash | resource=resourcebrowser | wasRunning=false
[2026-09-09 11:11:32] [WARNING] Zip resource converted to folder || files=5 | note=files not listed in meta.xml are not copied; recover them from the trash zip if needed | originalZip=moved to resources-cache/trash | resource=resourcemanager | wasRunning=false
[2026-09-09 11:11:32] [WARNING] Zip resource converted to folder || files=14 | note=files not listed in meta.xml are not copied; recover them from the trash zip if needed | originalZip=moved to resources-cache/trash | resource=runcode | wasRunning=false
[2026-09-09 11:11:32] [WARNING] Zip resource converted to folder || files=2 | note=files not listed in meta.xml are not copied; recover them from the trash zip if needed | originalZip=moved to resources-cache/trash | resource=rustlerbombs | wasRunning=false
[2026-09-09 11:11:32] [WARNING] Zip resource converted to folder || files=15 | note=files not listed in meta.xml are not copied; recover them from the trash zip if needed | originalZip=moved to resources-cache/trash | resource=scoreboard | wasRunning=false
[2026-09-09 11:11:32] [WARNING] Zip resource converted to folder || files=2 | note=files not listed in meta.xml are not copied; recover them from the trash zip if needed | originalZip=moved to resources-cache/trash | resource=scores | wasRunning=false
[2026-09-09 11:11:32] [WARNING] Zip resource converted to folder || files=3 | note=files not listed in meta.xml are not copied; recover them from the trash zip if needed | originalZip=moved to resources-cache/trash | resource=sfxbrowser | wasRunning=false
[2026-09-09 11:11:32] [WARNING] Zip resource converted to folder || files=5 | note=files not listed in meta.xml are not copied; recover them from the trash zip if needed | originalZip=moved to resources-cache/trash | resource=sirenEdit | wasRunning=false
[2026-09-09 11:11:32] [WARNING] Zip resource converted to folder || files=3 | note=files not listed in meta.xml are not copied; recover them from the trash zip if needed | originalZip=moved to resources-cache/trash | resource=spawnmanager | wasRunning=false
[2026-09-09 11:11:32] [WARNING] Zip resource converted to folder || files=4 | note=files not listed in meta.xml are not copied; recover them from the trash zip if needed | originalZip=moved to resources-cache/trash | resource=speedometer | wasRunning=false
[2026-09-09 11:11:32] [WARNING] Zip resource converted to folder || files=25 | note=files not listed in meta.xml are not copied; recover them from the trash zip if needed | originalZip=moved to resources-cache/trash | resource=stealth | wasRunning=false
[2026-09-09 11:11:32] [WARNING] Zip resource converted to folder || files=9 | note=files not listed in meta.xml are not copied; recover them from the trash zip if needed | originalZip=moved to resources-cache/trash | resource=superman | wasRunning=false
[2026-09-09 11:11:32] [WARNING] Zip resource converted to folder || files=12 | note=files not listed in meta.xml are not copied; recover them from the trash zip if needed | originalZip=moved to resources-cache/trash | resource=tdm | wasRunning=false
[2026-09-09 11:11:32] [WARNING] Zip resource converted to folder || files=12 | note=files not listed in meta.xml are not copied; recover them from the trash zip if needed | originalZip=moved to resources-cache/trash | resource=tdma | wasRunning=false
[2026-09-09 11:11:32] [WARNING] Zip resource converted to folder || files=7 | note=files not listed in meta.xml are not copied; recover them from the trash zip if needed | originalZip=moved to resources-cache/trash | resource=teammanager | wasRunning=false
[2026-09-09 11:11:32] [WARNING] Zip resource converted to folder || files=2 | note=files not listed in meta.xml are not copied; recover them from the trash zip if needed | originalZip=moved to resources-cache/trash | resource=tooltip | wasRunning=false
[2026-09-09 11:11:32] [WARNING] Zip resource converted to folder || files=4 | note=files not listed in meta.xml are not copied; recover them from the trash zip if needed | originalZip=moved to resources-cache/trash | resource=trainhorn | wasRunning=false
[2026-09-09 11:11:32] [WARNING] Zip resource converted to folder || files=5 | note=files not listed in meta.xml are not copied; recover them from the trash zip if needed | originalZip=moved to resources-cache/trash | resource=visualiser | wasRunning=false
[2026-09-09 11:11:32] [WARNING] Zip resource converted to folder || files=11 | note=files not listed in meta.xml are not copied; recover them from the trash zip if needed | originalZip=moved to resources-cache/trash | resource=voice | wasRunning=false
[2026-09-09 11:11:32] [WARNING] Zip resource converted to folder || files=5 | note=files not listed in meta.xml are not copied; recover them from the trash zip if needed | originalZip=moved to resources-cache/trash | resource=voice_local | wasRunning=false
[2026-09-09 11:11:32] [WARNING] Zip resource converted to folder || files=6 | note=files not listed in meta.xml are not copied; recover them from the trash zip if needed | originalZip=moved to resources-cache/trash | resource=votemanager | wasRunning=false
[2026-09-09 11:11:32] [WARNING] Zip resource converted to folder || files=12 | note=files not listed in meta.xml are not copied; recover them from the trash zip if needed | originalZip=moved to resources-cache/trash | resource=webadmin | wasRunning=false
[2026-09-09 11:11:32] [WARNING] Zip resource converted to folder || files=4 | note=files not listed in meta.xml are not copied; recover them from the trash zip if needed | originalZip=moved to resources-cache/trash | resource=webbrowser | wasRunning=false
[2026-09-09 11:11:33] [WARNING] Zip resource converted to folder || files=7 | note=files not listed in meta.xml are not copied; recover them from the trash zip if needed | originalZip=moved to resources-cache/trash | resource=webmap | wasRunning=false
[2026-09-09 11:11:33] [WARNING] Zip resource converted to folder || files=6 | note=files not listed in meta.xml are not copied; recover them from the trash zip if needed | originalZip=moved to resources-cache/trash | resource=webstats | wasRunning=false
[2026-09-09 11:11:33] [INFO] Zip conversion pass || converted=77 | details=glue: copy failed for '[!config]**/Sh*.lua' (cannot open :glue/[!config]**/Sh*.lua), original untouched; internetradio: copy failed for 'config/Sh*.lua' (cannot open :internetradio/config/Sh*.lua), original untouched | failed=2
[2026-09-09 11:11:36] [INFO] Static scan complete || client=603 | clientTriggers=202 | compiled=0 | dynamicTriggers=37 | errors=0 | fileAccess=true | remoteEvents=212 | resources=129 | server=295 | shared=124 | unreadable=29
[2026-09-09 11:11:36] [WARNING] Remote-triggerable server events with no client caller anywhere (attack surface) || count=26 | events=givetheguns@stealth, missionTimerActivated@stealth, nova:giveWeapon@nova_panel, nova:onLogin@nova_chat, nova:setSkin@nova_panel, nova:setTime@nova_panel, nova:setWanted@nova_panel, nova:setWeather@nova_panel, nova:spawnVehicle@nova_panel, nova:teleport@nova_panel, onDgsComboBoxSelect-C@dgs, onDgsEditAccepted-C@dgs, onDgsTabSelect-C@dgs, onDgsTextChange-C@dgs, onPlayerKillMessage@stealth, onPlayerReady@briefcaserace, onRadioBatteryUpdate@red, onRadioChannelChangeRequest@red, onRadioConfigRequest@red, onRadioConfigResponse@red, onRadioFrequencyChangeRequest@red, onRadioPowerToggle@red, onRadioVolumeChange@red, onServerCall@gps, phone:contact:favorite@aura_phone_release, phone:messages:markRead@aura_phone_release
[2026-09-09 11:11:36] [INFO] Resource instrumented || backup=:acpanel/meta.xml.sentinel.bak | resource=acpanel
[2026-09-09 11:11:36] [INFO] Resource instrumented || backup=:admin/meta.xml.sentinel.bak | resource=admin
[2026-09-09 11:11:36] [INFO] Resource instrumented || backup=:ajax/meta.xml.sentinel.bak | resource=ajax
[2026-09-09 11:11:36] [INFO] Resource instrumented || backup=:assault/meta.xml.sentinel.bak | resource=assault
[2026-09-09 11:11:36] [INFO] Resource instrumented || backup=:briefcase/meta.xml.sentinel.bak | resource=briefcase
[2026-09-09 11:11:36] [INFO] Resource instrumented || backup=:briefcaserace/meta.xml.sentinel.bak | resource=briefcaserace
[2026-09-09 11:11:36] [INFO] Resource instrumented || backup=:chatmanager/meta.xml.sentinel.bak | resource=chatmanager
[2026-09-09 11:11:36] [INFO] Resource instrumented || backup=:ctf/meta.xml.sentinel.bak | resource=ctf
[2026-09-09 11:11:36] [INFO] Resource instrumented || backup=:ctv/meta.xml.sentinel.bak | resource=ctv
[2026-09-09 11:11:36] [INFO] Resource instrumented || backup=:deathmatch/meta.xml.sentinel.bak | resource=deathmatch
[2026-09-09 11:11:36] [INFO] Resource instrumented || backup=:deathmessages/meta.xml.sentinel.bak | resource=deathmessages
[2026-09-09 11:11:36] [INFO] Resource instrumented || backup=:deathpickups/meta.xml.sentinel.bak | resource=deathpickups
[2026-09-09 11:11:36] [INFO] Resource instrumented || backup=:defaultstats/meta.xml.sentinel.bak | resource=defaultstats
[2026-09-09 11:11:36] [INFO] Resource instrumented || backup=:dialogs/meta.xml.sentinel.bak | resource=dialogs
[2026-09-09 11:11:36] [INFO] Resource instrumented || backup=:easytext/meta.xml.sentinel.bak | resource=easytext
[2026-09-09 11:11:36] [INFO] Resource instrumented || backup=:edf/meta.xml.sentinel.bak | resource=edf
[2026-09-09 11:11:36] [INFO] Resource instrumented || backup=:editor/meta.xml.sentinel.bak | resource=editor
[2026-09-09 11:11:36] [INFO] Resource instrumented || backup=:editor_gui/meta.xml.sentinel.bak | resource=editor_gui
[2026-09-09 11:11:36] [INFO] Resource instrumented || backup=:editor_main/meta.xml.sentinel.bak | resource=editor_main
[2026-09-09 11:11:36] [INFO] Resource instrumented || backup=:elementbrowser/meta.xml.sentinel.bak | resource=elementbrowser
[2026-09-09 11:11:36] [INFO] Resource instrumented || backup=:fallout/meta.xml.sentinel.bak | resource=fallout
[2026-09-09 11:11:36] [INFO] Resource instrumented || backup=:fastrope/meta.xml.sentinel.bak | resource=fastrope
[2026-09-09 11:11:36] [INFO] Resource instrumented || backup=:freecam/meta.xml.sentinel.bak | resource=freecam
[2026-09-09 11:11:36] [INFO] Resource instrumented || backup=:gps/meta.xml.sentinel.bak | resource=gps
[2026-09-09 11:11:36] [INFO] Resource instrumented || backup=:hay/meta.xml.sentinel.bak | resource=hay
[2026-09-09 11:11:36] [INFO] Resource instrumented || backup=:headshot/meta.xml.sentinel.bak | resource=headshot
[2026-09-09 11:11:36] [INFO] Resource instrumented || backup=:hedit/meta.xml.sentinel.bak | resource=hedit
[2026-09-09 11:11:36] [INFO] Resource instrumented || backup=:helpmanager/meta.xml.sentinel.bak | resource=helpmanager
[2026-09-09 11:11:36] [INFO] Resource instrumented || backup=:interiors/meta.xml.sentinel.bak | resource=interiors
[2026-09-09 11:11:36] [INFO] Resource instrumented || backup=:ipb/meta.xml.sentinel.bak | resource=ipb
[2026-09-09 11:11:36] [INFO] Resource instrumented || backup=:joinquit/meta.xml.sentinel.bak | resource=joinquit
[2026-09-09 11:11:36] [INFO] Resource instrumented || backup=:killmessages/meta.xml.sentinel.bak | resource=killmessages
[2026-09-09 11:11:36] [INFO] Resource instrumented || backup=:mapcycler/meta.xml.sentinel.bak | resource=mapcycler
[2026-09-09 11:11:36] [INFO] Resource instrumented || backup=:mapfixes/meta.xml.sentinel.bak | resource=mapfixes
[2026-09-09 11:11:36] [INFO] Resource instrumented || backup=:maplimits/meta.xml.sentinel.bak | resource=maplimits
[2026-09-09 11:11:36] [INFO] Resource instrumented || backup=:mapmanager/meta.xml.sentinel.bak | resource=mapmanager
[2026-09-09 11:11:36] [INFO] Resource instrumented || backup=:mapratings/meta.xml.sentinel.bak | resource=mapratings
[2026-09-09 11:11:36] [INFO] Resource instrumented || backup=:missiontimer/meta.xml.sentinel.bak | resource=missiontimer
[2026-09-09 11:11:36] [INFO] Resource instrumented || backup=:move_cursor/meta.xml.sentinel.bak | resource=move_cursor
[2026-09-09 11:11:36] [INFO] Resource instrumented || backup=:move_freecam/meta.xml.sentinel.bak | resource=move_freecam
[2026-09-09 11:11:36] [INFO] Resource instrumented || backup=:move_keyboard/meta.xml.sentinel.bak | resource=move_keyboard
[2026-09-09 11:11:36] [INFO] Resource instrumented || backup=:msgbox/meta.xml.sentinel.bak | resource=msgbox
[2026-09-09 11:11:36] [INFO] Resource instrumented || backup=:parachute/meta.xml.sentinel.bak | resource=parachute
[2026-09-09 11:11:36] [INFO] Resource instrumented || backup=:parachute2/meta.xml.sentinel.bak | resource=parachute2
[2026-09-09 11:11:36] [INFO] Resource instrumented || backup=:performancebrowser/meta.xml.sentinel.bak | resource=performancebrowser
[2026-09-09 11:11:36] [INFO] Resource instrumented || backup=:pickuphandler/meta.xml.sentinel.bak | resource=pickuphandler
[2026-09-09 11:11:36] [INFO] Resource instrumented || backup=:play/meta.xml.sentinel.bak | resource=play
[2026-09-09 11:11:36] [INFO] Resource instrumented || backup=:playerblips/meta.xml.sentinel.bak | resource=playerblips
[2026-09-09 11:11:36] [INFO] Resource instrumented || backup=:playercolors/meta.xml.sentinel.bak | resource=playercolors
[2026-09-09 11:11:36] [INFO] Resource instrumented || backup=:race/meta.xml.sentinel.bak | resource=race
[2026-09-09 11:31:48] [INFO] Logger initialised || debug=false | file=logs/sentinel.log | level=INFO | mode=BALANCED
[2026-09-09 11:31:48] [INFO] Movement sampler started || batch=40 | interval=500
[2026-09-09 11:31:48] [WARNING] Previous SentinelAC session did not shut down cleanly (server crash, kill or forced restart)
[2026-09-09 11:31:48] [INFO] Resource guard active || critical=0 | restartPolicy=CRITICAL_ONLY | trusted=3
[2026-09-09 11:31:50] [INFO] Static scan complete || client=305 | clientTriggers=142 | compiled=0 | dynamicTriggers=17 | errors=0 | fileAccess=true | remoteEvents=148 | resources=205 | server=259 | shared=35 | unreadable=10
[2026-09-09 11:31:50] [WARNING] Remote-triggerable server events with no client caller anywhere (attack surface) || count=6 | events=givetheguns@stealth, missionTimerActivated@stealth, onPlayerKillMessage@stealth, onPlayerReady@briefcaserace, onPostFinish@race_racewar, onServerCall_rw@race_racewar
[2026-09-09 11:31:50] [INFO] Firewall active || hookedEvents=45 | learnedEvents=0 | mode=LEARN
[2026-09-09 11:31:50] [INFO] Native AC hooks || eventThreshold=true | invalidEvent=true
[2026-09-09 11:31:50] [INFO] Resource instrumented || backup=:acpanel/meta.xml.sentinel.bak | resource=acpanel
[2026-09-09 11:31:50] [INFO] Resource instrumented || backup=:admin/meta.xml.sentinel.bak | resource=admin
[2026-09-09 11:31:50] [INFO] Resource instrumented || backup=:admin2/meta.xml.sentinel.bak | resource=admin2
[2026-09-09 11:31:50] [INFO] Resource instrumented || backup=:ajax/meta.xml.sentinel.bak | resource=ajax
[2026-09-09 11:31:50] [INFO] Resource instrumented || backup=:as-area51/meta.xml.sentinel.bak | resource=as-area51
[2026-09-09 11:31:50] [INFO] Resource instrumented || backup=:as-cliff/meta.xml.sentinel.bak | resource=as-cliff
[2026-09-09 11:31:50] [INFO] Resource instrumented || backup=:as-dam/meta.xml.sentinel.bak | resource=as-dam
[2026-09-09 11:31:50] [INFO] Resource instrumented || backup=:as-docks/meta.xml.sentinel.bak | resource=as-docks
[2026-09-09 11:31:50] [INFO] Resource instrumented || backup=:as-heist/meta.xml.sentinel.bak | resource=as-heist
[2026-09-09 11:31:50] [INFO] Resource instrumented || backup=:as-sharks/meta.xml.sentinel.bak | resource=as-sharks
[2026-09-09 11:31:50] [INFO] Resource instrumented || backup=:as-ship/meta.xml.sentinel.bak | resource=as-ship
[2026-09-09 11:31:50] [INFO] Resource instrumented || backup=:as-supermarket/meta.xml.sentinel.bak | resource=as-supermarket
[2026-09-09 11:31:50] [INFO] Resource instrumented || backup=:assault/meta.xml.sentinel.bak | resource=assault
[2026-09-09 11:31:50] [INFO] Resource instrumented || backup=:br-sf/meta.xml.sentinel.bak | resource=br-sf
[2026-09-09 11:31:50] [INFO] Resource instrumented || backup=:br-sf-autoteams/meta.xml.sentinel.bak | resource=br-sf-autoteams
[2026-09-09 11:31:50] [INFO] Resource instrumented || backup=:br-sf-teams/meta.xml.sentinel.bak | resource=br-sf-teams
[2026-09-09 11:31:50] [INFO] Resource instrumented || backup=:briefcase/meta.xml.sentinel.bak | resource=briefcase
[2026-09-09 11:31:50] [INFO] Resource instrumented || backup=:briefcaserace/meta.xml.sentinel.bak | resource=briefcaserace
[2026-09-09 11:31:50] [INFO] Resource instrumented || backup=:chatmanager/meta.xml.sentinel.bak | resource=chatmanager
[2026-09-09 11:31:50] [INFO] Resource instrumented || backup=:ctf/meta.xml.sentinel.bak | resource=ctf
[2026-09-09 11:31:50] [INFO] Resource instrumented || backup=:ctf-bombsite/meta.xml.sentinel.bak | resource=ctf-bombsite
[2026-09-09 11:31:50] [INFO] Resource instrumented || backup=:ctf-canals/meta.xml.sentinel.bak | resource=ctf-canals
[2026-09-09 11:31:50] [INFO] Resource instrumented || backup=:ctf-csitaly/meta.xml.sentinel.bak | resource=ctf-csitaly
[2026-09-09 11:31:50] [INFO] Resource instrumented || backup=:ctf-goldcove/meta.xml.sentinel.bak | resource=ctf-goldcove
[2026-09-09 11:31:50] [INFO] Resource instrumented || backup=:ctf-hideout_z/meta.xml.sentinel.bak | resource=ctf-hideout_z
[2026-09-09 11:31:50] [INFO] Resource instrumented || backup=:ctf-hydrastrike/meta.xml.sentinel.bak | resource=ctf-hydrastrike
[2026-09-09 11:31:50] [INFO] Resource instrumented || backup=:ctf-sewer/meta.xml.sentinel.bak | resource=ctf-sewer
[2026-09-09 11:31:50] [INFO] Resource instrumented || backup=:ctf-tbd/meta.xml.sentinel.bak | resource=ctf-tbd
[2026-09-09 11:31:50] [INFO] Resource instrumented || backup=:ctv/meta.xml.sentinel.bak | resource=ctv
[2026-09-09 11:31:50] [INFO] Resource instrumented || backup=:ctv-ls/meta.xml.sentinel.bak | resource=ctv-ls
[2026-09-09 11:31:50] [INFO] Resource instrumented || backup=:ctv-smalltownrumble/meta.xml.sentinel.bak | resource=ctv-smalltownrumble
[2026-09-09 11:31:50] [INFO] Resource instrumented || backup=:deathmatch/meta.xml.sentinel.bak | resource=deathmatch
[2026-09-09 11:31:50] [INFO] Resource instrumented || backup=:deathmessages/meta.xml.sentinel.bak | resource=deathmessages
[2026-09-09 11:31:50] [INFO] Resource instrumented || backup=:deathpickups/meta.xml.sentinel.bak | resource=deathpickups
[2026-09-09 11:31:50] [INFO] Resource instrumented || backup=:defaultstats/meta.xml.sentinel.bak | resource=defaultstats
[2026-09-09 11:31:50] [INFO] Resource instrumented || backup=:dialogs/meta.xml.sentinel.bak | resource=dialogs
[2026-09-09 11:31:50] [INFO] Resource instrumented || backup=:dm-arena1/meta.xml.sentinel.bak | resource=dm-arena1
[2026-09-09 11:31:50] [INFO] Resource instrumented || backup=:dm-canals/meta.xml.sentinel.bak | resource=dm-canals
[2026-09-09 11:31:50] [INFO] Resource instrumented || backup=:dm-port69/meta.xml.sentinel.bak | resource=dm-port69
[2026-09-09 11:31:50] [INFO] Resource instrumented || backup=:dm-smallville/meta.xml.sentinel.bak | resource=dm-smallville
[2026-09-09 11:31:50] [INFO] Resource instrumented || backup=:easytext/meta.xml.sentinel.bak | resource=easytext
[2026-09-09 11:31:50] [INFO] Resource instrumented || backup=:edf/meta.xml.sentinel.bak | resource=edf
[2026-09-09 11:31:50] [INFO] Resource instrumented || backup=:editor/meta.xml.sentinel.bak | resource=editor
[2026-09-09 11:31:50] [INFO] Resource instrumented || backup=:editor_gui/meta.xml.sentinel.bak | resource=editor_gui
[2026-09-09 11:31:50] [INFO] Resource instrumented || backup=:editor_main/meta.xml.sentinel.bak | resource=editor_main
[2026-09-09 11:31:50] [INFO] Resource instrumented || backup=:elementbrowser/meta.xml.sentinel.bak | resource=elementbrowser
[2026-09-09 11:31:50] [INFO] Resource instrumented || backup=:fallout/meta.xml.sentinel.bak | resource=fallout
[2026-09-09 11:31:50] [INFO] Resource instrumented || backup=:fastrope/meta.xml.sentinel.bak | resource=fastrope
[2026-09-09 11:31:50] [INFO] Resource instrumented || backup=:freecam/meta.xml.sentinel.bak | resource=freecam
[2026-09-09 11:31:50] [INFO] Resource instrumented || backup=:freeroam/meta.xml.sentinel.bak | resource=freeroam
[2026-09-09 11:31:50] [INFO] Resource instrumented || backup=:glue/meta.xml.sentinel.bak | resource=glue
[2026-09-09 11:31:50] [INFO] Resource instrumented || backup=:gps/meta.xml.sentinel.bak | resource=gps
[2026-09-09 11:31:50] [INFO] Resource instrumented || backup=:hay/meta.xml.sentinel.bak | resource=hay
[2026-09-09 11:31:50] [INFO] Resource instrumented || backup=:headshot/meta.xml.sentinel.bak | resource=headshot
[2026-09-09 11:31:50] [INFO] Resource instrumented || backup=:hedit/meta.xml.sentinel.bak | resource=hedit
[2026-09-09 11:31:50] [INFO] Resource instrumented || backup=:helpmanager/meta.xml.sentinel.bak | resource=helpmanager
[2026-09-09 11:31:50] [INFO] Resource instrumented || backup=:interiors/meta.xml.sentinel.bak | resource=interiors
[2026-09-09 11:31:50] [INFO] Resource instrumented || backup=:internetradio/meta.xml.sentinel.bak | resource=internetradio
[2026-09-09 11:31:50] [INFO] Resource instrumented || backup=:ip2c/meta.xml.sentinel.bak | resource=ip2c
[2026-09-09 11:31:50] [INFO] Resource instrumented || backup=:ipb/meta.xml.sentinel.bak | resource=ipb
[2026-09-09 11:31:50] [INFO] Resource instrumented || backup=:joinquit/meta.xml.sentinel.bak | resource=joinquit
[2026-09-09 11:31:50] [INFO] Resource instrumented || backup=:killmessages/meta.xml.sentinel.bak | resource=killmessages
[2026-09-09 11:31:50] [INFO] Resource instrumented || backup=:mapcycler/meta.xml.sentinel.bak | resource=mapcycler
[2026-09-09 11:31:50] [INFO] Resource instrumented || backup=:mapfixes/meta.xml.sentinel.bak | resource=mapfixes
[2026-09-09 11:31:50] [INFO] Resource instrumented || backup=:maplimits/meta.xml.sentinel.bak | resource=maplimits
[2026-09-09 11:31:50] [INFO] Resource instrumented || backup=:mapmanager/meta.xml.sentinel.bak | resource=mapmanager
[2026-09-09 11:31:50] [INFO] Resource instrumented || backup=:mapratings/meta.xml.sentinel.bak | resource=mapratings
[2026-09-09 11:31:50] [INFO] Resource instrumented || backup=:missiontimer/meta.xml.sentinel.bak | resource=missiontimer
[2026-09-09 11:31:50] [INFO] Resource instrumented || backup=:move_cursor/meta.xml.sentinel.bak | resource=move_cursor
[2026-09-09 11:31:50] [INFO] Resource instrumented || backup=:move_freecam/meta.xml.sentinel.bak | resource=move_freecam
[2026-09-09 11:31:50] [INFO] Resource instrumented || backup=:move_keyboard/meta.xml.sentinel.bak | resource=move_keyboard
[2026-09-09 11:31:50] [INFO] Resource instrumented || backup=:msgbox/meta.xml.sentinel.bak | resource=msgbox
[2026-09-09 11:31:50] [INFO] Resource instrumented || backup=:parachute/meta.xml.sentinel.bak | resource=parachute
[2026-09-09 11:31:50] [INFO] Resource instrumented || backup=:parachute2/meta.xml.sentinel.bak | resource=parachute2
[2026-09-09 11:31:50] [INFO] Resource instrumented || backup=:performancebrowser/meta.xml.sentinel.bak | resource=performancebrowser
[2026-09-09 11:31:50] [INFO] Resource instrumented || backup=:pickuphandler/meta.xml.sentinel.bak | resource=pickuphandler
[2026-09-09 11:31:50] [INFO] Resource instrumented || backup=:play/meta.xml.sentinel.bak | resource=play
[2026-09-09 11:31:50] [INFO] Resource instrumented || backup=:playerblips/meta.xml.sentinel.bak | resource=playerblips
[2026-09-09 11:31:50] [INFO] Resource instrumented || backup=:playercolors/meta.xml.sentinel.bak | resource=playercolors
[2026-09-09 11:31:50] [INFO] Resource instrumented || backup=:race/meta.xml.sentinel.bak | resource=race
[2026-09-09 11:31:50] [INFO] Resource instrumented || backup=:race-10laphotring/meta.xml.sentinel.bak | resource=race-10laphotring
[2026-09-09 11:31:50] [INFO] Resource instrumented || backup=:race-3lapdirtring/meta.xml.sentinel.bak | resource=race-3lapdirtring
[2026-09-09 11:31:50] [INFO] Resource instrumented || backup=:race-5lap8track/meta.xml.sentinel.bak | resource=race-5lap8track
[2026-09-09 11:31:50] [INFO] Resource instrumented || backup=:race-airportdogfight/meta.xml.sentinel.bak | resource=race-airportdogfight
[2026-09-09 11:31:50] [INFO] Resource instrumented || backup=:race-airportspeedway/meta.xml.sentinel.bak | resource=race-airportspeedway
[2026-09-09 11:31:50] [INFO] Resource instrumented || backup=:race-apacheassault/meta.xml.sentinel.bak | resource=race-apacheassault
[2026-09-09 11:31:50] [INFO] Resource instrumented || backup=:race-awalkinthepark/meta.xml.sentinel.bak | resource=race-awalkinthepark
[2026-09-09 11:31:50] [INFO] Resource instrumented || backup=:race-badlandsblastaround/meta.xml.sentinel.bak | resource=race-badlandsblastaround
[2026-09-09 11:31:50] [INFO] Resource instrumented || backup=:race-bandito/meta.xml.sentinel.bak | resource=race-bandito
[2026-09-09 11:31:50] [INFO] Resource instrumented || backup=:race-bayareacircuit/meta.xml.sentinel.bak | resource=race-bayareacircuit
[2026-09-09 11:31:50] [INFO] Resource instrumented || backup=:race-bloodring/meta.xml.sentinel.bak | resource=race-bloodring
[2026-09-09 11:31:50] [INFO] Resource instrumented || backup=:race-blowthedam/meta.xml.sentinel.bak | resource=race-blowthedam
[2026-09-09 11:31:50] [INFO] Resource instrumented || backup=:race-boatingblastaround/meta.xml.sentinel.bak | resource=race-boatingblastaround
[2026-09-09 11:31:50] [INFO] Resource instrumented || backup=:race-bobcatblastaround/meta.xml.sentinel.bak | resource=race-bobcatblastaround
[2026-09-09 11:31:50] [INFO] Resource instrumented || backup=:race-break/meta.xml.sentinel.bak | resource=race-break
[2026-09-09 11:31:50] [INFO] Resource instrumented || backup=:race-chiliadclimb/meta.xml.sentinel.bak | resource=race-chiliadclimb
[2026-09-09 11:31:50] [INFO] Resource instrumented || backup=:race-chrmleasy/meta.xml.sentinel.bak | resource=race-chrmleasy
[2026-09-09 11:31:50] [INFO] Resource instrumented || backup=:race-chrmlhard/meta.xml.sentinel.bak | resource=race-chrmlhard
[2026-09-09 11:31:50] [INFO] Resource instrumented || backup=:race-degenerationofx/meta.xml.sentinel.bak | resource=race-degenerationofx
[2026-09-09 11:31:50] [INFO] Resource instrumented || backup=:race-desertdogfight/meta.xml.sentinel.bak | resource=race-desertdogfight
[2026-09-09 11:31:50] [INFO] Resource instrumented || backup=:race-destructionderby/meta.xml.sentinel.bak | resource=race-destructionderby
[2026-09-09 11:31:50] [INFO] Resource instrumented || backup=:race-dockbikes/meta.xml.sentinel.bak | resource=race-dockbikes
[2026-09-09 11:31:50] [INFO] Resource instrumented || backup=:race-docksideblastaround/meta.xml.sentinel.bak | resource=race-docksideblastaround
[2026-09-09 11:31:50] [INFO] Resource instrumented || backup=:race-drift/meta.xml.sentinel.bak | resource=race-drift
[2026-09-09 11:31:50] [INFO] Resource instrumented || backup=:race-driftcity/meta.xml.sentinel.bak | resource=race-driftcity
[2026-09-09 11:31:50] [INFO] Resource instrumented || backup=:race-dunebuggy/meta.xml.sentinel.bak | resource=race-dunebuggy
[2026-09-09 11:31:50] [INFO] Resource instrumented || backup=:race-errand/meta.xml.sentinel.bak | resource=race-errand
[2026-09-09 11:31:50] [INFO] Resource instrumented || backup=:race-farewellmylove/meta.xml.sentinel.bak | resource=race-farewellmylove
[2026-09-09 11:31:50] [INFO] Resource instrumented || backup=:race-farm2city/meta.xml.sentinel.bak | resource=race-farm2city
[2026-09-09 11:31:50] [INFO] Resource instrumented || backup=:race-findthecock/meta.xml.sentinel.bak | resource=race-findthecock
[2026-09-09 11:31:50] [INFO] Resource instrumented || backup=:race-freeroam/meta.xml.sentinel.bak | resource=race-freeroam
[2026-09-09 11:31:50] [INFO] Resource instrumented || backup=:race-highnoon/meta.xml.sentinel.bak | resource=race-highnoon
[2026-09-09 11:31:50] [INFO] Resource instrumented || backup=:race-homeinthehills/meta.xml.sentinel.bak | resource=race-homeinthehills
[2026-09-09 11:31:50] [INFO] Resource instrumented || backup=:race-hotroute/meta.xml.sentinel.bak | resource=race-hotroute
[2026-09-09 11:31:50] [INFO] Resource instrumented || backup=:race-hydrarace/meta.xml.sentinel.bak | resource=race-hydrarace
[2026-09-09 11:31:50] [INFO] Resource instrumented || backup=:race-island/meta.xml.sentinel.bak | resource=race-island
[2026-09-09 11:31:50] [INFO] Resource instrumented || backup=:race-justanotherbikerace/meta.xml.sentinel.bak | resource=race-justanotherbikerace
[2026-09-09 11:31:50] [INFO] Resource instrumented || backup=:race-longwayround/meta.xml.sentinel.bak | resource=race-longwayround
[2026-09-09 11:31:50] [INFO] Resource instrumented || backup=:race-lsairport/meta.xml.sentinel.bak | resource=race-lsairport
[2026-09-09 11:31:50] [INFO] Resource instrumented || backup=:race-lstrenches/meta.xml.sentinel.bak | resource=race-lstrenches
[2026-09-09 11:31:50] [INFO] Resource instrumented || backup=:race-lvsprint/meta.xml.sentinel.bak | resource=race-lvsprint
[2026-09-09 11:31:50] [INFO] Resource instrumented || backup=:race-midairmayhem/meta.xml.sentinel.bak | resource=race-midairmayhem
[2026-09-09 11:31:50] [INFO] Resource instrumented || backup=:race-miniputt/meta.xml.sentinel.bak | resource=race-miniputt
[2026-09-09 11:31:50] [INFO] Resource instrumented || backup=:race-monsterblastaround/meta.xml.sentinel.bak | resource=race-monsterblastaround
[2026-09-09 11:31:50] [INFO] Resource instrumented || backup=:race-mx_sky/meta.xml.sentinel.bak | resource=race-mx_sky
[2026-09-09 11:31:50] [INFO] Resource instrumented || backup=:race-offroadblastaround/meta.xml.sentinel.bak | resource=race-offroadblastaround
[2026-09-09 11:31:50] [INFO] Resource instrumented || backup=:race-predatorzone/meta.xml.sentinel.bak | resource=race-predatorzone
[2026-09-09 11:31:50] [INFO] Resource instrumented || backup=:race-quarryrun/meta.xml.sentinel.bak | resource=race-quarryrun
[2026-09-09 11:31:50] [INFO] Resource instrumented || backup=:race-rcairwar/meta.xml.sentinel.bak | resource=race-rcairwar
[2026-09-09 11:31:50] [INFO] Resource instrumented || backup=:race-rcwarz/meta.xml.sentinel.bak | resource=race-rcwarz
[2026-09-09 11:31:50] [INFO] Resource instrumented || backup=:race-runway69/meta.xml.sentinel.bak | resource=race-runway69
[2026-09-09 11:31:50] [INFO] Resource instrumented || backup=:race-rustlerrampage/meta.xml.sentinel.bak | resource=race-rustlerrampage
[2026-09-09 11:31:50] [INFO] Resource instrumented || backup=:race-sandking/meta.xml.sentinel.bak | resource=race-sandking
[2026-09-09 11:31:50] [INFO] Resource instrumented || backup=:race-santosdrive/meta.xml.sentinel.bak | resource=race-santosdrive
[2026-09-09 11:31:50] [INFO] Resource instrumented || backup=:race-seadragon/meta.xml.sentinel.bak | resource=race-seadragon
[2026-09-09 11:31:50] [INFO] Resource instrumented || backup=:race-seahunter/meta.xml.sentinel.bak | resource=race-seahunter
[2026-09-09 11:31:50] [INFO] Resource instrumented || backup=:race-searustler/meta.xml.sentinel.bak | resource=race-searustler
[2026-09-09 11:31:50] [INFO] Resource instrumented || backup=:race-sewers/meta.xml.sentinel.bak | resource=race-sewers
[2026-09-09 11:31:50] [INFO] Resource instrumented || backup=:race-sfbynight/meta.xml.sentinel.bak | resource=race-sfbynight
[2026-09-09 11:31:50] [INFO] Resource instrumented || backup=:race-smugglersrun/meta.xml.sentinel.bak | resource=race-smugglersrun
[2026-09-09 11:31:50] [INFO] Resource instrumented || backup=:race-sparrowstorm/meta.xml.sentinel.bak | resource=race-sparrowstorm
[2026-09-09 11:31:50] [INFO] Resource instrumented || backup=:race-specialdelivery/meta.xml.sentinel.bak | resource=race-specialdelivery
[2026-09-09 11:31:50] [INFO] Resource instrumented || backup=:race-speedforweed/meta.xml.sentinel.bak | resource=race-speedforweed
[2026-09-09 11:31:50] [INFO] Resource instrumented || backup=:race-squalorace/meta.xml.sentinel.bak | resource=race-squalorace
[2026-09-09 11:31:50] [INFO] Resource instrumented || backup=:race-stunt/meta.xml.sentinel.bak | resource=race-stunt
[2026-09-09 11:31:50] [INFO] Resource instrumented || backup=:race-suburbanspeedway/meta.xml.sentinel.bak | resource=race-suburbanspeedway
[2026-09-09 11:31:50] [INFO] Resource instrumented || backup=:race-superhydrarace/meta.xml.sentinel.bak | resource=race-superhydrarace
[2026-09-09 11:31:50] [INFO] Resource instrumented || backup=:race-technicalitch/meta.xml.sentinel.bak | resource=race-technicalitch
[2026-09-09 11:31:50] [INFO] Resource instrumented || backup=:race-thepanopticon/meta.xml.sentinel.bak | resource=race-thepanopticon
[2026-09-09 11:31:50] [INFO] Resource instrumented || backup=:race-vinewoodblastaround/meta.xml.sentinel.bak | resource=race-vinewoodblastaround
[2026-09-09 11:31:50] [INFO] Resource instrumented || backup=:race-wuzimu/meta.xml.sentinel.bak | resource=race-wuzimu
[2026-09-09 11:31:50] [INFO] Resource instrumented || backup=:race_carfade/meta.xml.sentinel.bak | resource=race_carfade
[2026-09-09 11:31:50] [INFO] Resource instrumented || backup=:race_delay_indicator/meta.xml.sentinel.bak | resource=race_delay_indicator
[2026-09-09 11:31:50] [INFO] Resource instrumented || backup=:race_ghost/meta.xml.sentinel.bak | resource=race_ghost
[2026-09-09 11:31:50] [INFO] Resource instrumented || backup=:race_nos/meta.xml.sentinel.bak | resource=race_nos
[2026-09-09 11:31:50] [INFO] Resource instrumented || backup=:race_racewar/meta.xml.sentinel.bak | resource=race_racewar
[2026-09-09 11:31:50] [INFO] Resource instrumented || backup=:race_toptimes/meta.xml.sentinel.bak | resource=race_toptimes
[2026-09-09 11:31:50] [INFO] Resource instrumented || backup=:race_traffic_sensor/meta.xml.sentinel.bak | resource=race_traffic_sensor
[2026-09-09 11:31:50] [INFO] Resource instrumented || backup=:race_voicepack/meta.xml.sentinel.bak | resource=race_voicepack
[2026-09-09 11:31:50] [INFO] Resource instrumented || backup=:realdriveby/meta.xml.sentinel.bak | resource=realdriveby
[2026-09-09 11:31:50] [INFO] Resource instrumented || backup=:reload/meta.xml.sentinel.bak | resource=reload
[2026-09-09 11:31:50] [INFO] Resource instrumented || backup=:resourcebrowser/meta.xml.sentinel.bak | resource=resourcebrowser
[2026-09-09 11:31:50] [INFO] Resource instrumented || backup=:resourcemanager/meta.xml.sentinel.bak | resource=resourcemanager
[2026-09-09 11:31:50] [INFO] Resource instrumented || backup=:runcode/meta.xml.sentinel.bak | resource=runcode
[2026-09-09 11:31:50] [INFO] Resource instrumented || backup=:rustlerbombs/meta.xml.sentinel.bak | resource=rustlerbombs
[2026-09-09 11:31:50] [INFO] Resource instrumented || backup=:scoreboard/meta.xml.sentinel.bak | resource=scoreboard
[2026-09-09 11:31:50] [INFO] Resource instrumented || backup=:scores/meta.xml.sentinel.bak | resource=scores
[2026-09-09 11:31:50] [INFO] Resource instrumented || backup=:security/meta.xml.sentinel.bak | resource=security
[2026-09-09 11:31:50] [INFO] Resource instrumented || backup=:sfxbrowser/meta.xml.sentinel.bak | resource=sfxbrowser
[2026-09-09 11:31:50] [INFO] Resource instrumented || backup=:sirenEdit/meta.xml.sentinel.bak | resource=sirenEdit
[2026-09-09 11:31:50] [INFO] Resource instrumented || backup=:spawnmanager/meta.xml.sentinel.bak | resource=spawnmanager
[2026-09-09 11:31:50] [INFO] Resource instrumented || backup=:speedometer/meta.xml.sentinel.bak | resource=speedometer
[2026-09-09 11:31:50] [INFO] Resource instrumented || backup=:stealth/meta.xml.sentinel.bak | resource=stealth
[2026-09-09 11:31:50] [INFO] Resource instrumented || backup=:sth-carrier/meta.xml.sentinel.bak | resource=sth-carrier
[2026-09-09 11:31:50] [INFO] Resource instrumented || backup=:sth-chinatown/meta.xml.sentinel.bak | resource=sth-chinatown
[2026-09-09 11:31:50] [INFO] Resource instrumented || backup=:sth-church/meta.xml.sentinel.bak | resource=sth-church
[2026-09-09 11:31:50] [INFO] Resource instrumented || backup=:sth-coookiepirates/meta.xml.sentinel.bak | resource=sth-coookiepirates
[2026-09-09 11:31:50] [INFO] Resource instrumented || backup=:sth-dra-park/meta.xml.sentinel.bak | resource=sth-dra-park
[2026-09-09 11:31:50] [INFO] Resource instrumented || backup=:sth-factory/meta.xml.sentinel.bak | resource=sth-factory
[2026-09-09 11:31:50] [INFO] Resource instrumented || backup=:sth-junkyard/meta.xml.sentinel.bak | resource=sth-junkyard
[2026-09-09 11:31:50] [INFO] Resource instrumented || backup=:sth-ritzy/meta.xml.sentinel.bak | resource=sth-ritzy
[2026-09-09 11:31:50] [INFO] Resource instrumented || backup=:sth-sewers/meta.xml.sentinel.bak | resource=sth-sewers
[2026-09-09 11:31:50] [INFO] Resource instrumented || backup=:sth-shopping/meta.xml.sentinel.bak | resource=sth-shopping
[2026-09-09 11:31:50] [INFO] Resource instrumented || backup=:sth-terminal/meta.xml.sentinel.bak | resource=sth-terminal
[2026-09-09 11:31:50] [INFO] Resource instrumented || backup=:sth-thebunker/meta.xml.sentinel.bak | resource=sth-thebunker
[2026-09-09 11:31:50] [INFO] Resource instrumented || backup=:superman/meta.xml.sentinel.bak | resource=superman
[2026-09-09 11:31:50] [INFO] Resource instrumented || backup=:tdm/meta.xml.sentinel.bak | resource=tdm
[2026-09-09 11:31:50] [INFO] Resource instrumented || backup=:tdma/meta.xml.sentinel.bak | resource=tdma
[2026-09-09 11:31:50] [INFO] Resource instrumented || backup=:tdma-damwars/meta.xml.sentinel.bak | resource=tdma-damwars
[2026-09-09 11:31:50] [INFO] Resource instrumented || backup=:tdma-gridlock/meta.xml.sentinel.bak | resource=tdma-gridlock
[2026-09-09 11:31:50] [INFO] Resource instrumented || backup=:tdma-medieval/meta.xml.sentinel.bak | resource=tdma-medieval
[2026-09-09 11:31:50] [INFO] Resource instrumented || backup=:tdma-nomansland/meta.xml.sentinel.bak | resource=tdma-nomansland
[2026-09-09 11:31:50] [INFO] Resource instrumented || backup=:tdma-tbd/meta.xml.sentinel.bak | resource=tdma-tbd
[2026-09-09 11:31:50] [INFO] Resource instrumented || backup=:tdma-vinewood/meta.xml.sentinel.bak | resource=tdma-vinewood
[2026-09-09 11:31:50] [INFO] Resource instrumented || backup=:teammanager/meta.xml.sentinel.bak | resource=teammanager
[2026-09-09 11:31:50] [INFO] Resource instrumented || backup=:tooltip/meta.xml.sentinel.bak | resource=tooltip
[2026-09-09 11:31:50] [INFO] Resource instrumented || backup=:trainhorn/meta.xml.sentinel.bak | resource=trainhorn
[2026-09-09 11:31:50] [INFO] Resource instrumented || backup=:visualiser/meta.xml.sentinel.bak | resource=visualiser
[2026-09-09 11:31:50] [INFO] Resource instrumented || backup=:voice/meta.xml.sentinel.bak | resource=voice
[2026-09-09 11:31:50] [INFO] Resource instrumented || backup=:voice_local/meta.xml.sentinel.bak | resource=voice_local
[2026-09-09 11:31:50] [INFO] Resource instrumented || backup=:votemanager/meta.xml.sentinel.bak | resource=votemanager
[2026-09-09 11:31:50] [INFO] Resource instrumented || backup=:webadmin/meta.xml.sentinel.bak | resource=webadmin
[2026-09-09 11:31:50] [INFO] Resource instrumented || backup=:webbrowser/meta.xml.sentinel.bak | resource=webbrowser
[2026-09-09 11:31:50] [INFO] Resource instrumented || backup=:webmap/meta.xml.sentinel.bak | resource=webmap
[2026-09-09 11:31:50] [INFO] Resource instrumented || backup=:webstats/meta.xml.sentinel.bak | resource=webstats
[2026-09-09 11:31:50] [INFO] Instrumentation pass || already=0 | changedRunning=29 | errorDetails= | errors=0 | instrumented=205 | skipped=0
[2026-09-09 11:31:50] [INFO] Instrumentation active || autoRestart=true | instrumented=205
[2026-09-09 11:31:50] [INFO] SentinelAC started || detections=Combat,EventAbuse,EventFirewall,Explosion,Fly,Injection,Integrity,Jetpack,NativeAC,NativeSD,NoClip,SpeedHack,Telemetry,Teleport,Vehicle | enabled=true | mode=BALANCED | players=0 | resource=sentinel_ac
[2026-09-09 11:31:50] [WARNING] Trusted/critical resource stopped || possibleInitiators=none observed (MTA does not expose the initiator) | resource=admin
[2026-09-09 11:31:52] [WARNING] Trusted/critical resource stopped || possibleInitiators=none observed (MTA does not expose the initiator) | resource=freeroam
[2026-09-09 11:31:52] [WARNING] Trusted/critical resource stopped || possibleInitiators=none observed (MTA does not expose the initiator) | resource=play
[2026-09-09 11:31:53] [INFO] Trusted/critical resource started || possibleInitiators=none observed (MTA does not expose the initiator) | resource=admin
[2026-09-09 11:31:54] [INFO] Trusted/critical resource started || possibleInitiators=none observed (MTA does not expose the initiator) | resource=freeroam
[2026-09-09 11:31:54] [INFO] Trusted/critical resource started || possibleInitiators=none observed (MTA does not expose the initiator) | resource=play
[2026-09-09 11:31:54] [WARNING] Instrument: resource restarted to load canary || resource=admin | success=true
[2026-09-09 11:31:54] [WARNING] Instrument: resource restarted to load canary || resource=ajax | success=true
[2026-09-09 11:31:54] [WARNING] Instrument: resource restarted to load canary || resource=chatmanager | success=true
[2026-09-09 11:31:54] [WARNING] Instrument: resource restarted to load canary || resource=defaultstats | success=true
[2026-09-09 11:31:54] [WARNING] Instrument: resource restarted to load canary || resource=freeroam | success=true
[2026-09-09 11:31:54] [WARNING] Instrument: resource restarted to load canary || resource=hedit | success=true
[2026-09-09 11:31:54] [WARNING] Instrument: resource restarted to load canary || resource=helpmanager | success=true
[2026-09-09 11:31:54] [WARNING] Instrument: resource restarted to load canary || resource=internetradio | success=true
[2026-09-09 11:31:54] [WARNING] Instrument: resource restarted to load canary || resource=ip2c | success=true
[2026-09-09 11:31:54] [WARNING] Instrument: resource restarted to load canary || resource=ipb | success=true
[2026-09-09 11:31:54] [WARNING] Instrument: resource restarted to load canary || resource=joinquit | success=true
[2026-09-09 11:31:54] [WARNING] Instrument: resource restarted to load canary || resource=mapcycler | success=true
[2026-09-09 11:31:54] [WARNING] Instrument: resource restarted to load canary || resource=mapfixes | success=true
[2026-09-09 11:31:54] [WARNING] Instrument: resource restarted to load canary || resource=mapmanager | success=true
[2026-09-09 11:31:54] [WARNING] Instrument: resource restarted to load canary || resource=parachute | success=true
[2026-09-09 11:31:54] [WARNING] Instrument: resource restarted to load canary || resource=performancebrowser | success=true
[2026-09-09 11:31:54] [WARNING] Instrument: resource restarted to load canary || resource=play | success=true
[2026-09-09 11:31:54] [WARNING] Instrument: resource restarted to load canary || resource=playerblips | success=true
[2026-09-09 11:31:54] [WARNING] Instrument: resource restarted to load canary || resource=playercolors | success=true
[2026-09-09 11:31:54] [WARNING] Instrument: resource restarted to load canary || resource=reload | success=true
[2026-09-09 11:31:54] [WARNING] Instrument: resource restarted to load canary || resource=resourcebrowser | success=true
[2026-09-09 11:31:54] [WARNING] Instrument: resource restarted to load canary || resource=resourcemanager | success=true
[2026-09-09 11:31:54] [WARNING] Instrument: resource restarted to load canary || resource=scoreboard | success=true
[2026-09-09 11:31:54] [WARNING] Instrument: resource restarted to load canary || resource=spawnmanager | success=true
[2026-09-09 11:31:54] [WARNING] Instrument: resource restarted to load canary || resource=speedometer | success=true
[2026-09-09 11:31:54] [WARNING] Instrument: resource restarted to load canary || resource=superman | success=true
[2026-09-09 11:31:54] [WARNING] Instrument: resource restarted to load canary || resource=voice | success=true
[2026-09-09 11:31:54] [WARNING] Instrument: resource restarted to load canary || resource=votemanager | success=true
[2026-09-09 11:31:54] [WARNING] Instrument: resource restarted to load canary || resource=webadmin | success=true
[2026-09-09 11:31:54] [WARNING] Trusted/critical resource stopped || possibleInitiators=none observed (MTA does not expose the initiator) | resource=admin
[2026-09-09 11:31:55] [WARNING] Trusted/critical resource stopped || possibleInitiators=none observed (MTA does not expose the initiator) | resource=freeroam
[2026-09-09 11:31:55] [WARNING] Trusted/critical resource stopped || possibleInitiators=none observed (MTA does not expose the initiator) | resource=play
[2026-09-09 11:31:55] [INFO] Trusted/critical resource started || possibleInitiators=none observed (MTA does not expose the initiator) | resource=admin
[2026-09-09 11:31:55] [INFO] Trusted/critical resource started || possibleInitiators=none observed (MTA does not expose the initiator) | resource=freeroam
[2026-09-09 11:31:55] [INFO] Trusted/critical resource started || possibleInitiators=none observed (MTA does not expose the initiator) | resource=play
[2026-09-09 11:33:51] [WARNING] Trusted/critical resource stopped || possibleInitiators=none observed (MTA does not expose the initiator) | resource=admin
[2026-09-09 11:33:59] [INFO] Trusted/critical resource started || possibleInitiators=none observed (MTA does not expose the initiator) | resource=admin
[2026-09-09 11:34:08] [CRITICAL] SentinelAC is stopping || players=0 | possibleInitiators=none observed (MTA does not expose the initiator)
[2026-09-09 11:34:08] [INFO] SentinelAC stopped
[2026-09-09 11:34:19] [INFO] Logger initialised || debug=false | file=logs/sentinel.log | level=INFO | mode=BALANCED
[2026-09-09 11:34:19] [INFO] Movement sampler started || batch=40 | interval=500
[2026-09-09 11:34:19] [INFO] SentinelAC (re)started || possibleInitiators=none observed (MTA does not expose the initiator)
[2026-09-09 11:34:19] [INFO] Resource guard active || critical=0 | restartPolicy=CRITICAL_ONLY | trusted=3
[2026-09-09 11:34:21] [INFO] Static scan complete || client=305 | clientTriggers=142 | compiled=0 | dynamicTriggers=17 | errors=0 | fileAccess=true | remoteEvents=148 | resources=205 | server=259 | shared=35 | unreadable=10
[2026-09-09 11:34:21] [WARNING] Remote-triggerable server events with no client caller anywhere (attack surface) || count=6 | events=givetheguns@stealth, missionTimerActivated@stealth, onPlayerKillMessage@stealth, onPlayerReady@briefcaserace, onPostFinish@race_racewar, onServerCall_rw@race_racewar
[2026-09-09 11:34:21] [INFO] Firewall active || hookedEvents=45 | learnedEvents=0 | mode=LEARN
[2026-09-09 11:34:21] [INFO] Native AC hooks || eventThreshold=true | invalidEvent=true
[2026-09-09 11:34:21] [INFO] Instrumentation pass || already=205 | changedRunning=0 | errorDetails= | errors=0 | instrumented=0 | skipped=0
[2026-09-09 11:34:21] [INFO] Instrumentation active || autoRestart=true | instrumented=205
[2026-09-09 11:34:21] [INFO] SentinelAC started || detections=Combat,EventAbuse,EventFirewall,Explosion,Fly,Injection,Integrity,Jetpack,NativeAC,NativeSD,NoClip,SpeedHack,Telemetry,Teleport,Vehicle | enabled=true | mode=BALANCED | players=0 | resource=sentinel_ac
[2026-09-09 11:35:06] [WARNING] Trusted/critical resource stopped || possibleInitiators=none observed (MTA does not expose the initiator) | resource=admin
[2026-09-09 11:35:07] [INFO] Trusted/critical resource started || possibleInitiators=none observed (MTA does not expose the initiator) | resource=admin
[2026-09-09 11:35:38] [WARNING] Trusted/critical resource stopped || possibleInitiators=none observed (MTA does not expose the initiator) | resource=admin
[2026-09-09 11:35:39] [INFO] Trusted/critical resource started || possibleInitiators=none observed (MTA does not expose the initiator) | resource=admin
[2026-09-09 11:35:39] [INFO] Resource instrumented || backup=:admin/meta.xml.sentinel.bak | resource=admin
[2026-09-09 11:35:41] [WARNING] Instrument: resource restarted to load canary || resource=admin | success=true
[2026-09-09 11:35:41] [WARNING] Trusted/critical resource stopped || possibleInitiators=none observed (MTA does not expose the initiator) | resource=admin
[2026-09-09 11:35:41] [INFO] Trusted/critical resource started || possibleInitiators=none observed (MTA does not expose the initiator) | resource=admin
[2026-09-09 11:36:07] [WARNING] Trusted/critical resource stopped || possibleInitiators=none observed (MTA does not expose the initiator) | resource=admin
[2026-09-09 11:36:07] [WARNING] Trusted/critical resource stopped || possibleInitiators=none observed (MTA does not expose the initiator) | resource=freeroam
[2026-09-09 11:36:07] [WARNING] Trusted/critical resource stopped || possibleInitiators=none observed (MTA does not expose the initiator) | resource=play
[2026-09-09 11:37:41] [WARNING] MTA special detection (SD) codes reported - environment indicator, not a cheat detection || acCodes= | account=guest | d3d9MD5= | d3d9Size=0 | name=XRAOUF?! | sdCodes=15 | serial=6C8E003524821577A204631FE09CE344
[2026-09-09 11:37:41] [DETECTION] Evidence || account=guest | detection=NativeSD | name=XRAOUF?! | samples=[ [ { "p": 2, "t": 862821, "g": 0, "v": "0.000,0.000,0.000", "y": 0, "x": 0, "z": 0, "st": "NORMAL", "veh": 0 } ] ] | serial=6C8E003524821577A204631FE09CE344
[2026-09-09 11:37:41] [DETECTION] Detection: NativeSD || account=guest | action=LOG | codes=15 | confidence=52 | detection=NativeSD | dimension=0 | interior=0 | level=Low | name=XRAOUF?! | ping=3 | pos=0.0,0.0,0.0 | reason=MTA special detection codes 15 | score=5 | serial=6C8E003524821577A204631FE09CE344 | state=NORMAL | vehicle=none | vel=0.000,0.000,0.000 | weight=5
[2026-09-09 11:38:06] [INFO] Logger initialised || debug=false | file=logs/sentinel.log | level=INFO | mode=BALANCED
[2026-09-09 11:38:06] [INFO] Movement sampler started || batch=40 | interval=500
[2026-09-09 11:38:06] [WARNING] Previous SentinelAC session did not shut down cleanly (server crash, kill or forced restart)
[2026-09-09 11:38:06] [INFO] Resource guard active || critical=0 | restartPolicy=CRITICAL_ONLY | trusted=3
[2026-09-09 11:38:08] [INFO] Static scan complete || client=305 | clientTriggers=142 | compiled=0 | dynamicTriggers=17 | errors=0 | fileAccess=true | remoteEvents=148 | resources=205 | server=259 | shared=35 | unreadable=10
[2026-09-09 11:38:08] [WARNING] Remote-triggerable server events with no client caller anywhere (attack surface) || count=6 | events=givetheguns@stealth, missionTimerActivated@stealth, onPlayerKillMessage@stealth, onPlayerReady@briefcaserace, onPostFinish@race_racewar, onServerCall_rw@race_racewar
[2026-09-09 11:38:08] [INFO] Firewall active || hookedEvents=45 | learnedEvents=0 | mode=LEARN
[2026-09-09 11:38:08] [INFO] Native AC hooks || eventThreshold=true | invalidEvent=true
[2026-09-09 11:38:08] [INFO] Resource instrumented || backup=:acpanel/meta.xml.sentinel.bak | resource=acpanel
[2026-09-09 11:38:08] [INFO] Resource instrumented || backup=:admin/meta.xml.sentinel.bak | resource=admin
[2026-09-09 11:38:08] [INFO] Resource instrumented || backup=:admin2/meta.xml.sentinel.bak | resource=admin2
[2026-09-09 11:38:08] [INFO] Resource instrumented || backup=:ajax/meta.xml.sentinel.bak | resource=ajax
[2026-09-09 11:38:08] [INFO] Resource instrumented || backup=:as-area51/meta.xml.sentinel.bak | resource=as-area51
[2026-09-09 11:38:08] [INFO] Resource instrumented || backup=:as-cliff/meta.xml.sentinel.bak | resource=as-cliff
[2026-09-09 11:38:08] [INFO] Resource instrumented || backup=:as-dam/meta.xml.sentinel.bak | resource=as-dam
[2026-09-09 11:38:08] [INFO] Resource instrumented || backup=:as-docks/meta.xml.sentinel.bak | resource=as-docks
[2026-09-09 11:38:08] [INFO] Resource instrumented || backup=:as-heist/meta.xml.sentinel.bak | resource=as-heist
[2026-09-09 11:38:08] [INFO] Resource instrumented || backup=:as-sharks/meta.xml.sentinel.bak | resource=as-sharks
[2026-09-09 11:38:08] [INFO] Resource instrumented || backup=:as-ship/meta.xml.sentinel.bak | resource=as-ship
[2026-09-09 11:38:08] [INFO] Resource instrumented || backup=:as-supermarket/meta.xml.sentinel.bak | resource=as-supermarket
[2026-09-09 11:38:08] [INFO] Resource instrumented || backup=:assault/meta.xml.sentinel.bak | resource=assault
[2026-09-09 11:38:08] [INFO] Resource instrumented || backup=:br-sf/meta.xml.sentinel.bak | resource=br-sf
[2026-09-09 11:38:08] [INFO] Resource instrumented || backup=:br-sf-autoteams/meta.xml.sentinel.bak | resource=br-sf-autoteams
[2026-09-09 11:38:08] [INFO] Resource instrumented || backup=:br-sf-teams/meta.xml.sentinel.bak | resource=br-sf-teams
[2026-09-09 11:38:08] [INFO] Resource instrumented || backup=:briefcase/meta.xml.sentinel.bak | resource=briefcase
[2026-09-09 11:38:08] [INFO] Resource instrumented || backup=:briefcaserace/meta.xml.sentinel.bak | resource=briefcaserace
[2026-09-09 11:38:08] [INFO] Resource instrumented || backup=:chatmanager/meta.xml.sentinel.bak | resource=chatmanager
[2026-09-09 11:38:08] [INFO] Resource instrumented || backup=:ctf/meta.xml.sentinel.bak | resource=ctf
[2026-09-09 11:38:08] [INFO] Resource instrumented || backup=:ctf-bombsite/meta.xml.sentinel.bak | resource=ctf-bombsite
[2026-09-09 11:38:08] [INFO] Resource instrumented || backup=:ctf-canals/meta.xml.sentinel.bak | resource=ctf-canals
[2026-09-09 11:38:08] [INFO] Resource instrumented || backup=:ctf-csitaly/meta.xml.sentinel.bak | resource=ctf-csitaly
[2026-09-09 11:38:08] [INFO] Resource instrumented || backup=:ctf-goldcove/meta.xml.sentinel.bak | resource=ctf-goldcove
[2026-09-09 11:38:08] [INFO] Resource instrumented || backup=:ctf-hideout_z/meta.xml.sentinel.bak | resource=ctf-hideout_z
[2026-09-09 11:38:08] [INFO] Resource instrumented || backup=:ctf-hydrastrike/meta.xml.sentinel.bak | resource=ctf-hydrastrike
[2026-09-09 11:38:08] [INFO] Resource instrumented || backup=:ctf-sewer/meta.xml.sentinel.bak | resource=ctf-sewer
[2026-09-09 11:38:08] [INFO] Resource instrumented || backup=:ctf-tbd/meta.xml.sentinel.bak | resource=ctf-tbd
[2026-09-09 11:38:08] [INFO] Resource instrumented || backup=:ctv/meta.xml.sentinel.bak | resource=ctv
[2026-09-09 11:38:08] [INFO] Resource instrumented || backup=:ctv-ls/meta.xml.sentinel.bak | resource=ctv-ls
[2026-09-09 11:38:08] [INFO] Resource instrumented || backup=:ctv-smalltownrumble/meta.xml.sentinel.bak | resource=ctv-smalltownrumble
[2026-09-09 11:38:08] [INFO] Resource instrumented || backup=:deathmatch/meta.xml.sentinel.bak | resource=deathmatch
[2026-09-09 11:38:08] [INFO] Resource instrumented || backup=:deathmessages/meta.xml.sentinel.bak | resource=deathmessages
[2026-09-09 11:38:08] [INFO] Resource instrumented || backup=:deathpickups/meta.xml.sentinel.bak | resource=deathpickups
[2026-09-09 11:38:08] [INFO] Resource instrumented || backup=:defaultstats/meta.xml.sentinel.bak | resource=defaultstats
[2026-09-09 11:38:08] [INFO] Resource instrumented || backup=:dialogs/meta.xml.sentinel.bak | resource=dialogs
[2026-09-09 11:38:08] [INFO] Resource instrumented || backup=:dm-arena1/meta.xml.sentinel.bak | resource=dm-arena1
[2026-09-09 11:38:08] [INFO] Resource instrumented || backup=:dm-canals/meta.xml.sentinel.bak | resource=dm-canals
[2026-09-09 11:38:08] [INFO] Resource instrumented || backup=:dm-port69/meta.xml.sentinel.bak | resource=dm-port69
[2026-09-09 11:38:08] [INFO] Resource instrumented || backup=:dm-smallville/meta.xml.sentinel.bak | resource=dm-smallville
[2026-09-09 11:38:08] [INFO] Resource instrumented || backup=:easytext/meta.xml.sentinel.bak | resource=easytext
[2026-09-09 11:38:08] [INFO] Resource instrumented || backup=:edf/meta.xml.sentinel.bak | resource=edf
[2026-09-09 11:38:08] [INFO] Resource instrumented || backup=:editor/meta.xml.sentinel.bak | resource=editor
[2026-09-09 11:38:08] [INFO] Resource instrumented || backup=:editor_gui/meta.xml.sentinel.bak | resource=editor_gui
[2026-09-09 11:38:08] [INFO] Resource instrumented || backup=:editor_main/meta.xml.sentinel.bak | resource=editor_main
[2026-09-09 11:38:08] [INFO] Resource instrumented || backup=:elementbrowser/meta.xml.sentinel.bak | resource=elementbrowser
[2026-09-09 11:38:08] [INFO] Resource instrumented || backup=:fallout/meta.xml.sentinel.bak | resource=fallout
[2026-09-09 11:38:08] [INFO] Resource instrumented || backup=:fastrope/meta.xml.sentinel.bak | resource=fastrope
[2026-09-09 11:38:08] [INFO] Resource instrumented || backup=:freecam/meta.xml.sentinel.bak | resource=freecam
[2026-09-09 11:38:08] [INFO] Resource instrumented || backup=:freeroam/meta.xml.sentinel.bak | resource=freeroam
[2026-09-09 11:38:08] [INFO] Resource instrumented || backup=:glue/meta.xml.sentinel.bak | resource=glue
[2026-09-09 11:38:08] [INFO] Resource instrumented || backup=:gps/meta.xml.sentinel.bak | resource=gps
[2026-09-09 11:38:08] [INFO] Resource instrumented || backup=:hay/meta.xml.sentinel.bak | resource=hay
[2026-09-09 11:38:08] [INFO] Resource instrumented || backup=:headshot/meta.xml.sentinel.bak | resource=headshot
[2026-09-09 11:38:08] [INFO] Resource instrumented || backup=:hedit/meta.xml.sentinel.bak | resource=hedit
[2026-09-09 11:38:08] [INFO] Resource instrumented || backup=:helpmanager/meta.xml.sentinel.bak | resource=helpmanager
[2026-09-09 11:38:08] [INFO] Resource instrumented || backup=:interiors/meta.xml.sentinel.bak | resource=interiors
[2026-09-09 11:38:08] [INFO] Resource instrumented || backup=:internetradio/meta.xml.sentinel.bak | resource=internetradio
[2026-09-09 11:38:08] [INFO] Resource instrumented || backup=:ip2c/meta.xml.sentinel.bak | resource=ip2c
[2026-09-09 11:38:08] [INFO] Resource instrumented || backup=:ipb/meta.xml.sentinel.bak | resource=ipb
[2026-09-09 11:38:08] [INFO] Resource instrumented || backup=:joinquit/meta.xml.sentinel.bak | resource=joinquit
[2026-09-09 11:38:08] [INFO] Resource instrumented || backup=:killmessages/meta.xml.sentinel.bak | resource=killmessages
[2026-09-09 11:38:08] [INFO] Resource instrumented || backup=:mapcycler/meta.xml.sentinel.bak | resource=mapcycler
[2026-09-09 11:38:08] [INFO] Resource instrumented || backup=:mapfixes/meta.xml.sentinel.bak | resource=mapfixes
[2026-09-09 11:38:08] [INFO] Resource instrumented || backup=:maplimits/meta.xml.sentinel.bak | resource=maplimits
[2026-09-09 11:38:08] [INFO] Resource instrumented || backup=:mapmanager/meta.xml.sentinel.bak | resource=mapmanager
[2026-09-09 11:38:08] [INFO] Resource instrumented || backup=:mapratings/meta.xml.sentinel.bak | resource=mapratings
[2026-09-09 11:38:08] [INFO] Resource instrumented || backup=:missiontimer/meta.xml.sentinel.bak | resource=missiontimer
[2026-09-09 11:38:08] [INFO] Resource instrumented || backup=:move_cursor/meta.xml.sentinel.bak | resource=move_cursor
[2026-09-09 11:38:08] [INFO] Resource instrumented || backup=:move_freecam/meta.xml.sentinel.bak | resource=move_freecam
[2026-09-09 11:38:08] [INFO] Resource instrumented || backup=:move_keyboard/meta.xml.sentinel.bak | resource=move_keyboard
[2026-09-09 11:38:08] [INFO] Resource instrumented || backup=:msgbox/meta.xml.sentinel.bak | resource=msgbox
[2026-09-09 11:38:08] [INFO] Resource instrumented || backup=:parachute/meta.xml.sentinel.bak | resource=parachute
[2026-09-09 11:38:08] [INFO] Resource instrumented || backup=:parachute2/meta.xml.sentinel.bak | resource=parachute2
[2026-09-09 11:38:08] [INFO] Resource instrumented || backup=:performancebrowser/meta.xml.sentinel.bak | resource=performancebrowser
[2026-09-09 11:38:08] [INFO] Resource instrumented || backup=:pickuphandler/meta.xml.sentinel.bak | resource=pickuphandler
[2026-09-09 11:38:08] [INFO] Resource instrumented || backup=:play/meta.xml.sentinel.bak | resource=play
[2026-09-09 11:38:08] [INFO] Resource instrumented || backup=:playerblips/meta.xml.sentinel.bak | resource=playerblips
[2026-09-09 11:38:08] [INFO] Resource instrumented || backup=:playercolors/meta.xml.sentinel.bak | resource=playercolors
[2026-09-09 11:38:08] [INFO] Resource instrumented || backup=:race/meta.xml.sentinel.bak | resource=race
[2026-09-09 11:38:08] [INFO] Resource instrumented || backup=:race-10laphotring/meta.xml.sentinel.bak | resource=race-10laphotring
[2026-09-09 11:38:08] [INFO] Resource instrumented || backup=:race-3lapdirtring/meta.xml.sentinel.bak | resource=race-3lapdirtring
[2026-09-09 11:38:08] [INFO] Resource instrumented || backup=:race-5lap8track/meta.xml.sentinel.bak | resource=race-5lap8track
[2026-09-09 11:38:08] [INFO] Resource instrumented || backup=:race-airportdogfight/meta.xml.sentinel.bak | resource=race-airportdogfight
[2026-09-09 11:38:08] [INFO] Resource instrumented || backup=:race-airportspeedway/meta.xml.sentinel.bak | resource=race-airportspeedway
[2026-09-09 11:38:08] [INFO] Resource instrumented || backup=:race-apacheassault/meta.xml.sentinel.bak | resource=race-apacheassault
[2026-09-09 11:38:08] [INFO] Resource instrumented || backup=:race-awalkinthepark/meta.xml.sentinel.bak | resource=race-awalkinthepark
[2026-09-09 11:38:08] [INFO] Resource instrumented || backup=:race-badlandsblastaround/meta.xml.sentinel.bak | resource=race-badlandsblastaround
[2026-09-09 11:38:08] [INFO] Resource instrumented || backup=:race-bandito/meta.xml.sentinel.bak | resource=race-bandito
[2026-09-09 11:38:08] [INFO] Resource instrumented || backup=:race-bayareacircuit/meta.xml.sentinel.bak | resource=race-bayareacircuit
[2026-09-09 11:38:08] [INFO] Resource instrumented || backup=:race-bloodring/meta.xml.sentinel.bak | resource=race-bloodring
[2026-09-09 11:38:08] [INFO] Resource instrumented || backup=:race-blowthedam/meta.xml.sentinel.bak | resource=race-blowthedam
[2026-09-09 11:38:08] [INFO] Resource instrumented || backup=:race-boatingblastaround/meta.xml.sentinel.bak | resource=race-boatingblastaround
[2026-09-09 11:38:08] [INFO] Resource instrumented || backup=:race-bobcatblastaround/meta.xml.sentinel.bak | resource=race-bobcatblastaround
[2026-09-09 11:38:08] [INFO] Resource instrumented || backup=:race-break/meta.xml.sentinel.bak | resource=race-break
[2026-09-09 11:38:08] [INFO] Resource instrumented || backup=:race-chiliadclimb/meta.xml.sentinel.bak | resource=race-chiliadclimb
[2026-09-09 11:38:08] [INFO] Resource instrumented || backup=:race-chrmleasy/meta.xml.sentinel.bak | resource=race-chrmleasy
[2026-09-09 11:38:08] [INFO] Resource instrumented || backup=:race-chrmlhard/meta.xml.sentinel.bak | resource=race-chrmlhard
[2026-09-09 11:38:08] [INFO] Resource instrumented || backup=:race-degenerationofx/meta.xml.sentinel.bak | resource=race-degenerationofx
[2026-09-09 11:38:08] [INFO] Resource instrumented || backup=:race-desertdogfight/meta.xml.sentinel.bak | resource=race-desertdogfight
[2026-09-09 11:38:08] [INFO] Resource instrumented || backup=:race-destructionderby/meta.xml.sentinel.bak | resource=race-destructionderby
[2026-09-09 11:38:08] [INFO] Resource instrumented || backup=:race-dockbikes/meta.xml.sentinel.bak | resource=race-dockbikes
[2026-09-09 11:38:08] [INFO] Resource instrumented || backup=:race-docksideblastaround/meta.xml.sentinel.bak | resource=race-docksideblastaround
[2026-09-09 11:38:08] [INFO] Resource instrumented || backup=:race-drift/meta.xml.sentinel.bak | resource=race-drift
[2026-09-09 11:38:08] [INFO] Resource instrumented || backup=:race-driftcity/meta.xml.sentinel.bak | resource=race-driftcity
[2026-09-09 11:38:08] [INFO] Resource instrumented || backup=:race-dunebuggy/meta.xml.sentinel.bak | resource=race-dunebuggy
[2026-09-09 11:38:08] [INFO] Resource instrumented || backup=:race-errand/meta.xml.sentinel.bak | resource=race-errand
[2026-09-09 11:38:08] [INFO] Resource instrumented || backup=:race-farewellmylove/meta.xml.sentinel.bak | resource=race-farewellmylove
[2026-09-09 11:38:08] [INFO] Resource instrumented || backup=:race-farm2city/meta.xml.sentinel.bak | resource=race-farm2city
[2026-09-09 11:38:08] [INFO] Resource instrumented || backup=:race-findthecock/meta.xml.sentinel.bak | resource=race-findthecock
[2026-09-09 11:38:08] [INFO] Resource instrumented || backup=:race-freeroam/meta.xml.sentinel.bak | resource=race-freeroam
[2026-09-09 11:38:08] [INFO] Resource instrumented || backup=:race-highnoon/meta.xml.sentinel.bak | resource=race-highnoon
[2026-09-09 11:38:08] [INFO] Resource instrumented || backup=:race-homeinthehills/meta.xml.sentinel.bak | resource=race-homeinthehills
[2026-09-09 11:38:08] [INFO] Resource instrumented || backup=:race-hotroute/meta.xml.sentinel.bak | resource=race-hotroute
[2026-09-09 11:38:08] [INFO] Resource instrumented || backup=:race-hydrarace/meta.xml.sentinel.bak | resource=race-hydrarace
[2026-09-09 11:38:08] [INFO] Resource instrumented || backup=:race-island/meta.xml.sentinel.bak | resource=race-island
[2026-09-09 11:38:08] [INFO] Resource instrumented || backup=:race-justanotherbikerace/meta.xml.sentinel.bak | resource=race-justanotherbikerace
[2026-09-09 11:38:08] [INFO] Resource instrumented || backup=:race-longwayround/meta.xml.sentinel.bak | resource=race-longwayround
[2026-09-09 11:38:08] [INFO] Resource instrumented || backup=:race-lsairport/meta.xml.sentinel.bak | resource=race-lsairport
[2026-09-09 11:38:08] [INFO] Resource instrumented || backup=:race-lstrenches/meta.xml.sentinel.bak | resource=race-lstrenches
[2026-09-09 11:38:08] [INFO] Resource instrumented || backup=:race-lvsprint/meta.xml.sentinel.bak | resource=race-lvsprint
[2026-09-09 11:38:08] [INFO] Resource instrumented || backup=:race-midairmayhem/meta.xml.sentinel.bak | resource=race-midairmayhem
[2026-09-09 11:38:08] [INFO] Resource instrumented || backup=:race-miniputt/meta.xml.sentinel.bak | resource=race-miniputt
[2026-09-09 11:38:08] [INFO] Resource instrumented || backup=:race-monsterblastaround/meta.xml.sentinel.bak | resource=race-monsterblastaround
[2026-09-09 11:38:08] [INFO] Resource instrumented || backup=:race-mx_sky/meta.xml.sentinel.bak | resource=race-mx_sky
[2026-09-09 11:38:08] [INFO] Resource instrumented || backup=:race-offroadblastaround/meta.xml.sentinel.bak | resource=race-offroadblastaround
[2026-09-09 11:38:08] [INFO] Resource instrumented || backup=:race-predatorzone/meta.xml.sentinel.bak | resource=race-predatorzone
[2026-09-09 11:38:08] [INFO] Resource instrumented || backup=:race-quarryrun/meta.xml.sentinel.bak | resource=race-quarryrun
[2026-09-09 11:38:08] [INFO] Resource instrumented || backup=:race-rcairwar/meta.xml.sentinel.bak | resource=race-rcairwar
[2026-09-09 11:38:08] [INFO] Resource instrumented || backup=:race-rcwarz/meta.xml.sentinel.bak | resource=race-rcwarz
[2026-09-09 11:38:08] [INFO] Resource instrumented || backup=:race-runway69/meta.xml.sentinel.bak | resource=race-runway69
[2026-09-09 11:38:08] [INFO] Resource instrumented || backup=:race-rustlerrampage/meta.xml.sentinel.bak | resource=race-rustlerrampage
[2026-09-09 11:38:08] [INFO] Resource instrumented || backup=:race-sandking/meta.xml.sentinel.bak | resource=race-sandking
[2026-09-09 11:38:08] [INFO] Resource instrumented || backup=:race-santosdrive/meta.xml.sentinel.bak | resource=race-santosdrive
[2026-09-09 11:38:08] [INFO] Resource instrumented || backup=:race-seadragon/meta.xml.sentinel.bak | resource=race-seadragon
[2026-09-09 11:38:08] [INFO] Resource instrumented || backup=:race-seahunter/meta.xml.sentinel.bak | resource=race-seahunter
[2026-09-09 11:38:08] [INFO] Resource instrumented || backup=:race-searustler/meta.xml.sentinel.bak | resource=race-searustler
[2026-09-09 11:38:08] [INFO] Resource instrumented || backup=:race-sewers/meta.xml.sentinel.bak | resource=race-sewers
[2026-09-09 11:38:08] [INFO] Resource instrumented || backup=:race-sfbynight/meta.xml.sentinel.bak | resource=race-sfbynight
[2026-09-09 11:38:08] [INFO] Resource instrumented || backup=:race-smugglersrun/meta.xml.sentinel.bak | resource=race-smugglersrun
[2026-09-09 11:38:08] [INFO] Resource instrumented || backup=:race-sparrowstorm/meta.xml.sentinel.bak | resource=race-sparrowstorm
[2026-09-09 11:38:08] [INFO] Resource instrumented || backup=:race-specialdelivery/meta.xml.sentinel.bak | resource=race-specialdelivery
[2026-09-09 11:38:08] [INFO] Resource instrumented || backup=:race-speedforweed/meta.xml.sentinel.bak | resource=race-speedforweed
[2026-09-09 11:38:08] [INFO] Resource instrumented || backup=:race-squalorace/meta.xml.sentinel.bak | resource=race-squalorace
[2026-09-09 11:38:08] [INFO] Resource instrumented || backup=:race-stunt/meta.xml.sentinel.bak | resource=race-stunt
[2026-09-09 11:38:08] [INFO] Resource instrumented || backup=:race-suburbanspeedway/meta.xml.sentinel.bak | resource=race-suburbanspeedway
[2026-09-09 11:38:08] [INFO] Resource instrumented || backup=:race-superhydrarace/meta.xml.sentinel.bak | resource=race-superhydrarace
[2026-09-09 11:38:08] [INFO] Resource instrumented || backup=:race-technicalitch/meta.xml.sentinel.bak | resource=race-technicalitch
[2026-09-09 11:38:08] [INFO] Resource instrumented || backup=:race-thepanopticon/meta.xml.sentinel.bak | resource=race-thepanopticon
[2026-09-09 11:38:08] [INFO] Resource instrumented || backup=:race-vinewoodblastaround/meta.xml.sentinel.bak | resource=race-vinewoodblastaround
[2026-09-09 11:38:08] [INFO] Resource instrumented || backup=:race-wuzimu/meta.xml.sentinel.bak | resource=race-wuzimu
[2026-09-09 11:38:08] [INFO] Resource instrumented || backup=:race_carfade/meta.xml.sentinel.bak | resource=race_carfade
[2026-09-09 11:38:08] [INFO] Resource instrumented || backup=:race_delay_indicator/meta.xml.sentinel.bak | resource=race_delay_indicator
[2026-09-09 11:38:08] [INFO] Resource instrumented || backup=:race_ghost/meta.xml.sentinel.bak | resource=race_ghost
[2026-09-09 11:38:08] [INFO] Resource instrumented || backup=:race_nos/meta.xml.sentinel.bak | resource=race_nos
[2026-09-09 11:38:08] [INFO] Resource instrumented || backup=:race_racewar/meta.xml.sentinel.bak | resource=race_racewar
[2026-09-09 11:38:08] [INFO] Resource instrumented || backup=:race_toptimes/meta.xml.sentinel.bak | resource=race_toptimes
[2026-09-09 11:38:08] [INFO] Resource instrumented || backup=:race_traffic_sensor/meta.xml.sentinel.bak | resource=race_traffic_sensor
[2026-09-09 11:38:08] [INFO] Resource instrumented || backup=:race_voicepack/meta.xml.sentinel.bak | resource=race_voicepack
[2026-09-09 11:38:08] [INFO] Resource instrumented || backup=:realdriveby/meta.xml.sentinel.bak | resource=realdriveby
[2026-09-09 11:38:08] [INFO] Resource instrumented || backup=:reload/meta.xml.sentinel.bak | resource=reload
[2026-09-09 11:38:08] [INFO] Resource instrumented || backup=:resourcebrowser/meta.xml.sentinel.bak | resource=resourcebrowser
[2026-09-09 11:38:08] [INFO] Resource instrumented || backup=:resourcemanager/meta.xml.sentinel.bak | resource=resourcemanager
[2026-09-09 11:38:08] [INFO] Resource instrumented || backup=:runcode/meta.xml.sentinel.bak | resource=runcode
[2026-09-09 11:38:08] [INFO] Resource instrumented || backup=:rustlerbombs/meta.xml.sentinel.bak | resource=rustlerbombs
[2026-09-09 11:38:08] [INFO] Resource instrumented || backup=:scoreboard/meta.xml.sentinel.bak | resource=scoreboard
[2026-09-09 11:38:08] [INFO] Resource instrumented || backup=:scores/meta.xml.sentinel.bak | resource=scores
[2026-09-09 11:38:08] [INFO] Resource instrumented || backup=:security/meta.xml.sentinel.bak | resource=security
[2026-09-09 11:38:08] [INFO] Resource instrumented || backup=:sfxbrowser/meta.xml.sentinel.bak | resource=sfxbrowser
[2026-09-09 11:38:08] [INFO] Resource instrumented || backup=:sirenEdit/meta.xml.sentinel.bak | resource=sirenEdit
[2026-09-09 11:38:08] [INFO] Resource instrumented || backup=:spawnmanager/meta.xml.sentinel.bak | resource=spawnmanager
[2026-09-09 11:38:08] [INFO] Resource instrumented || backup=:speedometer/meta.xml.sentinel.bak | resource=speedometer
[2026-09-09 11:38:08] [INFO] Resource instrumented || backup=:stealth/meta.xml.sentinel.bak | resource=stealth
[2026-09-09 11:38:08] [INFO] Resource instrumented || backup=:sth-carrier/meta.xml.sentinel.bak | resource=sth-carrier
[2026-09-09 11:38:08] [INFO] Resource instrumented || backup=:sth-chinatown/meta.xml.sentinel.bak | resource=sth-chinatown
[2026-09-09 11:38:08] [INFO] Resource instrumented || backup=:sth-church/meta.xml.sentinel.bak | resource=sth-church
[2026-09-09 11:38:08] [INFO] Resource instrumented || backup=:sth-coookiepirates/meta.xml.sentinel.bak | resource=sth-coookiepirates
[2026-09-09 11:38:08] [INFO] Resource instrumented || backup=:sth-dra-park/meta.xml.sentinel.bak | resource=sth-dra-park
[2026-09-09 11:38:08] [INFO] Resource instrumented || backup=:sth-factory/meta.xml.sentinel.bak | resource=sth-factory
[2026-09-09 11:38:08] [INFO] Resource instrumented || backup=:sth-junkyard/meta.xml.sentinel.bak | resource=sth-junkyard
[2026-09-09 11:38:08] [INFO] Resource instrumented || backup=:sth-ritzy/meta.xml.sentinel.bak | resource=sth-ritzy
[2026-09-09 11:38:08] [INFO] Resource instrumented || backup=:sth-sewers/meta.xml.sentinel.bak | resource=sth-sewers
[2026-09-09 11:38:08] [INFO] Resource instrumented || backup=:sth-shopping/meta.xml.sentinel.bak | resource=sth-shopping
[2026-09-09 11:38:08] [INFO] Resource instrumented || backup=:sth-terminal/meta.xml.sentinel.bak | resource=sth-terminal
[2026-09-09 11:38:08] [INFO] Resource instrumented || backup=:sth-thebunker/meta.xml.sentinel.bak | resource=sth-thebunker
[2026-09-09 11:38:08] [INFO] Resource instrumented || backup=:superman/meta.xml.sentinel.bak | resource=superman
[2026-09-09 11:38:08] [INFO] Resource instrumented || backup=:tdm/meta.xml.sentinel.bak | resource=tdm
[2026-09-09 11:38:08] [INFO] Resource instrumented || backup=:tdma/meta.xml.sentinel.bak | resource=tdma
[2026-09-09 11:38:08] [INFO] Resource instrumented || backup=:tdma-damwars/meta.xml.sentinel.bak | resource=tdma-damwars
[2026-09-09 11:38:08] [INFO] Resource instrumented || backup=:tdma-gridlock/meta.xml.sentinel.bak | resource=tdma-gridlock
[2026-09-09 11:38:08] [INFO] Resource instrumented || backup=:tdma-medieval/meta.xml.sentinel.bak | resource=tdma-medieval
[2026-09-09 11:38:08] [INFO] Resource instrumented || backup=:tdma-nomansland/meta.xml.sentinel.bak | resource=tdma-nomansland
[2026-09-09 11:38:08] [INFO] Resource instrumented || backup=:tdma-tbd/meta.xml.sentinel.bak | resource=tdma-tbd
[2026-09-09 11:38:08] [INFO] Resource instrumented || backup=:tdma-vinewood/meta.xml.sentinel.bak | resource=tdma-vinewood
[2026-09-09 11:38:08] [INFO] Resource instrumented || backup=:teammanager/meta.xml.sentinel.bak | resource=teammanager
[2026-09-09 11:38:08] [INFO] Resource instrumented || backup=:tooltip/meta.xml.sentinel.bak | resource=tooltip
[2026-09-09 11:38:08] [INFO] Resource instrumented || backup=:trainhorn/meta.xml.sentinel.bak | resource=trainhorn
[2026-09-09 11:38:08] [INFO] Resource instrumented || backup=:visualiser/meta.xml.sentinel.bak | resource=visualiser
[2026-09-09 11:38:08] [INFO] Resource instrumented || backup=:voice/meta.xml.sentinel.bak | resource=voice
[2026-09-09 11:38:08] [INFO] Resource instrumented || backup=:voice_local/meta.xml.sentinel.bak | resource=voice_local
[2026-09-09 11:38:08] [INFO] Resource instrumented || backup=:votemanager/meta.xml.sentinel.bak | resource=votemanager
[2026-09-09 11:38:08] [INFO] Resource instrumented || backup=:webadmin/meta.xml.sentinel.bak | resource=webadmin
[2026-09-09 11:38:08] [INFO] Resource instrumented || backup=:webbrowser/meta.xml.sentinel.bak | resource=webbrowser
[2026-09-09 11:38:08] [INFO] Resource instrumented || backup=:webmap/meta.xml.sentinel.bak | resource=webmap
[2026-09-09 11:38:08] [INFO] Resource instrumented || backup=:webstats/meta.xml.sentinel.bak | resource=webstats
[2026-09-09 11:38:08] [INFO] Instrumentation pass || already=0 | changedRunning=29 | errorDetails= | errors=0 | instrumented=205 | skipped=0
[2026-09-09 11:38:08] [INFO] Instrumentation active || autoRestart=true | instrumented=205
[2026-09-09 11:38:08] [INFO] SentinelAC started || detections=Combat,EventAbuse,EventFirewall,Explosion,Fly,Injection,Integrity,Jetpack,NativeAC,NativeSD,NoClip,SpeedHack,Telemetry,Teleport,Vehicle | enabled=true | mode=BALANCED | players=0 | resource=sentinel_ac
[2026-09-09 11:38:09] [WARNING] Trusted/critical resource stopped || possibleInitiators=none observed (MTA does not expose the initiator) | resource=admin
[2026-09-09 11:38:09] [WARNING] Trusted/critical resource stopped || possibleInitiators=none observed (MTA does not expose the initiator) | resource=freeroam
[2026-09-09 11:38:10] [WARNING] Trusted/critical resource stopped || possibleInitiators=none observed (MTA does not expose the initiator) | resource=play
[2026-09-09 11:38:11] [INFO] Trusted/critical resource started || possibleInitiators=none observed (MTA does not expose the initiator) | resource=admin
[2026-09-09 11:38:11] [INFO] Trusted/critical resource started || possibleInitiators=none observed (MTA does not expose the initiator) | resource=freeroam
[2026-09-09 11:38:12] [INFO] Trusted/critical resource started || possibleInitiators=none observed (MTA does not expose the initiator) | resource=play
[2026-09-09 11:38:12] [WARNING] Instrument: resource restarted to load canary || resource=admin | success=true
[2026-09-09 11:38:12] [WARNING] Instrument: resource restarted to load canary || resource=ajax | success=true
[2026-09-09 11:38:12] [WARNING] Instrument: resource restarted to load canary || resource=chatmanager | success=true
[2026-09-09 11:38:12] [WARNING] Instrument: resource restarted to load canary || resource=defaultstats | success=true
[2026-09-09 11:38:12] [WARNING] Instrument: resource restarted to load canary || resource=freeroam | success=true
[2026-09-09 11:38:12] [WARNING] Instrument: resource restarted to load canary || resource=hedit | success=true
[2026-09-09 11:38:12] [WARNING] Instrument: resource restarted to load canary || resource=helpmanager | success=true
[2026-09-09 11:38:12] [WARNING] Instrument: resource restarted to load canary || resource=internetradio | success=true
[2026-09-09 11:38:12] [WARNING] Instrument: resource restarted to load canary || resource=ip2c | success=true
[2026-09-09 11:38:12] [WARNING] Instrument: resource restarted to load canary || resource=ipb | success=true
[2026-09-09 11:38:12] [WARNING] Instrument: resource restarted to load canary || resource=joinquit | success=true
[2026-09-09 11:38:12] [WARNING] Instrument: resource restarted to load canary || resource=mapcycler | success=true
[2026-09-09 11:38:12] [WARNING] Instrument: resource restarted to load canary || resource=mapfixes | success=true
[2026-09-09 11:38:12] [WARNING] Instrument: resource restarted to load canary || resource=mapmanager | success=true
[2026-09-09 11:38:12] [WARNING] Instrument: resource restarted to load canary || resource=parachute | success=true
[2026-09-09 11:38:12] [WARNING] Instrument: resource restarted to load canary || resource=performancebrowser | success=true
[2026-09-09 11:38:12] [WARNING] Instrument: resource restarted to load canary || resource=play | success=true
[2026-09-09 11:38:12] [WARNING] Instrument: resource restarted to load canary || resource=playerblips | success=true
[2026-09-09 11:38:12] [WARNING] Instrument: resource restarted to load canary || resource=playercolors | success=true
[2026-09-09 11:38:12] [WARNING] Instrument: resource restarted to load canary || resource=reload | success=true
[2026-09-09 11:38:12] [WARNING] Instrument: resource restarted to load canary || resource=resourcebrowser | success=true
[2026-09-09 11:38:12] [WARNING] Instrument: resource restarted to load canary || resource=resourcemanager | success=true
[2026-09-09 11:38:12] [WARNING] Instrument: resource restarted to load canary || resource=scoreboard | success=true
[2026-09-09 11:38:12] [WARNING] Instrument: resource restarted to load canary || resource=spawnmanager | success=true
[2026-09-09 11:38:12] [WARNING] Instrument: resource restarted to load canary || resource=speedometer | success=true
[2026-09-09 11:38:12] [WARNING] Instrument: resource restarted to load canary || resource=superman | success=true
[2026-09-09 11:38:12] [WARNING] Instrument: resource restarted to load canary || resource=voice | success=true
[2026-09-09 11:38:12] [WARNING] Instrument: resource restarted to load canary || resource=votemanager | success=true
[2026-09-09 11:38:12] [WARNING] Instrument: resource restarted to load canary || resource=webadmin | success=true
[2026-09-09 11:38:12] [WARNING] Trusted/critical resource stopped || possibleInitiators=none observed (MTA does not expose the initiator) | resource=admin
[2026-09-09 11:38:12] [WARNING] Trusted/critical resource stopped || possibleInitiators=none observed (MTA does not expose the initiator) | resource=freeroam
[2026-09-09 11:38:12] [WARNING] Trusted/critical resource stopped || possibleInitiators=none observed (MTA does not expose the initiator) | resource=play
[2026-09-09 11:38:12] [INFO] Trusted/critical resource started || possibleInitiators=none observed (MTA does not expose the initiator) | resource=admin
[2026-09-09 11:38:12] [INFO] Trusted/critical resource started || possibleInitiators=none observed (MTA does not expose the initiator) | resource=freeroam
[2026-09-09 11:38:13] [INFO] Trusted/critical resource started || possibleInitiators=none observed (MTA does not expose the initiator) | resource=play
[2026-09-09 11:38:20] [WARNING] MTA special detection (SD) codes reported - environment indicator, not a cheat detection || acCodes= | account=guest | d3d9MD5= | d3d9Size=0 | name=XRAOUF?! | sdCodes=15 | serial=6C8E003524821577A204631FE09CE344
[2026-09-09 11:38:20] [DETECTION] Evidence || account=guest | detection=NativeSD | name=XRAOUF?! | samples=[ [ { "p": 2, "t": 299347, "g": 0, "v": "0.000,0.000,0.000", "y": 0, "x": 0, "z": 0, "st": "RESPAWNING", "veh": 0 }, { "p": 2, "t": 299856, "g": 0, "v": "0.000,0.000,0.000", "y": 0, "x": 0, "z": 0, "st": "SPAWN_GRACE", "veh": 0 }, { "p": 2, "t": 300371, "g": 0, "v": "0.000,0.000,0.000", "y": 0, "x": 0, "z": 0, "st": "SPAWN_GRACE", "veh": 0 }, { "p": 2, "t": 300884, "g": 0, "v": "0.000,0.000,0.000", "y": 0, "x": 0, "z": 0, "st": "SPAWN_GRACE", "veh": 0 }, { "p": 2, "t": 301414, "g": 0, "v": "0.000,0.000,0.000", "y": 0, "x": 0, "z": 0, "st": "SPAWN_GRACE", "veh": 0 }, { "p": 2, "t": 301950, "g": 0, "v": "0.000,0.000,0.000", "y": 0, "x": 0, "z": 0, "st": "SPAWN_GRACE", "veh": 0 }, { "p": 2, "t": 302484, "g": 0, "v": "0.000,0.000,0.000", "y": 0, "x": 0, "z": 0, "st": "SPAWN_GRACE", "veh": 0 } ] ] | serial=6C8E003524821577A204631FE09CE344
[2026-09-09 11:38:20] [DETECTION] Detection: NativeSD || account=guest | action=LOG | codes=15 | confidence=52 | detection=NativeSD | dimension=0 | interior=0 | level=Low | name=XRAOUF?! | ping=2 | pos=-2408.0,-596.0,132.6 | reason=MTA special detection codes 15 | score=5 | serial=6C8E003524821577A204631FE09CE344 | state=SPAWN_GRACE | vehicle=none | vel=0.000,0.000,0.000 | weight=5
[2026-09-09 11:38:34] [DETECTION] Evidence || account=guest | detection=SpeedHack | name=XRAOUF?! | samples=[ [ { "p": 2, "t": 306659, "g": 1, "v": "-0.012,-0.030,0.000", "y": -599.3, "x": -2411.7, "z": 132.6, "st": "NORMAL", "veh": 0 }, { "p": 2, "t": 307165, "g": 1, "v": "0.019,-0.114,0.000", "y": -602, "x": -2411.2, "z": 132.6, "st": "NORMAL", "veh": 0 }, { "p": 2, "t": 307691, "g": 0, "v": "0.411,-0.846,0.025", "y": -609.3, "x": -2408.1, "z": 134.1, "st": "NORMAL", "veh": 0 }, { "p": 2, "t": 308199, "g": 0, "v": "2.286,-2.520,0.241", "y": -653, "x": -2368, "z": 139.6, "st": "NORMAL", "veh": 0 }, { "p": 2, "t": 308714, "g": 0, "v": "4.559,-2.823,-0.156", "y": -715.3, "x": -2295.7, "z": 139.8, "st": "NORMAL", "veh": 0 }, { "p": 2, "t": 309252, "g": 0, "v": "6.155,0.933,-1.182", "y": -707.5, "x": -2135.7, "z": 111.5, "st": "NORMAL", "veh": 0 }, { "p": 2, "t": 309790, "g": 0, "v": "4.822,3.906,-1.283", "y": -631.2, "x": -1990.7, "z": 77.8, "st": "NORMAL", "veh": 0 }, { "p": 2, "t": 310296, "g": 0, "v": "0.847,6.254,-0.564", "y": -480.1, "x": -1920.7, "z": 54, "st": "NORMAL", "veh": 0 }, { "p": 2, "t": 310812, "g": 0, "v": "-0.742,6.292,-0.080", "y": -309.6, "x": -1926.4, "z": 50.3, "st": "NORMAL", "veh": 0 }, { "p": 2, "t": 311326, "g": 0, "v": "1.021,6.251,-0.149", "y": -139.5, "x": -1923.1, "z": 47.8, "st": "NORMAL", "veh": 0 }, { "p": 2, "t": 311829, "g": 0, "v": "1.026,6.251,0.094", "y": -5.8, "x": -1895, "z": 45.9, "st": "NORMAL", "veh": 0 }, { "p": 4, "t": 312343, "g": 1, "v": "0.000,0.000,-0.011", "y": 34.4, "x": -1853.9, "z": 44.2, "st": "NORMAL", "veh": 0 }, { "p": 2, "t": 312845, "g": 1, "v": "0.205,0.043,0.000", "y": 34.3, "x": -1850.4, "z": 44.2, "st": "NORMAL", "veh": 0 }, { "p": 4, "t": 313359, "g": 0, "v": "0.068,-0.018,-0.009", "y": 35.2, "x": -1847.9, "z": 45.8, "st": "NORMAL", "veh": 0 }, { "p": 2, "t": 313861, "g": 1, "v": "0.000,0.000,-0.016", "y": 27.2, "x": -1830.1, "z": 45.1, "st": "NORMAL", "veh": 0 }, { "p": 2, "t": 314395, "g": 0, "v": "0.351,-0.156,-0.012", "y": 28.7, "x": -1826.3, "z": 45.9, "st": "NORMAL", "veh": 0 }, { "p": 2, "t": 314901, "g": 0, "v": "2.625,-1.165,-0.055", "y": 7.6, "x": -1786.6, "z": 45, "st": "NORMAL", "veh": 0 }, { "p": 1, "t": 315414, "g": 0, "v": "4.183,-2.408,-0.088", "y": -31.6, "x": -1712.5, "z": 43.4, "st": "NORMAL", "veh": 0 }, { "p": 2, "t": 315939, "g": 0, "v": "5.726,-2.471,0.238", "y": -81.2, "x": -1562.5, "z": 45.5, "st": "NORMAL", "veh": 0 }, { "p": 2, "t": 316444, "g": 0, "v": "4.251,-4.627,0.238", "y": -178.4, "x": -1429.7, "z": 51.9, "st": "NORMAL", "veh": 0 } ] ] | serial=6C8E003524821577A204631FE09CE344
[2026-09-09 11:38:34] [WARNING] Punishment applied || account=guest | action=WARN | detection=SpeedHack | name=XRAOUF?! | reason=On-foot speed exceeds limit over consecutive samples | score=25 | serial=6C8E003524821577A204631FE09CE344 | warnings=1
[2026-09-09 11:38:34] [DETECTION] Detection: SpeedHack || account=guest | action=WARN | confidence=60 | detection=SpeedHack | dimension=0 | interior=0 | level=Low | limit=36 | name=XRAOUF?! | ping=2 | pos=-1429.7,-178.4,51.9 | reason=On-foot speed exceeds limit over consecutive samples | samples=4 | score=25 | serial=6C8E003524821577A204631FE09CE344 | speed=325.9 | state=NORMAL | vehicle=none | vel=4.251,-4.627,0.238 | weight=20
[2026-09-09 11:38:51] [INFO] Jetpack in use (unregistered, RequireRegistration=false) || account=guest | name=XRAOUF?! | serial=6C8E003524821577A204631FE09CE344
[2026-09-09 11:39:24] [DETECTION] Evidence || account=guest | detection=SpeedHack | name=XRAOUF?! | samples=[ [ { "p": 2, "t": 355928, "g": 0, "v": "-0.379,0.174,-0.006", "y": 916.4, "x": -965.1, "z": 46.9, "st": "NORMAL", "veh": 0 }, { "p": 2, "t": 356439, "g": 0, "v": "-0.382,0.172,-0.011", "y": 920.2, "x": -973.4, "z": 46.7, "st": "NORMAL", "veh": 0 }, { "p": 2, "t": 356974, "g": 0, "v": "-0.330,0.140,0.035", "y": 924.5, "x": -983.1, "z": 47, "st": "NORMAL", "veh": 0 }, { "p": 2, "t": 357511, "g": 0, "v": "-0.318,0.059,0.069", "y": 927.2, "x": -991.6, "z": 48.5, "st": "NORMAL", "veh": 0 }, { "p": 2, "t": 358016, "g": 0, "v": "-0.354,-0.001,0.053", "y": 927.8, "x": -1000.7, "z": 50.2, "st": "NORMAL", "veh": 0 }, { "p": 2, "t": 358521, "g": 0, "v": "-0.353,-0.079,0.033", "y": 926.7, "x": -1010.3, "z": 51.3, "st": "NORMAL", "veh": 0 }, { "p": 2, "t": 359023, "g": 0, "v": "-0.332,-0.149,0.020", "y": 924.2, "x": -1017.7, "z": 51.9, "st": "NORMAL", "veh": 0 }, { "p": 2, "t": 359537, "g": 0, "v": "-0.354,-0.152,0.008", "y": 920, "x": -1026.9, "z": 52.3, "st": "NORMAL", "veh": 0 }, { "p": 2, "t": 360045, "g": 0, "v": "-0.358,-0.172,-0.003", "y": 915.6, "x": -1036.6, "z": 52.3, "st": "NORMAL", "veh": 0 }, { "p": 2, "t": 360569, "g": 0, "v": "-0.306,-0.147,-0.129", "y": 911.4, "x": -1045.3, "z": 51.1, "st": "NORMAL", "veh": 0 }, { "p": 2, "t": 361094, "g": 0, "v": "0.000,-0.000,-0.229", "y": 910.9, "x": -1046.4, "z": 47.3, "st": "NORMAL", "veh": 0 }, { "p": 2, "t": 361599, "g": 0, "v": "0.000,-0.000,-0.358", "y": 910.9, "x": -1046.4, "z": 40, "st": "NORMAL", "veh": 0 }, { "p": 2, "t": 362123, "g": 1, "v": "0.000,0.000,0.000", "y": 910.9, "x": -1046.4, "z": 34.6, "st": "NORMAL", "veh": 0 }, { "p": 2, "t": 362628, "g": 1, "v": "-0.014,-0.029,0.000", "y": 910.6, "x": -1046.7, "z": 34.6, "st": "NORMAL", "veh": 0 }, { "p": 2, "t": 363134, "g": 1, "v": "-0.119,0.007,0.000", "y": 910.2, "x": -1048.9, "z": 34.6, "st": "NORMAL", "veh": 0 }, { "p": 2, "t": 363653, "g": 0, "v": "0.003,-0.050,0.228", "y": 906.7, "x": -1049.7, "z": 35.3, "st": "NORMAL", "veh": 0 }, { "p": 2, "t": 364191, "g": 0, "v": "-0.947,-1.698,-0.473", "y": 885.5, "x": -1063.3, "z": 29.7, "st": "NORMAL", "veh": 0 }, { "p": 2, "t": 364716, "g": 0, "v": "-3.405,-2.869,-0.179", "y": 821.9, "x": -1122.3, "z": 19.1, "st": "NORMAL", "veh": 0 }, { "p": 2, "t": 365221, "g": 0, "v": "-4.841,-4.080,-0.253", "y": 719.3, "x": -1234.3, "z": 13, "st": "NORMAL", "veh": 0 }, { "p": 2, "t": 365732, "g": 0, "v": "-5.223,-3.587,0.024", "y": 638.9, "x": -1345.1, "z": 13.2, "st": "NORMAL", "veh": 0 } ] ] | serial=6C8E003524821577A204631FE09CE344
[2026-09-09 11:39:24] [WARNING] Punishment applied || account=guest | action=WARN | detection=SpeedHack | name=XRAOUF?! | reason=On-foot speed exceeds limit over consecutive samples | score=30 | serial=6C8E003524821577A204631FE09CE344 | warnings=2
[2026-09-09 11:39:24] [DETECTION] Detection: SpeedHack || account=guest | action=WARN | confidence=72 | detection=SpeedHack | dimension=0 | interior=0 | level=Low | limit=36 | name=XRAOUF?! | ping=2 | pos=-1345.1,638.9,13.2 | reason=On-foot speed exceeds limit over consecutive samples | samples=4 | score=30 | serial=6C8E003524821577A204631FE09CE344 | speed=267.8 | state=NORMAL | vehicle=none | vel=-5.223,-3.587,0.024 | weight=20
[2026-09-09 11:39:31] [WARNING] Teleport confirmed || class=OnFoot | distance=3035 | dt=527 | from=-1696,-211,14 | player=XRAOUF?! | speed=5760 | strikes=1 | to=81,2249,79 | velocityInconsistent=true
[2026-09-09 11:39:35] [WARNING] Teleport confirmed || class=OnFoot | distance=3822 | dt=515 | from=81,2248,78 | player=XRAOUF?! | speed=7421 | strikes=2 | to=915,-1481,14 | velocityInconsistent=true
[2026-09-09 11:39:35] [DETECTION] Evidence || account=guest | detection=Teleport | name=XRAOUF?! | samples=[ [ { "p": 2, "t": 367308, "g": 0, "v": "-2.167,-5.932,0.238", "y": 275.7, "x": -1686.4, "z": 23, "st": "NORMAL", "veh": 0 }, { "p": 4, "t": 367812, "g": 0, "v": "-0.235,-5.294,0.135", "y": 120.4, "x": -1714.2, "z": 28.8, "st": "NORMAL", "veh": 0 }, { "p": 2, "t": 368344, "g": 0, "v": "-0.281,-6.327,0.163", "y": -8.5, "x": -1715.7, "z": 32.1, "st": "NORMAL", "veh": 0 }, { "p": 2, "t": 368867, "g": 0, "v": "1.251,-5.495,-0.880", "y": -173.3, "x": -1702.7, "z": 19.6, "st": "NORMAL", "veh": 0 }, { "p": 2, "t": 369372, "g": 1, "v": "0.003,0.008,0.000", "y": -210.7, "x": -1696.3, "z": 14.1, "st": "NORMAL", "veh": 0 }, { "p": 2, "t": 369907, "g": 1, "v": "-0.001,-0.001,0.000", "y": -210.8, "x": -1696.3, "z": 14.1, "st": "NORMAL", "veh": 0 }, { "p": 2, "t": 370442, "g": 1, "v": "0.000,0.000,0.000", "y": -210.8, "x": -1696.3, "z": 14.1, "st": "NORMAL", "veh": 0 }, { "p": 2, "t": 370980, "g": 1, "v": "0.000,0.000,0.000", "y": -210.8, "x": -1696.3, "z": 14.1, "st": "NORMAL", "veh": 0 }, { "p": 2, "t": 371515, "g": 1, "v": "0.000,0.000,0.000", "y": -210.8, "x": -1696.3, "z": 14.1, "st": "NORMAL", "veh": 0 }, { "p": 2, "t": 372019, "g": 1, "v": "0.000,0.000,0.000", "y": -210.8, "x": -1696.3, "z": 14.1, "st": "NORMAL", "veh": 0 }, { "p": 2, "t": 372547, "g": 1, "v": "0.000,0.000,0.000", "y": -211, "x": -1696.3, "z": 14.1, "st": "NORMAL", "veh": 0 }, { "p": 2, "t": 373074, "g": 0, "v": "0.000,0.000,0.000", "y": 2248.6, "x": 81.3, "z": 79.5, "st": "NORMAL", "veh": 0 }, { "p": 2, "t": 373578, "g": 1, "v": "0.000,0.000,-0.087", "y": 2248.4, "x": 81.40000000000001, "z": 78.40000000000001, "st": "NORMAL", "veh": 0 }, { "p": 2, "t": 374082, "g": 1, "v": "0.000,0.000,0.000", "y": 2248.3, "x": 81.40000000000001, "z": 78.3, "st": "NORMAL", "veh": 0 }, { "p": 2, "t": 374586, "g": 1, "v": "0.000,0.000,0.000", "y": 2248.3, "x": 81.40000000000001, "z": 78.3, "st": "NORMAL", "veh": 0 }, { "p": 2, "t": 375122, "g": 1, "v": "0.000,0.000,0.000", "y": 2248.3, "x": 81.40000000000001, "z": 78.3, "st": "NORMAL", "veh": 0 }, { "p": 2, "t": 375636, "g": 1, "v": "0.000,0.000,0.000", "y": 2248.3, "x": 81.40000000000001, "z": 78.3, "st": "NORMAL", "veh": 0 }, { "p": 2, "t": 376162, "g": 1, "v": "0.000,0.000,0.000", "y": 2248.3, "x": 81.40000000000001, "z": 78.3, "st": "NORMAL", "veh": 0 }, { "p": 4, "t": 376677, "g": 1, "v": "0.000,0.000,0.000", "y": -1480.7, "x": 915.4, "z": 14.4, "st": "NORMAL", "veh": 0 }, { "p": 2, "t": 377180, "g": 1, "v": "0.028,-0.000,0.000", "y": -1480.7, "x": 915.5, "z": 13.4, "st": "NORMAL", "veh": 0 } ] ] | serial=6C8E003524821577A204631FE09CE344
[2026-09-09 11:39:35] [WARNING] Punishment applied || account=guest | action=KICK | detection=Teleport | name=XRAOUF?! | reason=Displacement of 3822m in 515ms (7421 m/s, class OnFoot) | score=65 | serial=6C8E003524821577A204631FE09CE344
[2026-09-09 11:39:35] [DETECTION] Detection: Teleport || account=guest | action=KICK | class=OnFoot | confidence=68 | detection=Teleport | dimension=0 | distance=3822 | dt=515 | interior=0 | level=High | name=XRAOUF?! | ping=2 | pos=915.5,-1480.7,13.4 | reason=Displacement of 3822m in 515ms (7421 m/s, class OnFoot) | score=65 | serial=6C8E003524821577A204631FE09CE344 | speed=7421 | state=NORMAL | vehicle=none | vel=0.028,-0.000,0.000 | weight=35
[2026-09-09 11:39:45] [WARNING] MTA special detection (SD) codes reported - environment indicator, not a cheat detection || acCodes= | account=guest | d3d9MD5= | d3d9Size=0 | name=XRAOUF?! | sdCodes=15 | serial=6C8E003524821577A204631FE09CE344
[2026-09-09 11:39:45] [DETECTION] Evidence || account=guest | detection=NativeSD | name=XRAOUF?! | samples=[ [ { "p": 2, "t": 383512, "g": 0, "v": "0.000,0.000,0.000", "y": 0, "x": 0, "z": 0, "st": "RESPAWNING", "veh": 0 }, { "p": 2, "t": 384029, "g": 0, "v": "0.000,0.000,0.000", "y": 0, "x": 0, "z": 0, "st": "SPAWN_GRACE", "veh": 0 }, { "p": 2, "t": 384540, "g": 0, "v": "0.000,0.000,0.000", "y": 0, "x": 0, "z": 0, "st": "SPAWN_GRACE", "veh": 0 }, { "p": 2, "t": 385051, "g": 0, "v": "0.000,0.000,0.000", "y": 0, "x": 0, "z": 0, "st": "SPAWN_GRACE", "veh": 0 }, { "p": 2, "t": 385561, "g": 0, "v": "0.000,0.000,0.000", "y": 0, "x": 0, "z": 0, "st": "SPAWN_GRACE", "veh": 0 }, { "p": 2, "t": 386081, "g": 0, "v": "0.000,0.000,0.000", "y": 0, "x": 0, "z": 0, "st": "SPAWN_GRACE", "veh": 0 }, { "p": 2, "t": 386595, "g": 0, "v": "0.000,0.000,0.000", "y": 0, "x": 0, "z": 0, "st": "SPAWN_GRACE", "veh": 0 } ] ] | serial=6C8E003524821577A204631FE09CE344
[2026-09-09 11:39:45] [DETECTION] Detection: NativeSD || account=guest | action=LOG | codes=15 | confidence=52 | detection=NativeSD | dimension=0 | interior=0 | level=Low | name=XRAOUF?! | ping=2 | pos=-713.0,954.0,12.4 | reason=MTA special detection codes 15 | score=5 | serial=6C8E003524821577A204631FE09CE344 | state=SPAWN_GRACE | vehicle=none | vel=0.000,0.000,0.000 | weight=5
[2026-09-09 11:45:18] [INFO] Jetpack in use (unregistered, RequireRegistration=false) || account=guest | name=XRAOUF?! | serial=6C8E003524821577A204631FE09CE344
[2026-09-09 11:50:18] [CRITICAL] SentinelAC is stopping || players=1 | possibleInitiators=none observed (MTA does not expose the initiator)
[2026-09-09 11:50:18] [INFO] SentinelAC stopped
[2026-09-09 11:52:42] [INFO] Logger initialised || debug=false | file=logs/sentinel.log | level=INFO | mode=BALANCED
[2026-09-09 11:52:42] [INFO] Movement sampler started || batch=40 | interval=500
[2026-09-09 11:52:42] [INFO] SentinelAC (re)started || possibleInitiators=none observed (MTA does not expose the initiator)
[2026-09-09 11:52:42] [INFO] Resource guard active || critical=0 | restartPolicy=CRITICAL_ONLY | trusted=3
[2026-09-09 11:52:44] [INFO] Static scan complete || client=305 | clientTriggers=142 | compiled=0 | dynamicTriggers=17 | errors=0 | fileAccess=true | remoteEvents=148 | resources=205 | server=259 | shared=35 | unreadable=10
[2026-09-09 11:52:44] [WARNING] Remote-triggerable server events with no client caller anywhere (attack surface) || count=6 | events=givetheguns@stealth, missionTimerActivated@stealth, onPlayerKillMessage@stealth, onPlayerReady@briefcaserace, onPostFinish@race_racewar, onServerCall_rw@race_racewar
[2026-09-09 11:52:44] [INFO] Firewall baseline loaded || events=11 | mode=LEARN
[2026-09-09 11:52:44] [INFO] Firewall active || hookedEvents=45 | learnedEvents=11 | mode=LEARN
[2026-09-09 11:52:44] [INFO] Native AC hooks || eventThreshold=true | invalidEvent=true
[2026-09-09 11:52:44] [INFO] Instrumentation pass || already=205 | changedRunning=0 | errorDetails= | errors=0 | instrumented=0 | skipped=0
[2026-09-09 11:52:44] [INFO] Instrumentation active || autoRestart=true | instrumented=205
[2026-09-09 11:52:44] [INFO] SentinelAC started || detections=Combat,EventAbuse,EventFirewall,Explosion,Fly,Injection,Integrity,Jetpack,NativeAC,NativeSD,NoClip,SpeedHack,Telemetry,Teleport,Vehicle | enabled=true | mode=BALANCED | players=1 | resource=sentinel_ac
[2026-09-09 11:52:55] [CRITICAL] SentinelAC is stopping || players=1 | possibleInitiators=none observed (MTA does not expose the initiator)
[2026-09-09 11:52:55] [INFO] SentinelAC stopped
[2026-09-09 11:52:56] [INFO] Logger initialised || debug=false | file=logs/sentinel.log | level=INFO | mode=BALANCED
[2026-09-09 11:52:56] [INFO] Movement sampler started || batch=40 | interval=500
[2026-09-09 11:52:56] [INFO] SentinelAC (re)started || possibleInitiators=none observed (MTA does not expose the initiator)
[2026-09-09 11:52:56] [INFO] Resource guard active || critical=0 | restartPolicy=CRITICAL_ONLY | trusted=3
[2026-09-09 11:52:58] [INFO] Static scan complete || client=305 | clientTriggers=142 | compiled=0 | dynamicTriggers=17 | errors=0 | fileAccess=true | remoteEvents=148 | resources=205 | server=259 | shared=35 | unreadable=10
[2026-09-09 11:52:58] [WARNING] Remote-triggerable server events with no client caller anywhere (attack surface) || count=6 | events=givetheguns@stealth, missionTimerActivated@stealth, onPlayerKillMessage@stealth, onPlayerReady@briefcaserace, onPostFinish@race_racewar, onServerCall_rw@race_racewar
[2026-09-09 11:52:58] [INFO] Firewall baseline loaded || events=12 | mode=LEARN
[2026-09-09 11:52:58] [INFO] Firewall active || hookedEvents=45 | learnedEvents=12 | mode=LEARN
[2026-09-09 11:52:58] [INFO] Native AC hooks || eventThreshold=true | invalidEvent=true
[2026-09-09 11:52:58] [INFO] Instrumentation pass || already=205 | changedRunning=0 | errorDetails= | errors=0 | instrumented=0 | skipped=0
[2026-09-09 11:52:58] [INFO] Instrumentation active || autoRestart=true | instrumented=205
[2026-09-09 11:52:58] [INFO] SentinelAC started || detections=Combat,EventAbuse,EventFirewall,Explosion,Fly,Injection,Integrity,Jetpack,NativeAC,NativeSD,NoClip,SpeedHack,Telemetry,Teleport,Vehicle | enabled=true | mode=BALANCED | players=1 | resource=sentinel_ac
[2026-09-09 11:53:10] [CRITICAL] SentinelAC is stopping || players=1 | possibleInitiators=UNCONFIRMED: XRAOUF?!(/start, 2622ms ago)
[2026-09-09 11:53:10] [INFO] SentinelAC stopped
[2026-09-09 11:53:11] [INFO] Logger initialised || debug=false | file=logs/sentinel.log | level=INFO | mode=BALANCED
[2026-09-09 11:53:11] [INFO] Movement sampler started || batch=40 | interval=500
[2026-09-09 11:53:11] [INFO] SentinelAC (re)started || possibleInitiators=none observed (MTA does not expose the initiator)
[2026-09-09 11:53:11] [INFO] Resource guard active || critical=0 | restartPolicy=CRITICAL_ONLY | trusted=3
[2026-09-09 11:53:13] [INFO] Static scan complete || client=305 | clientTriggers=142 | compiled=0 | dynamicTriggers=17 | errors=0 | fileAccess=true | remoteEvents=148 | resources=205 | server=259 | shared=35 | unreadable=10
[2026-09-09 11:53:13] [WARNING] Remote-triggerable server events with no client caller anywhere (attack surface) || count=6 | events=givetheguns@stealth, missionTimerActivated@stealth, onPlayerKillMessage@stealth, onPlayerReady@briefcaserace, onPostFinish@race_racewar, onServerCall_rw@race_racewar
[2026-09-09 11:53:13] [INFO] Firewall baseline loaded || events=12 | mode=LEARN
[2026-09-09 11:53:13] [INFO] Firewall active || hookedEvents=45 | learnedEvents=12 | mode=LEARN
[2026-09-09 11:53:13] [INFO] Native AC hooks || eventThreshold=true | invalidEvent=true
[2026-09-09 11:53:13] [INFO] Instrumentation pass || already=205 | changedRunning=0 | errorDetails= | errors=0 | instrumented=0 | skipped=0
[2026-09-09 11:53:13] [INFO] Instrumentation active || autoRestart=true | instrumented=205
[2026-09-09 11:53:13] [INFO] SentinelAC started || detections=Combat,EventAbuse,EventFirewall,Explosion,Fly,Injection,Integrity,Jetpack,NativeAC,NativeSD,NoClip,SpeedHack,Telemetry,Teleport,Vehicle | enabled=true | mode=BALANCED | players=1 | resource=sentinel_ac
[2026-09-09 12:01:34] [DETECTION] Evidence || account=guest | detection=Integrity | name=XRAOUF?! | samples=[ [ { "p": 2, "t": 1686192, "g": 1, "v": "-0.132,-0.145,0.000", "y": 217.8, "x": 2281.6, "z": 21.2, "st": "NORMAL", "veh": 0 }, { "p": 2, "t": 1686702, "g": 1, "v": "-0.071,0.040,0.000", "y": 218.8, "x": 2277.5, "z": 20.6, "st": "NORMAL", "veh": 0 }, { "p": 2, "t": 1687227, "g": 0, "v": "-0.937,0.147,0.226", "y": 220.4, "x": 2267.5, "z": 23.1, "st": "NORMAL", "veh": 0 }, { "p": 2, "t": 1687742, "g": 0, "v": "-2.708,-0.799,0.053", "y": 217.2, "x": 2228.5, "z": 27.2, "st": "NORMAL", "veh": 0 }, { "p": 2, "t": 1688278, "g": 0, "v": "-1.744,-4.967,0.018", "y": 156.7, "x": 2146.6, "z": 28.5, "st": "NORMAL", "veh": 0 }, { "p": 2, "t": 1688782, "g": 0, "v": "-2.355,-5.781,0.238", "y": 4.9, "x": 2092.9, "z": 8, "st": "NORMAL", "veh": 0 }, { "p": 2, "t": 1689316, "g": 0, "v": "-2.885,-5.618,0.238", "y": -152.7, "x": 2032.8, "z": 14.4, "st": "NORMAL", "veh": 0 }, { "p": 3, "t": 1689823, "g": 0, "v": "-6.251,-0.806,0.238", "y": -289.6, "x": 1941.1, "z": 20.9, "st": "NORMAL", "veh": 0 }, { "p": 2, "t": 1690340, "g": 0, "v": "2.002,5.850,0.238", "y": -185, "x": 1902.5, "z": 26, "st": "NORMAL", "veh": 0 }, { "p": 2, "t": 1690865, "g": 0, "v": "6.231,-0.377,0.238", "y": -61.1, "x": 1986, "z": 32.5, "st": "NORMAL", "veh": 0 }, { "p": 2, "t": 1691381, "g": 0, "v": "4.933,-3.976,0.058", "y": -104.7, "x": 2145.2, "z": 32.2, "st": "NORMAL", "veh": 0 }, { "p": 2, "t": 1691911, "g": 0, "v": "6.255,-1.002,-0.116", "y": -193, "x": 2289.1, "z": 32.6, "st": "NORMAL", "veh": 0 }, { "p": 2, "t": 1692418, "g": 0, "v": "-5.867,2.329,0.238", "y": -98.90000000000001, "x": 2355.9, "z": 32.1, "st": "NORMAL", "veh": 0 }, { "p": 2, "t": 1692922, "g": 0, "v": "-6.315,-0.056,0.238", "y": -87.8, "x": 2220.2, "z": 37.3, "st": "NORMAL", "veh": 0 }, { "p": 2, "t": 1693426, "g": 0, "v": "-6.164,1.283,0.238", "y": -73.40000000000001, "x": 2050.4, "z": 43.7, "st": "NORMAL", "veh": 0 }, { "p": 2, "t": 1693931, "g": 0, "v": "-6.094,1.549,0.238", "y": -37.1, "x": 1884.5, "z": 50.2, "st": "NORMAL", "veh": 0 }, { "p": 2, "t": 1694447, "g": 0, "v": "-5.163,1.312,0.245", "y": -10.5, "x": 1761.3, "z": 55.4, "st": "NORMAL", "veh": 0 }, { "p": 2, "t": 1694983, "g": 0, "v": "-3.911,0.994,0.246", "y": 16.7, "x": 1638, "z": 62, "st": "NORMAL", "veh": 0 }, { "p": 2, "t": 1695500, "g": 0, "v": "-2.600,0.661,0.247", "y": 36.8, "x": 1550, "z": 68.7, "st": "NORMAL", "veh": 0 }, { "p": 2, "t": 1696015, "g": 0, "v": "-1.301,0.189,0.165", "y": 48.2, "x": 1497.7, "z": 74.8, "st": "NORMAL", "veh": 0 } ] ] | serial=6C8E003524821577A204631FE09CE344
[2026-09-09 12:01:34] [DETECTION] Detection: Integrity || account=guest | action=LOG | clientWorld=0 | confidence=52 | detection=Integrity | dimension=0 | interior=0 | level=Low | name=XRAOUF?! | ping=2 | pos=1482.0,51.5,76.9 | reason=Client gravity differs from server gravity | score=15 | serial=6C8E003524821577A204631FE09CE344 | serverPed=n/a | serverWorld=0.0080000003799796 | state=NORMAL | vehicle=none | vel=-0.204,0.052,0.026 | weight=15
[2026-09-09 12:01:38] [DETECTION] Evidence || account=guest | detection=SpeedHack | name=XRAOUF?! | samples=[ [ { "p": 3, "t": 1689823, "g": 0, "v": "-6.251,-0.806,0.238", "y": -289.6, "x": 1941.1, "z": 20.9, "st": "NORMAL", "veh": 0 }, { "p": 2, "t": 1690340, "g": 0, "v": "2.002,5.850,0.238", "y": -185, "x": 1902.5, "z": 26, "st": "NORMAL", "veh": 0 }, { "p": 2, "t": 1690865, "g": 0, "v": "6.231,-0.377,0.238", "y": -61.1, "x": 1986, "z": 32.5, "st": "NORMAL", "veh": 0 }, { "p": 2, "t": 1691381, "g": 0, "v": "4.933,-3.976,0.058", "y": -104.7, "x": 2145.2, "z": 32.2, "st": "NORMAL", "veh": 0 }, { "p": 2, "t": 1691911, "g": 0, "v": "6.255,-1.002,-0.116", "y": -193, "x": 2289.1, "z": 32.6, "st": "NORMAL", "veh": 0 }, { "p": 2, "t": 1692418, "g": 0, "v": "-5.867,2.329,0.238", "y": -98.90000000000001, "x": 2355.9, "z": 32.1, "st": "NORMAL", "veh": 0 }, { "p": 2, "t": 1692922, "g": 0, "v": "-6.315,-0.056,0.238", "y": -87.8, "x": 2220.2, "z": 37.3, "st": "NORMAL", "veh": 0 }, { "p": 2, "t": 1693426, "g": 0, "v": "-6.164,1.283,0.238", "y": -73.40000000000001, "x": 2050.4, "z": 43.7, "st": "NORMAL", "veh": 0 }, { "p": 2, "t": 1693931, "g": 0, "v": "-6.094,1.549,0.238", "y": -37.1, "x": 1884.5, "z": 50.2, "st": "NORMAL", "veh": 0 }, { "p": 2, "t": 1694447, "g": 0, "v": "-5.163,1.312,0.245", "y": -10.5, "x": 1761.3, "z": 55.4, "st": "NORMAL", "veh": 0 }, { "p": 2, "t": 1694983, "g": 0, "v": "-3.911,0.994,0.246", "y": 16.7, "x": 1638, "z": 62, "st": "NORMAL", "veh": 0 }, { "p": 2, "t": 1695500, "g": 0, "v": "-2.600,0.661,0.247", "y": 36.8, "x": 1550, "z": 68.7, "st": "NORMAL", "veh": 0 }, { "p": 2, "t": 1696015, "g": 0, "v": "-1.301,0.189,0.165", "y": 48.2, "x": 1497.7, "z": 74.8, "st": "NORMAL", "veh": 0 }, { "p": 2, "t": 1696518, "g": 0, "v": "-0.204,0.052,0.026", "y": 51.5, "x": 1482, "z": 76.90000000000001, "st": "NORMAL", "veh": 0 }, { "p": 4, "t": 1697034, "g": 0, "v": "0.000,0.000,0.000", "y": 51.6, "x": 1481.6, "z": 76.90000000000001, "st": "NORMAL", "veh": 0 }, { "p": 2, "t": 1697551, "g": 0, "v": "-1.725,0.438,0.218", "y": 55.7, "x": 1463.4, "z": 79.09999999999999, "st": "NORMAL", "veh": 0 }, { "p": 2, "t": 1698086, "g": 0, "v": "-3.445,-2.188,-1.203", "y": 31, "x": 1392.2, "z": 65.90000000000001, "st": "NORMAL", "veh": 0 }, { "p": 2, "t": 1698623, "g": 0, "v": "-0.051,-6.236,0.238", "y": -76.59999999999999, "x": 1309.3, "z": 67.8, "st": "NORMAL", "veh": 0 }, { "p": 2, "t": 1699157, "g": 0, "v": "4.573,-4.381,0.196", "y": -240.2, "x": 1319.2, "z": 74.2, "st": "NORMAL", "veh": 0 }, { "p": 2, "t": 1699662, "g": 0, "v": "4.939,2.232,0.239", "y": -281.6, "x": 1472.9, "z": 74.59999999999999, "st": "NORMAL", "veh": 0 } ] ] | serial=6C8E003524821577A204631FE09CE344
[2026-09-09 12:01:38] [WARNING] Punishment applied || account=guest | action=WARN | detection=SpeedHack | name=XRAOUF?! | reason=On-foot speed exceeds limit over consecutive samples | score=35 | serial=6C8E003524821577A204631FE09CE344 | warnings=1
[2026-09-09 12:01:38] [DETECTION] Detection: SpeedHack || account=guest | action=WARN | confidence=60 | detection=SpeedHack | dimension=0 | interior=0 | level=Medium | limit=36 | name=XRAOUF?! | ping=2 | pos=1472.9,-281.6,74.6 | reason=On-foot speed exceeds limit over consecutive samples | samples=4 | score=35 | serial=6C8E003524821577A204631FE09CE344 | speed=315.2 | state=NORMAL | vehicle=none | vel=4.939,2.232,0.239 | weight=20
[2026-09-09 12:01:41] [WARNING] Unauthorised /ac attempt || account=guest | name=XRAOUF?! | serial=6C8E003524821577A204631FE09CE344
[2026-09-09 12:01:41] [DETECTION] Evidence || account=guest | detection=Fly | name=XRAOUF?! | samples=[ [ { "p": 2, "t": 1692922, "g": 0, "v": "-6.315,-0.056,0.238", "y": -87.8, "x": 2220.2, "z": 37.3, "st": "NORMAL", "veh": 0 }, { "p": 2, "t": 1693426, "g": 0, "v": "-6.164,1.283,0.238", "y": -73.40000000000001, "x": 2050.4, "z": 43.7, "st": "NORMAL", "veh": 0 }, { "p": 2, "t": 1693931, "g": 0, "v": "-6.094,1.549,0.238", "y": -37.1, "x": 1884.5, "z": 50.2, "st": "NORMAL", "veh": 0 }, { "p": 2, "t": 1694447, "g": 0, "v": "-5.163,1.312,0.245", "y": -10.5, "x": 1761.3, "z": 55.4, "st": "NORMAL", "veh": 0 }, { "p": 2, "t": 1694983, "g": 0, "v": "-3.911,0.994,0.246", "y": 16.7, "x": 1638, "z": 62, "st": "NORMAL", "veh": 0 }, { "p": 2, "t": 1695500, "g": 0, "v": "-2.600,0.661,0.247", "y": 36.8, "x": 1550, "z": 68.7, "st": "NORMAL", "veh": 0 }, { "p": 2, "t": 1696015, "g": 0, "v": "-1.301,0.189,0.165", "y": 48.2, "x": 1497.7, "z": 74.8, "st": "NORMAL", "veh": 0 }, { "p": 2, "t": 1696518, "g": 0, "v": "-0.204,0.052,0.026", "y": 51.5, "x": 1482, "z": 76.90000000000001, "st": "NORMAL", "veh": 0 }, { "p": 4, "t": 1697034, "g": 0, "v": "0.000,0.000,0.000", "y": 51.6, "x": 1481.6, "z": 76.90000000000001, "st": "NORMAL", "veh": 0 }, { "p": 2, "t": 1697551, "g": 0, "v": "-1.725,0.438,0.218", "y": 55.7, "x": 1463.4, "z": 79.09999999999999, "st": "NORMAL", "veh": 0 }, { "p": 2, "t": 1698086, "g": 0, "v": "-3.445,-2.188,-1.203", "y": 31, "x": 1392.2, "z": 65.90000000000001, "st": "NORMAL", "veh": 0 }, { "p": 2, "t": 1698623, "g": 0, "v": "-0.051,-6.236,0.238", "y": -76.59999999999999, "x": 1309.3, "z": 67.8, "st": "NORMAL", "veh": 0 }, { "p": 2, "t": 1699157, "g": 0, "v": "4.573,-4.381,0.196", "y": -240.2, "x": 1319.2, "z": 74.2, "st": "NORMAL", "veh": 0 }, { "p": 2, "t": 1699662, "g": 0, "v": "4.939,2.232,0.239", "y": -281.6, "x": 1472.9, "z": 74.59999999999999, "st": "NORMAL", "veh": 0 }, { "p": 2, "t": 1700167, "g": 0, "v": "0.854,4.272,-0.129", "y": -185.9, "x": 1510.5, "z": 73.5, "st": "NORMAL", "veh": 0 }, { "p": 2, "t": 1700672, "g": 0, "v": "0.892,2.862,-0.085", "y": -90.7, "x": 1537, "z": 70.7, "st": "NORMAL", "veh": 0 }, { "p": 2, "t": 1701176, "g": 0, "v": "0.483,1.551,-0.046", "y": -31, "x": 1553.5, "z": 68.90000000000001, "st": "NORMAL", "veh": 0 }, { "p": 2, "t": 1701680, "g": 0, "v": "0.153,0.491,-0.015", "y": -9.1, "x": 1559.6, "z": 68.3, "st": "NORMAL", "veh": 0 }, { "p": 2, "t": 1702187, "g": 0, "v": "0.000,0.000,0.000", "y": -6.8, "x": 1560.2, "z": 68.2, "st": "NORMAL", "veh": 0 }, { "p": 2, "t": 1702693, "g": 0, "v": "0.000,0.000,0.000", "y": -6.8, "x": 1560.2, "z": 68.2, "st": "NORMAL", "veh": 0 } ] ] | serial=6C8E003524821577A204631FE09CE344
[2026-09-09 12:01:41] [DETECTION] Detection: Fly || account=guest | action=COOLDOWN | airTime=6678 | altitudeGain=-6.7 | clientGround=46.8 | clientTask=unknown | confidence=68 | detection=Fly | dimension=0 | interior=0 | level=Medium | name=XRAOUF?! | ping=2 | pos=1560.2,-6.8,68.2 | reason=Airborne movement without falling physics: hover | score=60 | serial=6C8E003524821577A204631FE09CE344 | state=NORMAL | vehicle=none | vel=0.000,0.000,0.000 | weight=25
[2026-09-09 12:01:42] [WARNING] Unauthorised /ac attempt || account=guest | name=XRAOUF?! | serial=6C8E003524821577A204631FE09CE344
[2026-09-09 12:01:42] [DETECTION] Evidence || account=guest | detection=NoClip | name=XRAOUF?! | samples=[ [ { "p": 2, "t": 1694447, "g": 0, "v": "-5.163,1.312,0.245", "y": -10.5, "x": 1761.3, "z": 55.4, "st": "NORMAL", "veh": 0 }, { "p": 2, "t": 1694983, "g": 0, "v": "-3.911,0.994,0.246", "y": 16.7, "x": 1638, "z": 62, "st": "NORMAL", "veh": 0 }, { "p": 2, "t": 1695500, "g": 0, "v": "-2.600,0.661,0.247", "y": 36.8, "x": 1550, "z": 68.7, "st": "NORMAL", "veh": 0 }, { "p": 2, "t": 1696015, "g": 0, "v": "-1.301,0.189,0.165", "y": 48.2, "x": 1497.7, "z": 74.8, "st": "NORMAL", "veh": 0 }, { "p": 2, "t": 1696518, "g": 0, "v": "-0.204,0.052,0.026", "y": 51.5, "x": 1482, "z": 76.90000000000001, "st": "NORMAL", "veh": 0 }, { "p": 4, "t": 1697034, "g": 0, "v": "0.000,0.000,0.000", "y": 51.6, "x": 1481.6, "z": 76.90000000000001, "st": "NORMAL", "veh": 0 }, { "p": 2, "t": 1697551, "g": 0, "v": "-1.725,0.438,0.218", "y": 55.7, "x": 1463.4, "z": 79.09999999999999, "st": "NORMAL", "veh": 0 }, { "p": 2, "t": 1698086, "g": 0, "v": "-3.445,-2.188,-1.203", "y": 31, "x": 1392.2, "z": 65.90000000000001, "st": "NORMAL", "veh": 0 }, { "p": 2, "t": 1698623, "g": 0, "v": "-0.051,-6.236,0.238", "y": -76.59999999999999, "x": 1309.3, "z": 67.8, "st": "NORMAL", "veh": 0 }, { "p": 2, "t": 1699157, "g": 0, "v": "4.573,-4.381,0.196", "y": -240.2, "x": 1319.2, "z": 74.2, "st": "NORMAL", "veh": 0 }, { "p": 2, "t": 1699662, "g": 0, "v": "4.939,2.232,0.239", "y": -281.6, "x": 1472.9, "z": 74.59999999999999, "st": "NORMAL", "veh": 0 }, { "p": 2, "t": 1700167, "g": 0, "v": "0.854,4.272,-0.129", "y": -185.9, "x": 1510.5, "z": 73.5, "st": "NORMAL", "veh": 0 }, { "p": 2, "t": 1700672, "g": 0, "v": "0.892,2.862,-0.085", "y": -90.7, "x": 1537, "z": 70.7, "st": "NORMAL", "veh": 0 }, { "p": 2, "t": 1701176, "g": 0, "v": "0.483,1.551,-0.046", "y": -31, "x": 1553.5, "z": 68.90000000000001, "st": "NORMAL", "veh": 0 }, { "p": 2, "t": 1701680, "g": 0, "v": "0.153,0.491,-0.015", "y": -9.1, "x": 1559.6, "z": 68.3, "st": "NORMAL", "veh": 0 }, { "p": 2, "t": 1702187, "g": 0, "v": "0.000,0.000,0.000", "y": -6.8, "x": 1560.2, "z": 68.2, "st": "NORMAL", "veh": 0 }, { "p": 2, "t": 1702693, "g": 0, "v": "0.000,0.000,0.000", "y": -6.8, "x": 1560.2, "z": 68.2, "st": "NORMAL", "veh": 0 }, { "p": 2, "t": 1703198, "g": 0, "v": "0.000,0.000,0.000", "y": -6.8, "x": 1560.2, "z": 68.2, "st": "NORMAL", "veh": 0 }, { "p": 2, "t": 1703733, "g": 0, "v": "0.000,0.000,0.000", "y": -6.8, "x": 1560.2, "z": 68.2, "st": "NORMAL", "veh": 0 }, { "p": 2, "t": 1704251, "g": 0, "v": "0.000,0.000,0.000", "y": -6.8, "x": 1560.2, "z": 68.2, "st": "NORMAL", "veh": 0 } ] ] | serial=6C8E003524821577A204631FE09CE344
[2026-09-09 12:01:42] [WARNING] Punishment applied || account=guest | action=KICK | detection=NoClip | name=XRAOUF?! | reason=Client collisions disabled while server has them enabled | score=90 | serial=6C8E003524821577A204631FE09CE344
[2026-09-09 12:01:42] [DETECTION] Detection: NoClip || account=guest | action=KICK | confidence=76 | detection=NoClip | dimension=0 | interior=0 | level=High | name=XRAOUF?! | ping=2 | pos=1560.2,-6.8,68.2 | reason=Client collisions disabled while server has them enabled | score=90 | serial=6C8E003524821577A204631FE09CE344 | state=NORMAL | vehicle=none | vel=0.000,0.000,0.000 | weight=30
[2026-09-09 12:01:52] [WARNING] MTA special detection (SD) codes reported - environment indicator, not a cheat detection || acCodes= | account=guest | d3d9MD5= | d3d9Size=0 | name=XRAOUF?! | sdCodes=15 | serial=6C8E003524821577A204631FE09CE344
[2026-09-09 12:01:52] [DETECTION] Evidence || account=guest | detection=NativeSD | name=XRAOUF?! | samples=[ [ { "p": 2, "t": 1710082, "g": 0, "v": "0.000,0.000,0.000", "y": -1666, "x": 2483, "z": 13.3, "st": "NORMAL", "veh": 0 }, { "p": 2, "t": 1710600, "g": 0, "v": "0.000,0.000,0.000", "y": 0, "x": 0, "z": 0, "st": "NORMAL", "veh": 0 }, { "p": 2, "t": 1711127, "g": 0, "v": "0.000,0.000,0.000", "y": 0, "x": 0, "z": 0, "st": "NORMAL", "veh": 0 }, { "p": 2, "t": 1711644, "g": 0, "v": "0.000,0.000,0.000", "y": 0, "x": 0, "z": 0, "st": "NORMAL", "veh": 0 }, { "p": 2, "t": 1712164, "g": 0, "v": "0.000,0.000,0.000", "y": 0, "x": 0, "z": 0, "st": "NORMAL", "veh": 0 }, { "p": 4, "t": 1712692, "g": 0, "v": "0.000,0.000,0.000", "y": 0, "x": 0, "z": 0, "st": "NORMAL", "veh": 0 }, { "p": 4, "t": 1713192, "g": 0, "v": "0.000,0.000,0.000", "y": 0, "x": 0, "z": 0, "st": "NORMAL", "veh": 0 }, { "p": 4, "t": 1713720, "g": 0, "v": "0.000,0.000,0.000", "y": 0, "x": 0, "z": 0, "st": "NORMAL", "veh": 0 } ] ] | serial=6C8E003524821577A204631FE09CE344
[2026-09-09 12:01:52] [DETECTION] Detection: NativeSD || account=guest | action=LOG | codes=15 | confidence=52 | detection=NativeSD | dimension=0 | interior=0 | level=Low | name=XRAOUF?! | ping=2 | pos=2483.0,-1666.0,13.3 | reason=MTA special detection codes 15 | score=5 | serial=6C8E003524821577A204631FE09CE344 | state=NORMAL | vehicle=none | vel=0.000,0.000,0.000 | weight=5
[2026-09-09 12:02:21] [DETECTION] Evidence || account=guest | detection=Injection | name=XRAOUF?! | samples=[ [ { "p": 2, "t": 1732888, "g": 1, "v": "0.000,0.000,0.000", "y": -1670.2, "x": 2460, "z": 13.3, "st": "NORMAL", "veh": 475 }, { "p": 2, "t": 1733394, "g": 1, "v": "0.000,0.004,0.002", "y": -1670.2, "x": 2460, "z": 13.3, "st": "NORMAL", "veh": 475 }, { "p": 3, "t": 1733915, "g": 1, "v": "0.001,0.065,-0.001", "y": -1669.4, "x": 2460, "z": 13.3, "st": "NORMAL", "veh": 475 }, { "p": 2, "t": 1734418, "g": 1, "v": "-0.051,0.114,-0.001", "y": -1666.7, "x": 2459.6, "z": 13.3, "st": "NORMAL", "veh": 475 }, { "p": 4, "t": 1734955, "g": 1, "v": "-0.129,0.160,0.003", "y": -1662.6, "x": 2457.6, "z": 13.2, "st": "NORMAL", "veh": 475 }, { "p": 2, "t": 1735488, "g": 1, "v": "-0.227,0.045,-0.000", "y": -1660.1, "x": 2452.6, "z": 13.1, "st": "NORMAL", "veh": 475 }, { "p": 2, "t": 1736006, "g": 1, "v": "-0.267,0.032,-0.000", "y": -1658.3, "x": 2446.1, "z": 13.1, "st": "NORMAL", "veh": 475 }, { "p": 2, "t": 1736531, "g": 1, "v": "-0.352,0.021,0.003", "y": -1657.8, "x": 2437.8, "z": 13.2, "st": "NORMAL", "veh": 475 }, { "p": 2, "t": 1737036, "g": 1, "v": "-0.425,0.028,-0.001", "y": -1657.3, "x": 2429.7, "z": 13.2, "st": "NORMAL", "veh": 475 }, { "p": 2, "t": 1737570, "g": 1, "v": "-0.499,0.021,-0.000", "y": -1656.7, "x": 2417, "z": 13.2, "st": "NORMAL", "veh": 475 }, { "p": 2, "t": 1738085, "g": 1, "v": "-0.549,-0.000,0.000", "y": -1656.5, "x": 2402.8, "z": 13.2, "st": "NORMAL", "veh": 475 }, { "p": 2, "t": 1738621, "g": 1, "v": "-0.597,-0.006,0.000", "y": -1656.5, "x": 2387.3, "z": 13.2, "st": "NORMAL", "veh": 475 }, { "p": 2, "t": 1739139, "g": 1, "v": "-0.639,-0.045,-0.000", "y": -1657.5, "x": 2371, "z": 13.2, "st": "NORMAL", "veh": 475 }, { "p": 4, "t": 1739657, "g": 1, "v": "-0.683,-0.030,0.001", "y": -1658.7, "x": 2353.1, "z": 13.2, "st": "NORMAL", "veh": 475 }, { "p": 2, "t": 1740174, "g": 1, "v": "-0.711,-0.013,-0.001", "y": -1659.1, "x": 2334.3, "z": 13.2, "st": "NORMAL", "veh": 475 }, { "p": 2, "t": 1740691, "g": 1, "v": "-0.725,-0.014,0.026", "y": -1659.4, "x": 2318.7, "z": 13.8, "st": "NORMAL", "veh": 475 }, { "p": 2, "t": 1741193, "g": 1, "v": "-0.744,-0.015,0.023", "y": -1659.7, "x": 2298.8, "z": 14.4, "st": "NORMAL", "veh": 475 }, { "p": 2, "t": 1741727, "g": 1, "v": "-0.756,0.098,0.018", "y": -1659.1, "x": 2278.5, "z": 14.9, "st": "NORMAL", "veh": 475 }, { "p": 2, "t": 1742230, "g": 1, "v": "-0.777,0.110,0.008", "y": -1656.1, "x": 2257.8, "z": 15, "st": "NORMAL", "veh": 475 }, { "p": 2, "t": 1742757, "g": 1, "v": "-0.783,0.168,-0.003", "y": -1653.5, "x": 2240.8, "z": 15.1, "st": "NORMAL", "veh": 475 } ] ] | serial=6C8E003524821577A204631FE09CE344
[2026-09-09 12:02:21] [WARNING] Punishment applied || account=guest | action=KICK | detection=Injection | name=XRAOUF?! | reason=Injected code detected inside resource 'hedit' (unknown-source) | score=45 | serial=6C8E003524821577A204631FE09CE344
[2026-09-09 12:02:21] [DETECTION] Detection: Injection || account=guest | action=KICK | confidence=60 | detection=Injection | dimension=0 | event=vehicleLockRequest | fn=triggerServerEvent | interior=0 | kind=unknown-source | level=Medium | name=XRAOUF?! | ping=2 | pos=2223.9,-1649.1,15.1 | reason=Injected code detected inside resource 'hedit' (unknown-source) | resource=hedit | score=45 | serial=6C8E003524821577A204631FE09CE344 | source==(tail call) | state=NORMAL | vehicle=Sabre(475) | vel=-0.783,0.236,0.001 | weight=45
[2026-09-09 12:03:43] [CRITICAL] SentinelAC is stopping || players=0 | possibleInitiators=none observed (MTA does not expose the initiator)
[2026-09-09 12:03:43] [INFO] SentinelAC stopped
[2026-09-09 12:03:44] [INFO] Logger initialised || debug=false | file=logs/sentinel.log | level=INFO | mode=BALANCED
[2026-09-09 12:03:44] [INFO] Movement sampler started || batch=40 | interval=500
[2026-09-09 12:03:44] [INFO] SentinelAC (re)started || possibleInitiators=none observed (MTA does not expose the initiator)
[2026-09-09 12:03:44] [INFO] Resource guard active || critical=0 | restartPolicy=CRITICAL_ONLY | trusted=3
[2026-09-09 12:03:46] [INFO] Static scan complete || client=305 | clientTriggers=142 | compiled=0 | dynamicTriggers=17 | errors=0 | fileAccess=true | remoteEvents=148 | resources=205 | server=259 | shared=35 | unreadable=10
[2026-09-09 12:03:46] [WARNING] Remote-triggerable server events with no client caller anywhere (attack surface) || count=6 | events=givetheguns@stealth, missionTimerActivated@stealth, onPlayerKillMessage@stealth, onPlayerReady@briefcaserace, onPostFinish@race_racewar, onServerCall_rw@race_racewar
[2026-09-09 12:03:46] [INFO] Firewall baseline loaded || events=13 | mode=LEARN
[2026-09-09 12:03:46] [INFO] Firewall active || hookedEvents=45 | learnedEvents=13 | mode=LEARN
[2026-09-09 12:03:46] [INFO] Native AC hooks || eventThreshold=true | invalidEvent=true
[2026-09-09 12:03:46] [INFO] Instrumentation pass || already=205 | changedRunning=0 | errors=0 | instrumented=0 | skipped=0
[2026-09-09 12:03:46] [INFO] Instrumentation active || autoRestart=true | instrumented=205
[2026-09-09 12:03:46] [INFO] SentinelAC started || detections=Combat,EventAbuse,EventFirewall,Explosion,Fly,Injection,Integrity,Jetpack,NativeAC,NativeSD,NoClip,SpeedHack,Telemetry,Teleport,Vehicle | enabled=true | mode=BALANCED | players=0 | resource=sentinel_ac
[2026-09-09 12:03:53] [WARNING] MTA special detection (SD) codes reported - environment indicator, not a cheat detection || acCodes= | account=guest | d3d9MD5= | d3d9Size=0 | name=XRAOUF?! | sdCodes=15 | serial=6C8E003524821577A204631FE09CE344
[2026-09-09 12:03:53] [DETECTION] Evidence || account=guest | detection=NativeSD | name=XRAOUF?! | samples=[ [ { "p": 2, "t": 1832180, "g": 0, "v": "0.000,0.000,0.000", "y": 0, "x": 0, "z": 0, "st": "NORMAL", "veh": 0 }, { "p": 2, "t": 1832693, "g": 0, "v": "0.000,0.000,0.000", "y": 0, "x": 0, "z": 0, "st": "NORMAL", "veh": 0 }, { "p": 2, "t": 1833206, "g": 0, "v": "0.000,0.000,0.000", "y": 0, "x": 0, "z": 0, "st": "NORMAL", "veh": 0 }, { "p": 2, "t": 1833719, "g": 0, "v": "0.000,0.000,0.000", "y": 0, "x": 0, "z": 0, "st": "NORMAL", "veh": 0 }, { "p": 2, "t": 1834253, "g": 0, "v": "0.000,0.000,0.000", "y": 0, "x": 0, "z": 0, "st": "NORMAL", "veh": 0 }, { "p": 2, "t": 1834754, "g": 0, "v": "0.000,0.000,0.000", "y": 0, "x": 0, "z": 0, "st": "NORMAL", "veh": 0 } ] ] | serial=6C8E003524821577A204631FE09CE344
[2026-09-09 12:03:53] [DETECTION] Detection: NativeSD || account=guest | action=LOG | codes=15 | confidence=52 | detection=NativeSD | dimension=0 | interior=0 | level=Low | name=XRAOUF?! | ping=4 | pos=2003.0,1542.0,13.5 | reason=MTA special detection codes 15 | score=5 | serial=6C8E003524821577A204631FE09CE344 | state=NORMAL | vehicle=none | vel=0.000,0.000,0.000 | weight=5
[2026-09-09 12:04:23] [DETECTION] Evidence || account=guest | detection=Injection | name=XRAOUF?! | samples=[ [ { "p": 2, "t": 1854492, "g": 0, "v": "0.007,-0.614,-0.000", "y": 1390.9, "x": 2047.4, "z": 10.5, "st": "NORMAL", "veh": 568 }, { "p": 2, "t": 1855007, "g": 0, "v": "0.005,-0.621,-0.000", "y": 1377.5, "x": 2047.5, "z": 10.5, "st": "NORMAL", "veh": 568 }, { "p": 2, "t": 1855513, "g": 0, "v": "0.005,-0.629,-0.000", "y": 1360.6, "x": 2047.7, "z": 10.5, "st": "NORMAL", "veh": 568 }, { "p": 2, "t": 1856049, "g": 0, "v": "0.005,-0.635,-0.000", "y": 1343.5, "x": 2047.9, "z": 10.5, "st": "NORMAL", "veh": 568 }, { "p": 2, "t": 1856555, "g": 0, "v": "-0.007,-0.640,-0.000", "y": 1326.3, "x": 2048, "z": 10.5, "st": "NORMAL", "veh": 568 }, { "p": 2, "t": 1857080, "g": 0, "v": "-0.010,-0.645,-0.000", "y": 1308.9, "x": 2047.7, "z": 10.5, "st": "NORMAL", "veh": 568 }, { "p": 2, "t": 1857585, "g": 0, "v": "-0.010,-0.648,0.000", "y": 1294.9, "x": 2047.5, "z": 10.5, "st": "NORMAL", "veh": 568 }, { "p": 2, "t": 1858100, "g": 0, "v": "-0.010,-0.651,0.000", "y": 1277.2, "x": 2047.2, "z": 10.5, "st": "NORMAL", "veh": 568 }, { "p": 2, "t": 1858636, "g": 0, "v": "-0.010,-0.654,-0.000", "y": 1259.6, "x": 2046.9, "z": 10.5, "st": "NORMAL", "veh": 568 }, { "p": 4, "t": 1859166, "g": 0, "v": "-0.010,-0.656,-0.000", "y": 1241.9, "x": 2046.6, "z": 10.5, "st": "NORMAL", "veh": 568 }, { "p": 4, "t": 1859672, "g": 0, "v": "-0.000,-0.659,-0.000", "y": 1224.1, "x": 2046.5, "z": 10.5, "st": "NORMAL", "veh": 568 }, { "p": 2, "t": 1860188, "g": 0, "v": "-0.000,-0.579,-0.000", "y": 1210.7, "x": 2046.4, "z": 10.5, "st": "NORMAL", "veh": 568 }, { "p": 2, "t": 1860713, "g": 0, "v": "-0.000,-0.506,-0.000", "y": 1196.4, "x": 2046.4, "z": 10.5, "st": "NORMAL", "veh": 568 }, { "p": 2, "t": 1861238, "g": 0, "v": "0.000,-0.547,-0.000", "y": 1182.1, "x": 2046.3, "z": 10.5, "st": "NORMAL", "veh": 568 }, { "p": 1, "t": 1861771, "g": 0, "v": "0.005,-0.578,0.000", "y": 1166.8, "x": 2046.4, "z": 10.5, "st": "NORMAL", "veh": 568 }, { "p": 2, "t": 1862275, "g": 0, "v": "0.005,-0.592,0.000", "y": 1151, "x": 2046.6, "z": 10.5, "st": "NORMAL", "veh": 568 }, { "p": 2, "t": 1862791, "g": 0, "v": "0.005,-0.602,-0.000", "y": 1138.1, "x": 2046.7, "z": 10.5, "st": "NORMAL", "veh": 568 }, { "p": 4, "t": 1863326, "g": 0, "v": "0.005,-0.612,-0.000", "y": 1121.7, "x": 2046.9, "z": 10.5, "st": "NORMAL", "veh": 568 }, { "p": 2, "t": 1863841, "g": 0, "v": "0.005,-0.621,-0.000", "y": 1105, "x": 2047.1, "z": 10.5, "st": "NORMAL", "veh": 568 }, { "p": 2, "t": 1864380, "g": 0, "v": "0.005,-0.629,-0.000", "y": 1088.1, "x": 2047.2, "z": 10.5, "st": "NORMAL", "veh": 568 } ] ] | serial=6C8E003524821577A204631FE09CE344
[2026-09-09 12:04:23] [WARNING] Punishment applied || account=guest | action=KICK | detection=Injection | name=XRAOUF?! | reason=Injected code detected inside resource 'hedit' (unknown-source) | score=45 | serial=6C8E003524821577A204631FE09CE344
[2026-09-09 12:04:23] [DETECTION] Detection: Injection || account=guest | action=KICK | confidence=60 | detection=Injection | dimension=0 | event=vehicleLockRequest | fn=triggerServerEvent | interior=0 | kind=unknown-source | level=Medium | name=XRAOUF?! | ping=2 | pos=2047.4,1074.5,10.5 | reason=Injected code detected inside resource 'hedit' (unknown-source) | resource=hedit | score=45 | serial=6C8E003524821577A204631FE09CE344 | source==(tail call) | state=NORMAL | vehicle=Bandito(568) | vel=0.005,-0.634,-0.000 | weight=45
[2026-09-09 12:09:16] [CRITICAL] SentinelAC is stopping || players=0 | possibleInitiators=none observed (MTA does not expose the initiator)
[2026-09-09 12:09:16] [INFO] SentinelAC stopped
[2026-09-09 12:09:17] [INFO] Logger initialised || debug=false | file=logs/sentinel.log | level=INFO | mode=BALANCED
[2026-09-09 12:09:17] [INFO] Movement sampler started || batch=40 | interval=500
[2026-09-09 12:09:17] [INFO] SentinelAC (re)started || possibleInitiators=none observed (MTA does not expose the initiator)
[2026-09-09 12:09:17] [INFO] Resource guard active || critical=0 | restartPolicy=CRITICAL_ONLY | trusted=3
[2026-09-09 12:09:19] [INFO] Static scan complete || client=305 | clientTriggers=142 | compiled=0 | dynamicTriggers=17 | errors=0 | fileAccess=true | remoteEvents=148 | resources=205 | server=259 | shared=35 | unreadable=10
[2026-09-09 12:09:19] [WARNING] Remote-triggerable server events with no client caller anywhere (attack surface) || count=6 | events=givetheguns@stealth, missionTimerActivated@stealth, onPlayerKillMessage@stealth, onPlayerReady@briefcaserace, onPostFinish@race_racewar, onServerCall_rw@race_racewar
[2026-09-09 12:09:19] [INFO] Firewall baseline loaded || events=13 | mode=LEARN
[2026-09-09 12:09:19] [INFO] Firewall active || hookedEvents=45 | learnedEvents=13 | mode=LEARN
[2026-09-09 12:09:19] [INFO] Native AC hooks || eventThreshold=true | invalidEvent=true
[2026-09-09 12:09:19] [INFO] Canary updated to current template || resource=acpanel
[2026-09-09 12:09:19] [INFO] Canary updated to current template || resource=admin
[2026-09-09 12:09:19] [INFO] Canary updated to current template || resource=admin2
[2026-09-09 12:09:19] [INFO] Canary updated to current template || resource=ajax
[2026-09-09 12:09:19] [INFO] Canary updated to current template || resource=as-area51
[2026-09-09 12:09:19] [INFO] Canary updated to current template || resource=as-cliff
[2026-09-09 12:09:19] [INFO] Canary updated to current template || resource=as-dam
[2026-09-09 12:09:19] [INFO] Canary updated to current template || resource=as-docks
[2026-09-09 12:09:19] [INFO] Canary updated to current template || resource=as-heist
[2026-09-09 12:09:19] [INFO] Canary updated to current template || resource=as-sharks
[2026-09-09 12:09:19] [INFO] Canary updated to current template || resource=as-ship
[2026-09-09 12:09:19] [INFO] Canary updated to current template || resource=as-supermarket
[2026-09-09 12:09:19] [INFO] Canary updated to current template || resource=assault
[2026-09-09 12:09:19] [INFO] Canary updated to current template || resource=br-sf
[2026-09-09 12:09:19] [INFO] Canary updated to current template || resource=br-sf-autoteams
[2026-09-09 12:09:19] [INFO] Canary updated to current template || resource=br-sf-teams
[2026-09-09 12:09:19] [INFO] Canary updated to current template || resource=briefcase
[2026-09-09 12:09:19] [INFO] Canary updated to current template || resource=briefcaserace
[2026-09-09 12:09:19] [INFO] Canary updated to current template || resource=chatmanager
[2026-09-09 12:09:19] [INFO] Canary updated to current template || resource=ctf
[2026-09-09 12:09:19] [INFO] Canary updated to current template || resource=ctf-bombsite
[2026-09-09 12:09:19] [INFO] Canary updated to current template || resource=ctf-canals
[2026-09-09 12:09:19] [INFO] Canary updated to current template || resource=ctf-csitaly
[2026-09-09 12:09:19] [INFO] Canary updated to current template || resource=ctf-goldcove
[2026-09-09 12:09:19] [INFO] Canary updated to current template || resource=ctf-hideout_z
[2026-09-09 12:09:19] [INFO] Canary updated to current template || resource=ctf-hydrastrike
[2026-09-09 12:09:19] [INFO] Canary updated to current template || resource=ctf-sewer
[2026-09-09 12:09:19] [INFO] Canary updated to current template || resource=ctf-tbd
[2026-09-09 12:09:19] [INFO] Canary updated to current template || resource=ctv
[2026-09-09 12:09:19] [INFO] Canary updated to current template || resource=ctv-ls
[2026-09-09 12:09:19] [INFO] Canary updated to current template || resource=ctv-smalltownrumble
[2026-09-09 12:09:19] [INFO] Canary updated to current template || resource=deathmatch
[2026-09-09 12:09:19] [INFO] Canary updated to current template || resource=deathmessages
[2026-09-09 12:09:19] [INFO] Canary updated to current template || resource=deathpickups
[2026-09-09 12:09:19] [INFO] Canary updated to current template || resource=defaultstats
[2026-09-09 12:09:19] [INFO] Canary updated to current template || resource=dialogs
[2026-09-09 12:09:19] [INFO] Canary updated to current template || resource=dm-arena1
[2026-09-09 12:09:19] [INFO] Canary updated to current template || resource=dm-canals
[2026-09-09 12:09:19] [INFO] Canary updated to current template || resource=dm-port69
[2026-09-09 12:09:19] [INFO] Canary updated to current template || resource=dm-smallville
[2026-09-09 12:09:19] [INFO] Canary updated to current template || resource=easytext
[2026-09-09 12:09:19] [INFO] Canary updated to current template || resource=edf
[2026-09-09 12:09:19] [INFO] Canary updated to current template || resource=editor
[2026-09-09 12:09:19] [INFO] Canary updated to current template || resource=editor_gui
[2026-09-09 12:09:19] [INFO] Canary updated to current template || resource=editor_main
[2026-09-09 12:09:19] [INFO] Canary updated to current template || resource=elementbrowser
[2026-09-09 12:09:19] [INFO] Canary updated to current template || resource=fallout
[2026-09-09 12:09:19] [INFO] Canary updated to current template || resource=fastrope
[2026-09-09 12:09:19] [INFO] Canary updated to current template || resource=freecam
[2026-09-09 12:09:19] [INFO] Canary updated to current template || resource=freeroam
[2026-09-09 12:09:19] [INFO] Canary updated to current template || resource=glue
[2026-09-09 12:09:19] [INFO] Canary updated to current template || resource=gps
[2026-09-09 12:09:19] [INFO] Canary updated to current template || resource=hay
[2026-09-09 12:09:19] [INFO] Canary updated to current template || resource=headshot
[2026-09-09 12:09:19] [INFO] Canary updated to current template || resource=hedit
[2026-09-09 12:09:19] [INFO] Canary updated to current template || resource=helpmanager
[2026-09-09 12:09:19] [INFO] Canary updated to current template || resource=interiors
[2026-09-09 12:09:19] [INFO] Canary updated to current template || resource=internetradio
[2026-09-09 12:09:19] [INFO] Canary updated to current template || resource=ip2c
[2026-09-09 12:09:19] [INFO] Canary updated to current template || resource=ipb
[2026-09-09 12:09:19] [INFO] Canary updated to current template || resource=joinquit
[2026-09-09 12:09:19] [INFO] Canary updated to current template || resource=killmessages
[2026-09-09 12:09:19] [INFO] Canary updated to current template || resource=mapcycler
[2026-09-09 12:09:19] [INFO] Canary updated to current template || resource=mapfixes
[2026-09-09 12:09:19] [INFO] Canary updated to current template || resource=maplimits
[2026-09-09 12:09:19] [INFO] Canary updated to current template || resource=mapmanager
[2026-09-09 12:09:19] [INFO] Canary updated to current template || resource=mapratings
[2026-09-09 12:09:19] [INFO] Canary updated to current template || resource=missiontimer
[2026-09-09 12:09:19] [INFO] Canary updated to current template || resource=move_cursor
[2026-09-09 12:09:19] [INFO] Canary updated to current template || resource=move_freecam
[2026-09-09 12:09:19] [INFO] Canary updated to current template || resource=move_keyboard
[2026-09-09 12:09:19] [INFO] Canary updated to current template || resource=msgbox
[2026-09-09 12:09:19] [INFO] Canary updated to current template || resource=parachute
[2026-09-09 12:09:19] [INFO] Canary updated to current template || resource=parachute2
[2026-09-09 12:09:19] [INFO] Canary updated to current template || resource=performancebrowser
[2026-09-09 12:09:19] [INFO] Canary updated to current template || resource=pickuphandler
[2026-09-09 12:09:19] [INFO] Canary updated to current template || resource=play
[2026-09-09 12:09:19] [INFO] Canary updated to current template || resource=playerblips
[2026-09-09 12:09:19] [INFO] Canary updated to current template || resource=playercolors
[2026-09-09 12:09:19] [INFO] Canary updated to current template || resource=race
[2026-09-09 12:09:19] [INFO] Canary updated to current template || resource=race-10laphotring
[2026-09-09 12:09:19] [INFO] Canary updated to current template || resource=race-3lapdirtring
[2026-09-09 12:09:19] [INFO] Canary updated to current template || resource=race-5lap8track
[2026-09-09 12:09:19] [INFO] Canary updated to current template || resource=race-airportdogfight
[2026-09-09 12:09:19] [INFO] Canary updated to current template || resource=race-airportspeedway
[2026-09-09 12:09:19] [INFO] Canary updated to current template || resource=race-apacheassault
[2026-09-09 12:09:19] [INFO] Canary updated to current template || resource=race-awalkinthepark
[2026-09-09 12:09:19] [INFO] Canary updated to current template || resource=race-badlandsblastaround
[2026-09-09 12:09:19] [INFO] Canary updated to current template || resource=race-bandito
[2026-09-09 12:09:19] [INFO] Canary updated to current template || resource=race-bayareacircuit
[2026-09-09 12:09:19] [INFO] Canary updated to current template || resource=race-bloodring
[2026-09-09 12:09:19] [INFO] Canary updated to current template || resource=race-blowthedam
[2026-09-09 12:09:19] [INFO] Canary updated to current template || resource=race-boatingblastaround
[2026-09-09 12:09:19] [INFO] Canary updated to current template || resource=race-bobcatblastaround
[2026-09-09 12:09:19] [INFO] Canary updated to current template || resource=race-break
[2026-09-09 12:09:19] [INFO] Canary updated to current template || resource=race-chiliadclimb
[2026-09-09 12:09:19] [INFO] Canary updated to current template || resource=race-chrmleasy
[2026-09-09 12:09:19] [INFO] Canary updated to current template || resource=race-chrmlhard
[2026-09-09 12:09:19] [INFO] Canary updated to current template || resource=race-degenerationofx
[2026-09-09 12:09:19] [INFO] Canary updated to current template || resource=race-desertdogfight
[2026-09-09 12:09:19] [INFO] Canary updated to current template || resource=race-destructionderby
[2026-09-09 12:09:19] [INFO] Canary updated to current template || resource=race-dockbikes
[2026-09-09 12:09:19] [INFO] Canary updated to current template || resource=race-docksideblastaround
[2026-09-09 12:09:19] [INFO] Canary updated to current template || resource=race-drift
[2026-09-09 12:09:19] [INFO] Canary updated to current template || resource=race-driftcity
[2026-09-09 12:09:19] [INFO] Canary updated to current template || resource=race-dunebuggy
[2026-09-09 12:09:19] [INFO] Canary updated to current template || resource=race-errand
[2026-09-09 12:09:19] [INFO] Canary updated to current template || resource=race-farewellmylove
[2026-09-09 12:09:19] [INFO] Canary updated to current template || resource=race-farm2city
[2026-09-09 12:09:19] [INFO] Canary updated to current template || resource=race-findthecock
[2026-09-09 12:09:19] [INFO] Canary updated to current template || resource=race-freeroam
[2026-09-09 12:09:19] [INFO] Canary updated to current template || resource=race-highnoon
[2026-09-09 12:09:19] [INFO] Canary updated to current template || resource=race-homeinthehills
[2026-09-09 12:09:19] [INFO] Canary updated to current template || resource=race-hotroute
[2026-09-09 12:09:19] [INFO] Canary updated to current template || resource=race-hydrarace
[2026-09-09 12:09:19] [INFO] Canary updated to current template || resource=race-island
[2026-09-09 12:09:19] [INFO] Canary updated to current template || resource=race-justanotherbikerace
[2026-09-09 12:09:19] [INFO] Canary updated to current template || resource=race-longwayround
[2026-09-09 12:09:19] [INFO] Canary updated to current template || resource=race-lsairport
[2026-09-09 12:09:19] [INFO] Canary updated to current template || resource=race-lstrenches
[2026-09-09 12:09:19] [INFO] Canary updated to current template || resource=race-lvsprint
[2026-09-09 12:09:19] [INFO] Canary updated to current template || resource=race-midairmayhem
[2026-09-09 12:09:19] [INFO] Canary updated to current template || resource=race-miniputt
[2026-09-09 12:09:19] [INFO] Canary updated to current template || resource=race-monsterblastaround
[2026-09-09 12:09:19] [INFO] Canary updated to current template || resource=race-mx_sky
[2026-09-09 12:09:19] [INFO] Canary updated to current template || resource=race-offroadblastaround
[2026-09-09 12:09:19] [INFO] Canary updated to current template || resource=race-predatorzone
[2026-09-09 12:09:19] [INFO] Canary updated to current template || resource=race-quarryrun
[2026-09-09 12:09:19] [INFO] Canary updated to current template || resource=race-rcairwar
[2026-09-09 12:09:19] [INFO] Canary updated to current template || resource=race-rcwarz
[2026-09-09 12:09:19] [INFO] Canary updated to current template || resource=race-runway69
[2026-09-09 12:09:19] [INFO] Canary updated to current template || resource=race-rustlerrampage
[2026-09-09 12:09:19] [INFO] Canary updated to current template || resource=race-sandking
[2026-09-09 12:09:19] [INFO] Canary updated to current template || resource=race-santosdrive
[2026-09-09 12:09:19] [INFO] Canary updated to current template || resource=race-seadragon
[2026-09-09 12:09:19] [INFO] Canary updated to current template || resource=race-seahunter
[2026-09-09 12:09:19] [INFO] Canary updated to current template || resource=race-searustler
[2026-09-09 12:09:19] [INFO] Canary updated to current template || resource=race-sewers
[2026-09-09 12:09:19] [INFO] Canary updated to current template || resource=race-sfbynight
[2026-09-09 12:09:19] [INFO] Canary updated to current template || resource=race-smugglersrun
[2026-09-09 12:09:19] [INFO] Canary updated to current template || resource=race-sparrowstorm
[2026-09-09 12:09:19] [INFO] Canary updated to current template || resource=race-specialdelivery
[2026-09-09 12:09:19] [INFO] Canary updated to current template || resource=race-speedforweed
[2026-09-09 12:09:19] [INFO] Canary updated to current template || resource=race-squalorace
[2026-09-09 12:09:19] [INFO] Canary updated to current template || resource=race-stunt
[2026-09-09 12:09:19] [INFO] Canary updated to current template || resource=race-suburbanspeedway
[2026-09-09 12:09:19] [INFO] Canary updated to current template || resource=race-superhydrarace
[2026-09-09 12:09:19] [INFO] Canary updated to current template || resource=race-technicalitch
[2026-09-09 12:09:19] [INFO] Canary updated to current template || resource=race-thepanopticon
[2026-09-09 12:09:19] [INFO] Canary updated to current template || resource=race-vinewoodblastaround
[2026-09-09 12:09:19] [INFO] Canary updated to current template || resource=race-wuzimu
[2026-09-09 12:09:19] [INFO] Canary updated to current template || resource=race_carfade
[2026-09-09 12:09:19] [INFO] Canary updated to current template || resource=race_delay_indicator
[2026-09-09 12:09:19] [INFO] Canary updated to current template || resource=race_ghost
[2026-09-09 12:09:19] [INFO] Canary updated to current template || resource=race_nos
[2026-09-09 12:09:19] [INFO] Canary updated to current template || resource=race_racewar
[2026-09-09 12:09:19] [INFO] Canary updated to current template || resource=race_toptimes
[2026-09-09 12:09:19] [INFO] Canary updated to current template || resource=race_traffic_sensor
[2026-09-09 12:09:19] [INFO] Canary updated to current template || resource=race_voicepack
[2026-09-09 12:09:19] [INFO] Canary updated to current template || resource=realdriveby
[2026-09-09 12:09:19] [INFO] Canary updated to current template || resource=reload
[2026-09-09 12:09:19] [INFO] Canary updated to current template || resource=resourcebrowser
[2026-09-09 12:09:19] [INFO] Canary updated to current template || resource=resourcemanager
[2026-09-09 12:09:19] [INFO] Canary updated to current template || resource=runcode
[2026-09-09 12:09:19] [INFO] Canary updated to current template || resource=rustlerbombs
[2026-09-09 12:09:19] [INFO] Canary updated to current template || resource=scoreboard
[2026-09-09 12:09:19] [INFO] Canary updated to current template || resource=scores
[2026-09-09 12:09:19] [INFO] Canary updated to current template || resource=security
[2026-09-09 12:09:19] [INFO] Canary updated to current template || resource=sfxbrowser
[2026-09-09 12:09:19] [INFO] Canary updated to current template || resource=sirenEdit
[2026-09-09 12:09:19] [INFO] Canary updated to current template || resource=spawnmanager
[2026-09-09 12:09:19] [INFO] Canary updated to current template || resource=speedometer
[2026-09-09 12:09:19] [INFO] Canary updated to current template || resource=stealth
[2026-09-09 12:09:19] [INFO] Canary updated to current template || resource=sth-carrier
[2026-09-09 12:09:19] [INFO] Canary updated to current template || resource=sth-chinatown
[2026-09-09 12:09:19] [INFO] Canary updated to current template || resource=sth-church
[2026-09-09 12:09:19] [INFO] Canary updated to current template || resource=sth-coookiepirates
[2026-09-09 12:09:19] [INFO] Canary updated to current template || resource=sth-dra-park
[2026-09-09 12:09:19] [INFO] Canary updated to current template || resource=sth-factory
[2026-09-09 12:09:19] [INFO] Canary updated to current template || resource=sth-junkyard
[2026-09-09 12:09:19] [INFO] Canary updated to current template || resource=sth-ritzy
[2026-09-09 12:09:19] [INFO] Canary updated to current template || resource=sth-sewers
[2026-09-09 12:09:19] [INFO] Canary updated to current template || resource=sth-shopping
[2026-09-09 12:09:19] [INFO] Canary updated to current template || resource=sth-terminal
[2026-09-09 12:09:19] [INFO] Canary updated to current template || resource=sth-thebunker
[2026-09-09 12:09:19] [INFO] Canary updated to current template || resource=superman
[2026-09-09 12:09:19] [INFO] Canary updated to current template || resource=tdm
[2026-09-09 12:09:19] [INFO] Canary updated to current template || resource=tdma
[2026-09-09 12:09:19] [INFO] Canary updated to current template || resource=tdma-damwars
[2026-09-09 12:09:19] [INFO] Canary updated to current template || resource=tdma-gridlock
[2026-09-09 12:09:19] [INFO] Canary updated to current template || resource=tdma-medieval
[2026-09-09 12:09:19] [INFO] Canary updated to current template || resource=tdma-nomansland
[2026-09-09 12:09:19] [INFO] Canary updated to current template || resource=tdma-tbd
[2026-09-09 12:09:19] [INFO] Canary updated to current template || resource=tdma-vinewood
[2026-09-09 12:09:19] [INFO] Canary updated to current template || resource=teammanager
[2026-09-09 12:09:19] [INFO] Canary updated to current template || resource=tooltip
[2026-09-09 12:09:19] [INFO] Canary updated to current template || resource=trainhorn
[2026-09-09 12:09:19] [INFO] Canary updated to current template || resource=visualiser
[2026-09-09 12:09:19] [INFO] Canary updated to current template || resource=voice
[2026-09-09 12:09:19] [INFO] Canary updated to current template || resource=voice_local
[2026-09-09 12:09:19] [INFO] Canary updated to current template || resource=votemanager
[2026-09-09 12:09:19] [INFO] Canary updated to current template || resource=webadmin
[2026-09-09 12:09:19] [INFO] Canary updated to current template || resource=webbrowser
[2026-09-09 12:09:19] [INFO] Canary updated to current template || resource=webmap
[2026-09-09 12:09:19] [INFO] Canary updated to current template || resource=webstats
[2026-09-09 12:09:19] [INFO] Instrumentation pass || already=0 | changedRunning=29 | errors=0 | instrumented=205 | skipped=0
[2026-09-09 12:09:19] [INFO] Instrumentation active || autoRestart=true | instrumented=205
[2026-09-09 12:09:19] [INFO] SentinelAC started || detections=Combat,EventAbuse,EventFirewall,Explosion,Fly,Injection,Integrity,Jetpack,NativeAC,NativeSD,NoClip,SpeedHack,Telemetry,Teleport,Vehicle | enabled=true | mode=BALANCED | players=0 | resource=sentinel_ac
[2026-09-09 12:09:19] [WARNING] Trusted/critical resource stopped || possibleInitiators=none observed (MTA does not expose the initiator) | resource=admin
[2026-09-09 12:09:19] [WARNING] Trusted/critical resource stopped || possibleInitiators=none observed (MTA does not expose the initiator) | resource=freeroam
[2026-09-09 12:09:20] [WARNING] Trusted/critical resource stopped || possibleInitiators=none observed (MTA does not expose the initiator) | resource=play
[2026-09-09 12:09:20] [INFO] Trusted/critical resource started || possibleInitiators=none observed (MTA does not expose the initiator) | resource=admin
[2026-09-09 12:09:20] [INFO] Trusted/critical resource started || possibleInitiators=none observed (MTA does not expose the initiator) | resource=freeroam
[2026-09-09 12:09:21] [INFO] Trusted/critical resource started || possibleInitiators=none observed (MTA does not expose the initiator) | resource=play
[2026-09-09 12:09:21] [WARNING] Instrument: resource restarted to load canary || resource=admin | success=true
[2026-09-09 12:09:21] [WARNING] Instrument: resource restarted to load canary || resource=ajax | success=true
[2026-09-09 12:09:21] [WARNING] Instrument: resource restarted to load canary || resource=chatmanager | success=true
[2026-09-09 12:09:21] [WARNING] Instrument: resource restarted to load canary || resource=defaultstats | success=true
[2026-09-09 12:09:21] [WARNING] Instrument: resource restarted to load canary || resource=freeroam | success=true
[2026-09-09 12:09:21] [WARNING] Instrument: resource restarted to load canary || resource=hedit | success=true
[2026-09-09 12:09:21] [WARNING] Instrument: resource restarted to load canary || resource=helpmanager | success=true
[2026-09-09 12:09:21] [WARNING] Instrument: resource restarted to load canary || resource=internetradio | success=true
[2026-09-09 12:09:21] [WARNING] Instrument: resource restarted to load canary || resource=ip2c | success=true
[2026-09-09 12:09:21] [WARNING] Instrument: resource restarted to load canary || resource=ipb | success=true
[2026-09-09 12:09:21] [WARNING] Instrument: resource restarted to load canary || resource=joinquit | success=true
[2026-09-09 12:09:21] [WARNING] Instrument: resource restarted to load canary || resource=mapcycler | success=true
[2026-09-09 12:09:21] [WARNING] Instrument: resource restarted to load canary || resource=mapfixes | success=true
[2026-09-09 12:09:21] [WARNING] Instrument: resource restarted to load canary || resource=mapmanager | success=true
[2026-09-09 12:09:21] [WARNING] Instrument: resource restarted to load canary || resource=parachute | success=true
[2026-09-09 12:09:21] [WARNING] Instrument: resource restarted to load canary || resource=performancebrowser | success=true
[2026-09-09 12:09:21] [WARNING] Instrument: resource restarted to load canary || resource=play | success=true
[2026-09-09 12:09:21] [WARNING] Instrument: resource restarted to load canary || resource=playerblips | success=true
[2026-09-09 12:09:21] [WARNING] Instrument: resource restarted to load canary || resource=playercolors | success=true
[2026-09-09 12:09:21] [WARNING] Instrument: resource restarted to load canary || resource=reload | success=true
[2026-09-09 12:09:21] [WARNING] Instrument: resource restarted to load canary || resource=resourcebrowser | success=true
[2026-09-09 12:09:21] [WARNING] Instrument: resource restarted to load canary || resource=resourcemanager | success=true
[2026-09-09 12:09:21] [WARNING] Instrument: resource restarted to load canary || resource=scoreboard | success=true
[2026-09-09 12:09:21] [WARNING] Instrument: resource restarted to load canary || resource=spawnmanager | success=true
[2026-09-09 12:09:21] [WARNING] Instrument: resource restarted to load canary || resource=speedometer | success=true
[2026-09-09 12:09:21] [WARNING] Instrument: resource restarted to load canary || resource=superman | success=true
[2026-09-09 12:09:21] [WARNING] Instrument: resource restarted to load canary || resource=voice | success=true
[2026-09-09 12:09:21] [WARNING] Instrument: resource restarted to load canary || resource=votemanager | success=true
[2026-09-09 12:09:21] [WARNING] Instrument: resource restarted to load canary || resource=webadmin | success=true
[2026-09-09 12:09:21] [WARNING] Trusted/critical resource stopped || possibleInitiators=none observed (MTA does not expose the initiator) | resource=admin
[2026-09-09 12:09:21] [WARNING] Trusted/critical resource stopped || possibleInitiators=none observed (MTA does not expose the initiator) | resource=freeroam
[2026-09-09 12:09:21] [WARNING] Trusted/critical resource stopped || possibleInitiators=none observed (MTA does not expose the initiator) | resource=play
[2026-09-09 12:09:21] [INFO] Trusted/critical resource started || possibleInitiators=none observed (MTA does not expose the initiator) | resource=admin
[2026-09-09 12:09:22] [INFO] Trusted/critical resource started || possibleInitiators=none observed (MTA does not expose the initiator) | resource=freeroam
[2026-09-09 12:09:22] [INFO] Trusted/critical resource started || possibleInitiators=none observed (MTA does not expose the initiator) | resource=play
[2026-09-09 12:09:27] [WARNING] MTA special detection (SD) codes reported - environment indicator, not a cheat detection || acCodes= | account=guest | d3d9MD5= | d3d9Size=0 | name=XRAOUF?! | sdCodes=15 | serial=6C8E003524821577A204631FE09CE344
[2026-09-09 12:09:27] [DETECTION] Evidence || account=guest | detection=NativeSD | name=XRAOUF?! | samples=[ [ { "p": 4, "t": 2166623, "g": 0, "v": "0.000,0.000,0.000", "y": 0, "x": 0, "z": 0, "st": "RESPAWNING", "veh": 0 }, { "p": 4, "t": 2167142, "g": 0, "v": "0.000,0.000,0.000", "y": 0, "x": 0, "z": 0, "st": "SPAWN_GRACE", "veh": 0 }, { "p": 4, "t": 2167653, "g": 0, "v": "0.000,0.000,0.000", "y": 0, "x": 0, "z": 0, "st": "SPAWN_GRACE", "veh": 0 }, { "p": 4, "t": 2168164, "g": 0, "v": "0.000,0.000,0.000", "y": 0, "x": 0, "z": 0, "st": "SPAWN_GRACE", "veh": 0 }, { "p": 2, "t": 2168669, "g": 0, "v": "0.000,0.000,0.000", "y": 0, "x": 0, "z": 0, "st": "SPAWN_GRACE", "veh": 0 }, { "p": 2, "t": 2169170, "g": 0, "v": "0.000,0.000,0.000", "y": 0, "x": 0, "z": 0, "st": "SPAWN_GRACE", "veh": 0 } ] ] | serial=6C8E003524821577A204631FE09CE344
[2026-09-09 12:09:27] [DETECTION] Detection: NativeSD || account=guest | action=LOG | codes=15 | confidence=52 | detection=NativeSD | dimension=0 | interior=0 | level=Low | name=XRAOUF?! | ping=2 | pos=-2407.0,-597.0,132.6 | reason=MTA special detection codes 15 | score=5 | serial=6C8E003524821577A204631FE09CE344 | state=SPAWN_GRACE | vehicle=none | vel=0.000,0.000,0.000 | weight=5
[2026-09-09 12:12:33] [INFO] Jetpack in use (unregistered, RequireRegistration=false) || account=guest | name=XRAOUF?! | serial=6C8E003524821577A204631FE09CE344
[2026-09-09 12:12:36] [DETECTION] Evidence || account=guest | detection=SpeedHack | name=XRAOUF?! | samples=[ [ { "p": 2, "t": 2347951, "g": 0, "v": "0.014,0.025,-0.013", "y": -576.1, "x": -238, "z": 0.1, "st": "NORMAL", "veh": 429 }, { "p": 4, "t": 2348488, "g": 0, "v": "0.000,0.000,0.000", "y": -577.4, "x": -237.2, "z": -0.6, "st": "NORMAL", "veh": 0 }, { "p": 2, "t": 2348995, "g": 0, "v": "-0.019,0.014,-0.000", "y": -576.6, "x": -237.8, "z": -0.2, "st": "NORMAL", "veh": 0 }, { "p": 2, "t": 2349516, "g": 0, "v": "0.075,-0.051,0.000", "y": -579.1, "x": -234.3, "z": -0.2, "st": "NORMAL", "veh": 0 }, { "p": 2, "t": 2350041, "g": 0, "v": "0.058,0.072,0.000", "y": -573, "x": -226.4, "z": -0.2, "st": "NORMAL", "veh": 0 }, { "p": 2, "t": 2350546, "g": 0, "v": "0.058,0.072,0.000", "y": -564.4, "x": -219.5, "z": -0.2, "st": "NORMAL", "veh": 0 }, { "p": 2, "t": 2351050, "g": 0, "v": "0.058,0.072,0.000", "y": -555.8, "x": -212.5, "z": -0.2, "st": "NORMAL", "veh": 0 }, { "p": 2, "t": 2351565, "g": 0, "v": "0.058,0.071,0.000", "y": -549, "x": -207, "z": -0.2, "st": "NORMAL", "veh": 0 }, { "p": 2, "t": 2352099, "g": 0, "v": "0.085,0.036,0.000", "y": -543.1, "x": -197.8, "z": -0.2, "st": "NORMAL", "veh": 0 }, { "p": 2, "t": 2352602, "g": 0, "v": "0.085,0.036,0.000", "y": -538.8, "x": -187.7, "z": -0.2, "st": "NORMAL", "veh": 0 }, { "p": 2, "t": 2353106, "g": 0, "v": "0.088,0.028,0.000", "y": -534.5, "x": -177.5, "z": -0.2, "st": "NORMAL", "veh": 0 }, { "p": 2, "t": 2353622, "g": 0, "v": "0.089,0.024,0.000", "y": -532.2, "x": -169, "z": -0.2, "st": "NORMAL", "veh": 0 }, { "p": 2, "t": 2354157, "g": 0, "v": "0.089,0.024,0.000", "y": -529.3, "x": -158.3, "z": -0.2, "st": "NORMAL", "veh": 0 }, { "p": 2, "t": 2354680, "g": 0, "v": "0.240,0.064,0.055", "y": -525.5, "x": -143.9, "z": 2.7, "st": "NORMAL", "veh": 0 }, { "p": 2, "t": 2355205, "g": 0, "v": "0.359,0.164,-0.003", "y": -513.2, "x": -103.6, "z": 5.1, "st": "NORMAL", "veh": 0 }, { "p": 2, "t": 2355741, "g": 1, "v": "0.236,0.286,-0.067", "y": -486.1, "x": -70.2, "z": 3.5, "st": "NORMAL", "veh": 0 }, { "p": 2, "t": 2356246, "g": 0, "v": "-0.104,0.169,0.000", "y": -471.2, "x": -79.2, "z": 3.5, "st": "NORMAL", "veh": 0 }, { "p": 2, "t": 2356760, "g": 1, "v": "-0.098,0.160,0.000", "y": -455.6, "x": -88.8, "z": 3.9, "st": "NORMAL", "veh": 0 }, { "p": 2, "t": 2357285, "g": 0, "v": "-0.118,0.193,0.000", "y": -436, "x": -100.9, "z": 2.8, "st": "NORMAL", "veh": 0 }, { "p": 2, "t": 2357800, "g": 0, "v": "-0.102,0.165,0.000", "y": -416.5, "x": -112.8, "z": 1.4, "st": "NORMAL", "veh": 0 } ] ] | serial=6C8E003524821577A204631FE09CE344
[2026-09-09 12:12:36] [WARNING] Punishment applied || account=guest | action=WARN | detection=SpeedHack | name=XRAOUF?! | reason=On-foot speed exceeds limit over consecutive samples | score=20 | serial=6C8E003524821577A204631FE09CE344 | warnings=1
[2026-09-09 12:12:36] [DETECTION] Detection: SpeedHack || account=guest | action=WARN | confidence=60 | detection=SpeedHack | dimension=0 | interior=0 | level=Low | limit=36 | name=XRAOUF?! | ping=2 | pos=-112.8,-416.5,1.4 | reason=On-foot speed exceeds limit over consecutive samples | samples=4 | score=20 | serial=6C8E003524821577A204631FE09CE344 | speed=44.3 | state=NORMAL | vehicle=none | vel=-0.102,0.165,0.000 | weight=20
[2026-09-09 12:13:15] [DETECTION] Evidence || account=guest | detection=Vehicle | name=XRAOUF?! | samples=[ [ { "p": 2, "t": 2387390, "g": 1, "v": "-0.232,0.274,-0.003", "y": 595.6, "x": -478, "z": 16.8, "st": "NORMAL", "veh": 602 }, { "p": 2, "t": 2387906, "g": 1, "v": "-0.093,-0.108,-0.001", "y": 600.6, "x": -495.7, "z": 16.6, "st": "NORMAL", "veh": 602 }, { "p": 2, "t": 2388433, "g": 1, "v": "-0.157,-0.027,-0.001", "y": 597, "x": -508.4, "z": 16.8, "st": "NORMAL", "veh": 602 }, { "p": 2, "t": 2388951, "g": 1, "v": "-0.313,0.184,-0.002", "y": 607.8, "x": -528.8, "z": 16.7, "st": "NORMAL", "veh": 602 }, { "p": 2, "t": 2389487, "g": 1, "v": "-0.537,0.216,0.001", "y": 632.6, "x": -581.2, "z": 16.6, "st": "NORMAL", "veh": 602 }, { "p": 2, "t": 2389994, "g": 1, "v": "-0.665,0.275,-0.000", "y": 662.4, "x": -653.7, "z": 16.6, "st": "NORMAL", "veh": 602 }, { "p": 2, "t": 2390498, "g": 1, "v": "-0.638,0.266,0.018", "y": 689.5, "x": -719.3, "z": 17.1, "st": "NORMAL", "veh": 602 }, { "p": 2, "t": 2391006, "g": 1, "v": "-0.384,0.277,-0.001", "y": 727.9, "x": -776.3, "z": 18, "st": "NORMAL", "veh": 602 }, { "p": 1, "t": 2391512, "g": 1, "v": "-0.180,0.346,-0.001", "y": 764.6, "x": -802.2, "z": 17.9, "st": "NORMAL", "veh": 602 }, { "p": 2, "t": 2392014, "g": 1, "v": "-0.231,0.498,0.026", "y": 808.1, "x": -816.3, "z": 18.3, "st": "NORMAL", "veh": 602 }, { "p": 2, "t": 2392519, "g": 1, "v": "0.173,0.102,0.033", "y": 860.7, "x": -830.8, "z": 21.8, "st": "NORMAL", "veh": 602 }, { "p": 4, "t": 2393026, "g": 1, "v": "-0.008,-0.020,0.000", "y": 864.7, "x": -828.8, "z": 22.2, "st": "NORMAL", "veh": 602 }, { "p": 4, "t": 2393532, "g": 1, "v": "-0.039,-0.117,-0.010", "y": 851.5, "x": -836.7, "z": 21, "st": "NORMAL", "veh": 602 }, { "p": 2, "t": 2394059, "g": 1, "v": "-0.061,0.296,0.030", "y": 869.2, "x": -842.9, "z": 22.8, "st": "NORMAL", "veh": 602 }, { "p": 2, "t": 2394560, "g": 1, "v": "-0.018,0.430,0.019", "y": 912.8, "x": -835.6, "z": 25.4, "st": "NORMAL", "veh": 602 }, { "p": 2, "t": 2395078, "g": 1, "v": "-0.013,0.520,-0.011", "y": 967.7, "x": -845.2, "z": 24.8, "st": "NORMAL", "veh": 602 }, { "p": 2, "t": 2395606, "g": 1, "v": "-0.211,0.635,0.012", "y": 1039.7, "x": -853.5, "z": 24.7, "st": "NORMAL", "veh": 602 }, { "p": 2, "t": 2396129, "g": 1, "v": "-0.454,0.553,0.045", "y": 1094.5, "x": -892.1, "z": 26.5, "st": "NORMAL", "veh": 602 }, { "p": 2, "t": 2396646, "g": 1, "v": "-0.467,0.554,0.049", "y": 1168.1, "x": -937.5, "z": 32.4, "st": "NORMAL", "veh": 602 }, { "p": 2, "t": 2397163, "g": 1, "v": "-0.509,0.206,0.078", "y": 1188.1, "x": -1014.8, "z": 33.9, "st": "NORMAL", "veh": 602 } ] ] | serial=6C8E003524821577A204631FE09CE344
[2026-09-09 12:13:15] [WARNING] Punishment applied || account=guest | action=WARN | detection=Vehicle | name=XRAOUF?! | reason=Vehicle speed exceeds class limit | score=30 | serial=6C8E003524821577A204631FE09CE344 | warnings=2
[2026-09-09 12:13:15] [DETECTION] Detection: Vehicle || account=guest | action=WARN | class=Automobile | confidence=68 | detection=Vehicle | dimension=0 | interior=0 | level=Low | limit=124 | model=602 | name=XRAOUF?! | ping=2 | pos=-1014.8,1188.1,33.9 | reason=Vehicle speed exceeds class limit | score=30 | serial=6C8E003524821577A204631FE09CE344 | speed=155 | state=NORMAL | vehicle=Alpha(602) | vel=-0.509,0.206,0.078 | weight=20
[2026-09-09 12:13:35] [DETECTION] Evidence || account=guest | detection=Vehicle | name=XRAOUF?! | samples=[ [ { "p": 4, "t": 2407405, "g": 1, "v": "0.000,0.000,0.000", "y": 1549.4, "x": -1136.5, "z": 21.7, "st": "NORMAL", "veh": 602 }, { "p": 3, "t": 2407931, "g": 1, "v": "0.012,-0.157,0.001", "y": 1546.5, "x": -1136.2, "z": 21.7, "st": "NORMAL", "veh": 602 }, { "p": 4, "t": 2408449, "g": 1, "v": "0.048,-0.429,0.022", "y": 1511.4, "x": -1121.3, "z": 22.5, "st": "NORMAL", "veh": 602 }, { "p": 4, "t": 2408987, "g": 1, "v": "0.106,-0.535,-0.000", "y": 1449.3, "x": -1119.6, "z": 25, "st": "NORMAL", "veh": 602 }, { "p": 4, "t": 2409488, "g": 1, "v": "0.066,-0.300,0.017", "y": 1404.6, "x": -1096.3, "z": 26.1, "st": "NORMAL", "veh": 602 }, { "p": 3, "t": 2409992, "g": 1, "v": "0.038,-0.109,0.008", "y": 1375.7, "x": -1095.2, "z": 28, "st": "NORMAL", "veh": 602 }, { "p": 2, "t": 2410518, "g": 1, "v": "0.037,-0.312,0.021", "y": 1357.6, "x": -1090, "z": 29.1, "st": "NORMAL", "veh": 602 }, { "p": 2, "t": 2411022, "g": 1, "v": "0.062,-0.516,0.056", "y": 1305.6, "x": -1083.8, "z": 33.1, "st": "NORMAL", "veh": 602 }, { "p": 4, "t": 2411531, "g": 1, "v": "-0.094,-0.252,0.031", "y": 1256.5, "x": -1095.9, "z": 37.8, "st": "NORMAL", "veh": 602 }, { "p": 4, "t": 2412038, "g": 1, "v": "0.000,-0.146,0.006", "y": 1240.4, "x": -1095.4, "z": 38.6, "st": "NORMAL", "veh": 602 }, { "p": 2, "t": 2412558, "g": 1, "v": "-0.066,-0.409,-0.007", "y": 1211.5, "x": -1096.6, "z": 39.2, "st": "NORMAL", "veh": 602 }, { "p": 4, "t": 2413086, "g": 1, "v": "-0.196,-0.451,-0.015", "y": 1159.1, "x": -1115.4, "z": 37.4, "st": "NORMAL", "veh": 602 }, { "p": 2, "t": 2413593, "g": 1, "v": "-0.302,-0.327,0.019", "y": 1105.8, "x": -1148.8, "z": 38.4, "st": "NORMAL", "veh": 602 }, { "p": 2, "t": 2414100, "g": 1, "v": "-0.374,-0.404,0.020", "y": 1064.1, "x": -1187.5, "z": 40.7, "st": "NORMAL", "veh": 602 }, { "p": 2, "t": 2414633, "g": 1, "v": "-0.419,-0.452,0.020", "y": 1012.5, "x": -1235.2, "z": 43.1, "st": "NORMAL", "veh": 602 }, { "p": 2, "t": 2415148, "g": 1, "v": "-0.448,-0.484,0.011", "y": 967.5, "x": -1276.9, "z": 44.9, "st": "NORMAL", "veh": 602 }, { "p": 2, "t": 2415675, "g": 1, "v": "-0.480,-0.519,0.011", "y": 907.2, "x": -1332.7, "z": 46.2, "st": "NORMAL", "veh": 602 }, { "p": 2, "t": 2416198, "g": 1, "v": "-0.492,-0.532,0.005", "y": 843.9, "x": -1391.3, "z": 47.1, "st": "NORMAL", "veh": 602 }, { "p": 2, "t": 2416726, "g": 1, "v": "-0.561,-0.485,-0.008", "y": 780, "x": -1451.7, "z": 46.6, "st": "NORMAL", "veh": 602 }, { "p": 2, "t": 2417235, "g": 1, "v": "-0.433,-0.613,-0.011", "y": 729.3, "x": -1501.8, "z": 45.7, "st": "NORMAL", "veh": 602 } ] ] | serial=6C8E003524821577A204631FE09CE344
[2026-09-09 12:13:35] [WARNING] Punishment applied || account=guest | action=WARN | detection=Vehicle | name=XRAOUF?! | reason=Vehicle speed exceeds class limit | score=50 | serial=6C8E003524821577A204631FE09CE344 | warnings=3
[2026-09-09 12:13:35] [WARNING] Punishment applied || account=guest | action=KICK | detection=Vehicle | name=XRAOUF?! | reason=warning limit reached: Vehicle speed exceeds class limit | score=50 | serial=6C8E003524821577A204631FE09CE344
[2026-09-09 12:13:35] [DETECTION] Detection: Vehicle || account=guest | action=KICK | class=Automobile | confidence=80 | detection=Vehicle | dimension=0 | interior=0 | level=Medium | limit=124 | model=602 | name=XRAOUF?! | ping=2 | pos=-1501.8,729.3,45.7 | reason=Vehicle speed exceeds class limit | score=50 | serial=6C8E003524821577A204631FE09CE344 | speed=140 | state=NORMAL | vehicle=Alpha(602) | vel=-0.433,-0.613,-0.011 | weight=20
[2026-09-09 12:23:19] [CRITICAL] SentinelAC is stopping || players=0 | possibleInitiators=none observed (MTA does not expose the initiator)
[2026-09-09 12:23:19] [INFO] SentinelAC stopped
[2026-09-09 12:23:19] [INFO] Logger initialised || debug=false | file=logs/sentinel.log | level=INFO | mode=BALANCED
[2026-09-09 12:23:19] [INFO] Movement sampler started || batch=40 | interval=500
[2026-09-09 12:23:19] [INFO] SentinelAC (re)started || possibleInitiators=none observed (MTA does not expose the initiator)
[2026-09-09 12:23:19] [INFO] Resource guard active || critical=0 | restartPolicy=CRITICAL_ONLY | trusted=3
[2026-09-09 12:23:21] [INFO] Static scan complete || client=305 | clientTriggers=142 | compiled=0 | dynamicTriggers=17 | errors=0 | fileAccess=true | remoteEvents=148 | resources=205 | server=259 | shared=35 | unreadable=10
[2026-09-09 12:23:21] [WARNING] Remote-triggerable server events with no client caller anywhere (attack surface) || count=6 | events=givetheguns@stealth, missionTimerActivated@stealth, onPlayerKillMessage@stealth, onPlayerReady@briefcaserace, onPostFinish@race_racewar, onServerCall_rw@race_racewar
[2026-09-09 12:23:21] [INFO] Firewall baseline loaded || events=15 | mode=LEARN
[2026-09-09 12:23:21] [INFO] Firewall active || hookedEvents=45 | learnedEvents=15 | mode=LEARN
[2026-09-09 12:23:21] [INFO] Native AC hooks || eventThreshold=true | invalidEvent=true
[2026-09-09 12:23:21] [INFO] Instrumentation pass || already=205 | changedRunning=0 | errors=0 | instrumented=0 | skipped=0
[2026-09-09 12:23:21] [INFO] Instrumentation active || autoRestart=true | instrumented=205
[2026-09-09 12:23:21] [INFO] SentinelAC started || detections=Aimbot,AmmoHack,Combat,EventAbuse,EventFirewall,Explosion,Flood,Fly,GodMode,Injection,Integrity,Jetpack,NativeAC,NativeSD,NoClip,SpeedHack,Telemetry,Teleport,Vehicle,Wallhack | enabled=true | mode=BALANCED | players=0 | resource=sentinel_ac
[2026-09-09 12:23:28] [WARNING] MTA special detection (SD) codes reported - environment indicator, not a cheat detection || acCodes= | account=guest | d3d9MD5= | d3d9Size=0 | name=XRAOUF?! | sdCodes=15 | serial=6C8E003524821577A204631FE09CE344
[2026-09-09 12:23:28] [DETECTION] Evidence || account=guest | detection=NativeSD | name=XRAOUF?! | samples=[ [ { "p": 4, "t": 3007552, "g": 0, "v": "0.000,0.000,0.000", "y": 0, "x": 0, "z": 0, "st": "NORMAL", "veh": 0 }, { "p": 2, "t": 3008092, "g": 0, "v": "0.000,0.000,0.000", "y": 0, "x": 0, "z": 0, "st": "NORMAL", "veh": 0 }, { "p": 2, "t": 3008600, "g": 0, "v": "0.000,0.000,0.000", "y": 0, "x": 0, "z": 0, "st": "NORMAL", "veh": 0 }, { "p": 2, "t": 3009113, "g": 0, "v": "0.000,0.000,0.000", "y": 0, "x": 0, "z": 0, "st": "NORMAL", "veh": 0 }, { "p": 2, "t": 3009625, "g": 0, "v": "0.000,0.000,0.000", "y": 0, "x": 0, "z": 0, "st": "NORMAL", "veh": 0 }, { "p": 2, "t": 3010139, "g": 0, "v": "0.000,0.000,0.000", "y": 0, "x": 0, "z": 0, "st": "NORMAL", "veh": 0 } ] ] | serial=6C8E003524821577A204631FE09CE344
[2026-09-09 12:23:28] [DETECTION] Detection: NativeSD || account=guest | action=LOG | codes=15 | confidence=52 | detection=NativeSD | dimension=0 | interior=0 | level=Low | name=XRAOUF?! | ping=2 | pos=-709.0,954.0,12.4 | reason=MTA special detection codes 15 | score=5 | serial=6C8E003524821577A204631FE09CE344 | state=NORMAL | vehicle=none | vel=0.000,0.000,0.000 | weight=5
[2026-09-09 12:23:42] [DETECTION] Evidence || account=guest | detection=SpeedHack | name=XRAOUF?! | samples=[ [ { "p": 2, "t": 3013783, "g": 0, "v": "0.115,-0.008,0.000", "y": 954.5, "x": -707, "z": 12.4, "st": "NORMAL", "veh": 0 }, { "p": 2, "t": 3014319, "g": 1, "v": "-0.036,0.114,0.000", "y": 957.6, "x": -699.8, "z": 12.3, "st": "NORMAL", "veh": 0 }, { "p": 2, "t": 3014855, "g": 1, "v": "-0.117,-0.007,0.000", "y": 958.8, "x": -714.8, "z": 12.2, "st": "NORMAL", "veh": 0 }, { "p": 4, "t": 3015389, "g": 1, "v": "0.070,-0.164,0.000", "y": 938.5, "x": -710.4, "z": 12.4, "st": "NORMAL", "veh": 0 }, { "p": 2, "t": 3015896, "g": 0, "v": "-0.085,-0.157,0.000", "y": 916.2, "x": -710.6, "z": 12.5, "st": "NORMAL", "veh": 0 }, { "p": 2, "t": 3016408, "g": 1, "v": "-0.131,-0.121,0.000", "y": 901.7, "x": -724.5, "z": 12.2, "st": "NORMAL", "veh": 0 }, { "p": 2, "t": 3016912, "g": 0, "v": "0.036,-0.210,0.000", "y": 883.6, "x": -721.9, "z": 13.2, "st": "NORMAL", "veh": 0 }, { "p": 2, "t": 3017415, "g": 1, "v": "0.000,-0.211,0.000", "y": 860.8, "x": -721.3, "z": 14.5, "st": "NORMAL", "veh": 0 }, { "p": 2, "t": 3017919, "g": 1, "v": "-0.074,-0.163,0.000", "y": 839.8, "x": -730.6, "z": 15.5, "st": "NORMAL", "veh": 0 }, { "p": 2, "t": 3018434, "g": 0, "v": "-0.013,-0.201,0.000", "y": 822.5, "x": -735.5, "z": 16.5, "st": "NORMAL", "veh": 0 }, { "p": 3, "t": 3018971, "g": 1, "v": "0.009,-0.224,0.000", "y": 799.6, "x": -735.8, "z": 17.4, "st": "NORMAL", "veh": 0 }, { "p": 2, "t": 3019509, "g": 1, "v": "0.009,-0.211,0.000", "y": 776.8, "x": -734.8, "z": 18.2, "st": "NORMAL", "veh": 0 }, { "p": 2, "t": 3020043, "g": 1, "v": "-0.125,-0.147,0.000", "y": 756.7, "x": -743.2, "z": 18.5, "st": "NORMAL", "veh": 0 }, { "p": 2, "t": 3020548, "g": 1, "v": "-0.057,-0.169,0.000", "y": 736.1, "x": -752.2, "z": 18.1, "st": "NORMAL", "veh": 0 }, { "p": 2, "t": 3021083, "g": 1, "v": "0.182,-0.130,0.000", "y": 715.5, "x": -748.3, "z": 18.2, "st": "NORMAL", "veh": 0 }, { "p": 2, "t": 3021587, "g": 1, "v": "0.194,-0.083,0.000", "y": 706.2, "x": -727.5, "z": 17.6, "st": "NORMAL", "veh": 0 }, { "p": 2, "t": 3022102, "g": 1, "v": "0.165,-0.070,0.000", "y": 699, "x": -710.5, "z": 17, "st": "NORMAL", "veh": 0 }, { "p": 2, "t": 3022605, "g": 1, "v": "0.164,-0.070,0.000", "y": 690, "x": -689.4, "z": 16.6, "st": "NORMAL", "veh": 0 }, { "p": 2, "t": 3023142, "g": 1, "v": "0.159,-0.081,0.000", "y": 679.8, "x": -668.8, "z": 16.7, "st": "NORMAL", "veh": 0 }, { "p": 2, "t": 3023646, "g": 0, "v": "0.190,-0.092,0.000", "y": 669.6, "x": -648.3, "z": 16.7, "st": "NORMAL", "veh": 0 } ] ] | serial=6C8E003524821577A204631FE09CE344
[2026-09-09 12:23:42] [WARNING] Punishment applied || account=guest | action=KICK | detection=SpeedHack | name=XRAOUF?! | reason=On-foot speed exceeds limit over consecutive samples | score=25 | serial=6C8E003524821577A204631FE09CE344
[2026-09-09 12:23:42] [DETECTION] Detection: SpeedHack || account=guest | action=KICK | confidence=60 | detection=SpeedHack | dimension=0 | interior=0 | level=Low | limit=36 | name=XRAOUF?! | ping=2 | pos=-648.3,669.6,16.7 | reason=On-foot speed exceeds limit over consecutive samples | samples=3 | score=25 | serial=6C8E003524821577A204631FE09CE344 | speed=45.5 | state=NORMAL | vehicle=none | vel=0.190,-0.092,0.000 | weight=20
[2026-09-09 12:23:49] [WARNING] MTA special detection (SD) codes reported - environment indicator, not a cheat detection || acCodes= | account=guest | d3d9MD5= | d3d9Size=0 | name=XRAOUF?! | sdCodes=15 | serial=6C8E003524821577A204631FE09CE344
[2026-09-09 12:23:49] [DETECTION] Evidence || account=guest | detection=NativeSD | name=XRAOUF?! | samples=[ [ { "p": 2, "t": 3027838, "g": 0, "v": "0.000,0.000,0.000", "y": 0, "x": 0, "z": 0, "st": "NORMAL", "veh": 0 }, { "p": 2, "t": 3028352, "g": 0, "v": "0.000,0.000,0.000", "y": 0, "x": 0, "z": 0, "st": "NORMAL", "veh": 0 }, { "p": 2, "t": 3028874, "g": 0, "v": "0.000,0.000,0.000", "y": 0, "x": 0, "z": 0, "st": "NORMAL", "veh": 0 }, { "p": 2, "t": 3029386, "g": 0, "v": "0.000,0.000,0.000", "y": 0, "x": 0, "z": 0, "st": "NORMAL", "veh": 0 }, { "p": 2, "t": 3029893, "g": 0, "v": "0.000,0.000,0.000", "y": 0, "x": 0, "z": 0, "st": "NORMAL", "veh": 0 }, { "p": 2, "t": 3030413, "g": 0, "v": "0.000,0.000,0.000", "y": 0, "x": 0, "z": 0, "st": "NORMAL", "veh": 0 }, { "p": 2, "t": 3030925, "g": 0, "v": "0.000,0.000,0.000", "y": 0, "x": 0, "z": 0, "st": "NORMAL", "veh": 0 } ] ] | serial=6C8E003524821577A204631FE09CE344
[2026-09-09 12:23:49] [DETECTION] Detection: NativeSD || account=guest | action=LOG | codes=15 | confidence=52 | detection=NativeSD | dimension=0 | interior=0 | level=Low | name=XRAOUF?! | ping=2 | pos=-711.0,957.0,12.4 | reason=MTA special detection codes 15 | score=5 | serial=6C8E003524821577A204631FE09CE344 | state=NORMAL | vehicle=none | vel=0.000,0.000,0.000 | weight=5
[2026-09-09 12:24:12] [DETECTION] Evidence || account=guest | detection=SpeedHack | name=XRAOUF?! | samples=[ [ { "p": 2, "t": 3044300, "g": 1, "v": "0.000,0.000,0.000", "y": 957, "x": -711, "z": 12.4, "st": "NORMAL", "veh": 0 }, { "p": 2, "t": 3044806, "g": 1, "v": "0.000,0.000,0.000", "y": 957, "x": -711, "z": 12.4, "st": "NORMAL", "veh": 0 }, { "p": 2, "t": 3045315, "g": 1, "v": "0.000,0.000,0.000", "y": 957, "x": -711, "z": 12.4, "st": "NORMAL", "veh": 0 }, { "p": 4, "t": 3045825, "g": 1, "v": "0.000,0.000,0.000", "y": 957, "x": -711, "z": 12.4, "st": "NORMAL", "veh": 0 }, { "p": 2, "t": 3046351, "g": 1, "v": "0.000,0.000,0.000", "y": 957, "x": -711, "z": 12.4, "st": "NORMAL", "veh": 0 }, { "p": 2, "t": 3046888, "g": 1, "v": "0.000,0.000,0.000", "y": 957, "x": -711, "z": 12.4, "st": "NORMAL", "veh": 0 }, { "p": 2, "t": 3047403, "g": 1, "v": "0.000,0.000,0.000", "y": 957, "x": -711, "z": 12.4, "st": "NORMAL", "veh": 0 }, { "p": 2, "t": 3047928, "g": 1, "v": "0.000,0.000,0.000", "y": 957, "x": -711, "z": 12.4, "st": "NORMAL", "veh": 0 }, { "p": 4, "t": 3048454, "g": 1, "v": "0.000,0.000,0.000", "y": 957, "x": -711, "z": 12.4, "st": "NORMAL", "veh": 0 }, { "p": 2, "t": 3048989, "g": 1, "v": "0.000,0.000,0.000", "y": 957, "x": -711, "z": 12.4, "st": "NORMAL", "veh": 0 }, { "p": 4, "t": 3049526, "g": 1, "v": "0.000,0.000,0.000", "y": 957, "x": -711, "z": 12.4, "st": "NORMAL", "veh": 0 }, { "p": 2, "t": 3050028, "g": 1, "v": "0.000,0.000,0.000", "y": 957, "x": -711, "z": 12.4, "st": "NORMAL", "veh": 0 }, { "p": 2, "t": 3050531, "g": 1, "v": "0.000,0.000,0.000", "y": 957, "x": -711, "z": 12.4, "st": "NORMAL", "veh": 0 }, { "p": 2, "t": 3051046, "g": 1, "v": "0.000,0.000,0.000", "y": 957, "x": -711, "z": 12.4, "st": "NORMAL", "veh": 0 }, { "p": 3, "t": 3051580, "g": 0, "v": "-0.034,0.012,0.000", "y": 957.3, "x": -711.4, "z": 12.4, "st": "NORMAL", "veh": 0 }, { "p": 2, "t": 3052084, "g": 1, "v": "-0.008,-0.106,0.000", "y": 955.4, "x": -712, "z": 12.3, "st": "NORMAL", "veh": 0 }, { "p": 2, "t": 3052622, "g": 0, "v": "-0.403,-1.346,0.243", "y": 944.3, "x": -716.6, "z": 16.5, "st": "NORMAL", "veh": 0 }, { "p": 2, "t": 3053138, "g": 0, "v": "-0.715,-3.770,0.241", "y": 873.5, "x": -728.7, "z": 23.1, "st": "NORMAL", "veh": 0 }, { "p": 2, "t": 3053666, "g": 0, "v": "-0.513,-6.187,0.238", "y": 738.5, "x": -748.8, "z": 29.6, "st": "NORMAL", "veh": 0 }, { "p": 2, "t": 3054191, "g": 0, "v": "-1.157,-6.104,0.238", "y": 605.8, "x": -768.6, "z": 34.7, "st": "NORMAL", "veh": 0 } ] ] | serial=6C8E003524821577A204631FE09CE344
[2026-09-09 12:24:12] [WARNING] Punishment applied || account=guest | action=KICK | detection=SpeedHack | name=XRAOUF?! | reason=On-foot speed exceeds limit over consecutive samples | score=20 | serial=6C8E003524821577A204631FE09CE344
[2026-09-09 12:24:12] [DETECTION] Detection: SpeedHack || account=guest | action=KICK | confidence=60 | detection=SpeedHack | dimension=0 | interior=0 | level=Low | limit=36 | name=XRAOUF?! | ping=2 | pos=-768.6,605.8,34.7 | reason=On-foot speed exceeds limit over consecutive samples | samples=3 | score=20 | serial=6C8E003524821577A204631FE09CE344 | speed=255.5 | state=NORMAL | vehicle=none | vel=-1.157,-6.104,0.238 | weight=20
[2026-09-09 12:24:18] [WARNING] MTA special detection (SD) codes reported - environment indicator, not a cheat detection || acCodes= | account=guest | d3d9MD5= | d3d9Size=0 | name=XRAOUF?! | sdCodes=15 | serial=6C8E003524821577A204631FE09CE344
[2026-09-09 12:24:18] [DETECTION] Evidence || account=guest | detection=NativeSD | name=XRAOUF?! | samples=[ [ { "p": 2, "t": 3057878, "g": 0, "v": "0.000,0.000,0.000", "y": 0, "x": 0, "z": 0, "st": "NORMAL", "veh": 0 }, { "p": 2, "t": 3058396, "g": 0, "v": "0.000,0.000,0.000", "y": 0, "x": 0, "z": 0, "st": "NORMAL", "veh": 0 }, { "p": 2, "t": 3058907, "g": 0, "v": "0.000,0.000,0.000", "y": 0, "x": 0, "z": 0, "st": "NORMAL", "veh": 0 }, { "p": 2, "t": 3059426, "g": 0, "v": "0.000,0.000,0.000", "y": 0, "x": 0, "z": 0, "st": "NORMAL", "veh": 0 } ] ] | serial=6C8E003524821577A204631FE09CE344
[2026-09-09 12:24:18] [DETECTION] Detection: NativeSD || account=guest | action=LOG | codes=15 | confidence=52 | detection=NativeSD | dimension=0 | interior=0 | level=Low | name=XRAOUF?! | ping=2 | pos=0.0,0.0,0.0 | reason=MTA special detection codes 15 | score=5 | serial=6C8E003524821577A204631FE09CE344 | state=NORMAL | vehicle=none | vel=0.000,0.000,0.000 | weight=5
[2026-09-09 12:24:31] [INFO] Jetpack in use (unregistered, RequireRegistration=false) || account=guest | name=XRAOUF?! | serial=6C8E003524821577A204631FE09CE344
[2026-09-09 12:25:40] [WARNING] Teleport confirmed || class=OnFoot | distance=1263 | dt=505 | from=-2194,-461,50 | player=XRAOUF?! | speed=2501 | strikes=1 | to=-1580,642,44 | velocityInconsistent=true
[2026-09-09 12:25:40] [DETECTION] Evidence || account=guest | detection=Teleport | name=XRAOUF?! | samples=[ [ { "p": 2, "t": 3132339, "g": 1, "v": "0.000,0.000,0.000", "y": -461.7, "x": -2193.6, "z": 49.5, "st": "NORMAL", "veh": 0 }, { "p": 2, "t": 3132841, "g": 1, "v": "0.000,0.000,0.000", "y": -461.7, "x": -2193.6, "z": 49.5, "st": "NORMAL", "veh": 0 }, { "p": 2, "t": 3133375, "g": 1, "v": "0.000,0.000,0.000", "y": -461.7, "x": -2193.6, "z": 49.5, "st": "NORMAL", "veh": 0 }, { "p": 2, "t": 3133911, "g": 1, "v": "0.000,0.000,0.000", "y": -461.7, "x": -2193.6, "z": 49.5, "st": "NORMAL", "veh": 0 }, { "p": 2, "t": 3134419, "g": 1, "v": "0.000,0.000,0.000", "y": -461.7, "x": -2193.6, "z": 49.5, "st": "NORMAL", "veh": 0 }, { "p": 2, "t": 3134934, "g": 1, "v": "0.000,0.000,0.000", "y": -461.4, "x": -2193.8, "z": 49.5, "st": "NORMAL", "veh": 0 }, { "p": 4, "t": 3135470, "g": 1, "v": "-0.000,0.000,0.000", "y": -461.4, "x": -2193.8, "z": 49.5, "st": "NORMAL", "veh": 0 }, { "p": 2, "t": 3135978, "g": 1, "v": "-0.001,0.002,0.000", "y": -461.3, "x": -2193.8, "z": 49.5, "st": "NORMAL", "veh": 0 }, { "p": 2, "t": 3136484, "g": 1, "v": "-0.001,0.002,0.000", "y": -461.3, "x": -2193.8, "z": 49.5, "st": "NORMAL", "veh": 0 }, { "p": 2, "t": 3136988, "g": 1, "v": "0.001,-0.003,0.000", "y": -461.4, "x": -2193.8, "z": 49.5, "st": "NORMAL", "veh": 0 }, { "p": 2, "t": 3137521, "g": 1, "v": "0.000,0.000,0.000", "y": -461.3, "x": -2193.8, "z": 49.5, "st": "NORMAL", "veh": 0 }, { "p": 2, "t": 3138027, "g": 1, "v": "0.000,0.000,0.000", "y": -461.3, "x": -2193.8, "z": 49.5, "st": "NORMAL", "veh": 0 }, { "p": 2, "t": 3138534, "g": 1, "v": "0.000,0.000,0.000", "y": -461.3, "x": -2193.8, "z": 49.5, "st": "NORMAL", "veh": 0 }, { "p": 2, "t": 3139047, "g": 1, "v": "0.000,0.000,0.000", "y": -461.3, "x": -2193.8, "z": 49.5, "st": "NORMAL", "veh": 0 }, { "p": 2, "t": 3139572, "g": 1, "v": "0.000,0.000,0.000", "y": -461.3, "x": -2193.8, "z": 49.5, "st": "NORMAL", "veh": 0 }, { "p": 2, "t": 3140078, "g": 1, "v": "0.000,0.000,0.000", "y": -461.3, "x": -2193.8, "z": 49.5, "st": "NORMAL", "veh": 0 }, { "p": 2, "t": 3140584, "g": 1, "v": "0.000,0.000,0.000", "y": -461.3, "x": -2193.8, "z": 49.5, "st": "NORMAL", "veh": 0 }, { "p": 2, "t": 3141087, "g": 1, "v": "0.000,0.000,0.000", "y": -461.1, "x": -2193.9, "z": 49.5, "st": "NORMAL", "veh": 0 }, { "p": 2, "t": 3141592, "g": 0, "v": "0.000,0.000,-0.031", "y": 642.5, "x": -1580, "z": 43.8, "st": "NORMAL", "veh": 0 }, { "p": 2, "t": 3142096, "g": 0, "v": "-0.007,0.022,0.000", "y": 642.6, "x": -1580, "z": 42.9, "st": "NORMAL", "veh": 0 } ] ] | serial=6C8E003524821577A204631FE09CE344
[2026-09-09 12:25:40] [WARNING] Punishment applied || account=guest | action=KICK | detection=Teleport | name=XRAOUF?! | reason=Displacement of 1263m in 505ms (2501 m/s, class OnFoot) | score=35 | serial=6C8E003524821577A204631FE09CE344
[2026-09-09 12:25:40] [DETECTION] Detection: Teleport || account=guest | action=KICK | class=OnFoot | confidence=60 | detection=Teleport | dimension=0 | distance=1263 | dt=505 | interior=0 | level=Medium | name=XRAOUF?! | ping=2 | pos=-1580.0,642.6,42.9 | reason=Displacement of 1263m in 505ms (2501 m/s, class OnFoot) | score=35 | serial=6C8E003524821577A204631FE09CE344 | speed=2501 | state=NORMAL | vehicle=none | vel=-0.007,0.022,0.000 | weight=35
[2026-09-09 12:25:46] [WARNING] MTA special detection (SD) codes reported - environment indicator, not a cheat detection || acCodes= | account=guest | d3d9MD5= | d3d9Size=0 | name=XRAOUF?! | sdCodes=15 | serial=6C8E003524821577A204631FE09CE344
[2026-09-09 12:25:46] [DETECTION] Evidence || account=guest | detection=NativeSD | name=XRAOUF?! | samples=[ [ { "p": 2, "t": 3145789, "g": 0, "v": "0.000,0.000,0.000", "y": 0, "x": 0, "z": 0, "st": "NORMAL", "veh": 0 }, { "p": 2, "t": 3146301, "g": 0, "v": "0.000,0.000,0.000", "y": 0, "x": 0, "z": 0, "st": "NORMAL", "veh": 0 }, { "p": 2, "t": 3146816, "g": 0, "v": "0.000,0.000,0.000", "y": 0, "x": 0, "z": 0, "st": "NORMAL", "veh": 0 }, { "p": 2, "t": 3147324, "g": 0, "v": "0.000,0.000,0.000", "y": 0, "x": 0, "z": 0, "st": "NORMAL", "veh": 0 } ] ] | serial=6C8E003524821577A204631FE09CE344
[2026-09-09 12:25:46] [DETECTION] Detection: NativeSD || account=guest | action=LOG | codes=15 | confidence=52 | detection=NativeSD | dimension=0 | interior=0 | level=Low | name=XRAOUF?! | ping=2 | pos=0.0,0.0,0.0 | reason=MTA special detection codes 15 | score=5 | serial=6C8E003524821577A204631FE09CE344 | state=NORMAL | vehicle=none | vel=0.000,0.000,0.000 | weight=5
[2026-09-09 12:27:36] [INFO] Jetpack in use (unregistered, RequireRegistration=false) || account=guest | name=XRAOUF?! | serial=6C8E003524821577A204631FE09CE344
[2026-09-09 12:34:48] [INFO] Resource instrumented || backup=:SentinelAC_RealBehaviorTests/meta.xml.sentinel.bak | method=rewrite | resource=SentinelAC_RealBehaviorTests
[2026-09-09 12:34:50] [WARNING] Instrument: resource restarted to load canary || resource=SentinelAC_RealBehaviorTests | success=true
[2026-09-09 12:34:58] [WARNING] Teleport confirmed || class=OnFoot | distance=150 | dt=505 | from=-968,1322,40 | player=XRAOUF?! | speed=297 | strikes=1 | to=-818,1322,39 | velocityInconsistent=true
[2026-09-09 12:34:58] [DETECTION] Evidence || account=guest | detection=Teleport | name=XRAOUF?! | samples=[ [ { "p": 2, "t": 3690294, "g": 1, "v": "0.000,0.000,0.000", "y": 1322.4, "x": -967.6, "z": 40.1, "st": "NORMAL", "veh": 0 }, { "p": 2, "t": 3690794, "g": 1, "v": "0.000,0.000,0.000", "y": 1322.4, "x": -967.6, "z": 40.1, "st": "NORMAL", "veh": 0 }, { "p": 2, "t": 3691299, "g": 1, "v": "0.000,0.000,0.000", "y": 1322.4, "x": -967.6, "z": 40.1, "st": "NORMAL", "veh": 0 }, { "p": 2, "t": 3691803, "g": 1, "v": "0.000,0.000,0.000", "y": 1322.4, "x": -967.6, "z": 40.1, "st": "NORMAL", "veh": 0 }, { "p": 2, "t": 3692320, "g": 1, "v": "0.000,0.000,0.000", "y": 1322.4, "x": -967.6, "z": 40.1, "st": "NORMAL", "veh": 0 }, { "p": 2, "t": 3692855, "g": 1, "v": "0.000,0.000,0.000", "y": 1322.4, "x": -967.6, "z": 40.1, "st": "NORMAL", "veh": 0 }, { "p": 2, "t": 3693359, "g": 1, "v": "0.000,0.000,0.000", "y": 1322.4, "x": -967.6, "z": 40.1, "st": "NORMAL", "veh": 0 }, { "p": 2, "t": 3693893, "g": 1, "v": "0.000,0.000,0.000", "y": 1322.4, "x": -967.6, "z": 40.1, "st": "NORMAL", "veh": 0 }, { "p": 2, "t": 3694397, "g": 1, "v": "0.000,0.000,0.000", "y": 1322.4, "x": -967.6, "z": 40.1, "st": "NORMAL", "veh": 0 }, { "p": 2, "t": 3694919, "g": 1, "v": "0.000,0.000,0.000", "y": 1322.4, "x": -967.6, "z": 40.1, "st": "NORMAL", "veh": 0 }, { "p": 2, "t": 3695437, "g": 1, "v": "0.000,0.000,0.000", "y": 1322.4, "x": -967.6, "z": 40.1, "st": "NORMAL", "veh": 0 }, { "p": 2, "t": 3695951, "g": 1, "v": "0.000,0.000,0.000", "y": 1322.4, "x": -967.6, "z": 40.1, "st": "NORMAL", "veh": 0 }, { "p": 2, "t": 3696485, "g": 1, "v": "0.000,0.000,0.000", "y": 1322.4, "x": -967.6, "z": 40.1, "st": "NORMAL", "veh": 0 }, { "p": 2, "t": 3696989, "g": 1, "v": "0.000,0.000,0.000", "y": 1322.4, "x": -967.6, "z": 40.1, "st": "NORMAL", "veh": 0 }, { "p": 2, "t": 3697492, "g": 1, "v": "0.000,0.000,0.000", "y": 1322.4, "x": -967.6, "z": 40.1, "st": "NORMAL", "veh": 0 }, { "p": 2, "t": 3698007, "g": 1, "v": "0.000,0.000,0.000", "y": 1322.4, "x": -967.6, "z": 40.1, "st": "NORMAL", "veh": 0 }, { "p": 2, "t": 3698510, "g": 1, "v": "0.000,0.000,0.000", "y": 1322.4, "x": -967.6, "z": 40.1, "st": "NORMAL", "veh": 0 }, { "p": 2, "t": 3699027, "g": 1, "v": "0.000,0.000,0.000", "y": 1322.4, "x": -967.6, "z": 40.1, "st": "NORMAL", "veh": 0 }, { "p": 2, "t": 3699532, "g": 0, "v": "0.000,0.000,-0.177", "y": 1322.4, "x": -817.6, "z": 39.1, "st": "NORMAL", "veh": 0 }, { "p": 2, "t": 3700056, "g": 0, "v": "0.000,0.000,-0.341", "y": 1322.4, "x": -817.6, "z": 33.4, "st": "NORMAL", "veh": 0 } ] ] | serial=6C8E003524821577A204631FE09CE344
[2026-09-09 12:34:58] [WARNING] Punishment applied || account=guest | action=KICK | detection=Teleport | name=XRAOUF?! | reason=Displacement of 150m in 505ms (297 m/s, class OnFoot) | score=35 | serial=6C8E003524821577A204631FE09CE344
[2026-09-09 12:34:58] [DETECTION] Detection: Teleport || account=guest | action=KICK | class=OnFoot | confidence=60 | detection=Teleport | dimension=0 | distance=150 | dt=505 | interior=0 | level=Medium | name=XRAOUF?! | ping=2 | pos=-817.6,1322.4,33.4 | reason=Displacement of 150m in 505ms (297 m/s, class OnFoot) | score=35 | serial=6C8E003524821577A204631FE09CE344 | speed=297 | state=NORMAL | vehicle=none | vel=0.000,0.000,-0.341 | weight=35
[2026-09-09 12:35:04] [WARNING] MTA special detection (SD) codes reported - environment indicator, not a cheat detection || acCodes= | account=guest | d3d9MD5= | d3d9Size=0 | name=XRAOUF?! | sdCodes=15 | serial=6C8E003524821577A204631FE09CE344
[2026-09-09 12:35:04] [DETECTION] Evidence || account=guest | detection=NativeSD | name=XRAOUF?! | samples=[ [ { "p": 2, "t": 3703200, "g": 0, "v": "0.000,0.000,0.000", "y": 960, "x": -711, "z": 12.4, "st": "NORMAL", "veh": 0 }, { "p": 2, "t": 3703734, "g": 0, "v": "0.000,0.000,0.000", "y": 0, "x": 0, "z": 0, "st": "NORMAL", "veh": 0 }, { "p": 2, "t": 3704247, "g": 0, "v": "0.000,0.000,0.000", "y": 0, "x": 0, "z": 0, "st": "NORMAL", "veh": 0 }, { "p": 2, "t": 3704759, "g": 0, "v": "0.000,0.000,0.000", "y": 0, "x": 0, "z": 0, "st": "NORMAL", "veh": 0 }, { "p": 2, "t": 3705291, "g": 0, "v": "0.000,0.000,0.000", "y": 0, "x": 0, "z": 0, "st": "NORMAL", "veh": 0 }, { "p": 2, "t": 3705821, "g": 0, "v": "0.000,0.000,0.000", "y": 0, "x": 0, "z": 0, "st": "NORMAL", "veh": 0 }, { "p": 2, "t": 3706331, "g": 0, "v": "0.000,0.000,0.000", "y": 0, "x": 0, "z": 0, "st": "NORMAL", "veh": 0 } ] ] | serial=6C8E003524821577A204631FE09CE344
[2026-09-09 12:35:04] [DETECTION] Detection: NativeSD || account=guest | action=LOG | codes=15 | confidence=52 | detection=NativeSD | dimension=0 | interior=0 | level=Low | name=XRAOUF?! | ping=2 | pos=-711.0,960.0,12.4 | reason=MTA special detection codes 15 | score=5 | serial=6C8E003524821577A204631FE09CE344 | state=NORMAL | vehicle=none | vel=0.000,0.000,0.000 | weight=5
[2026-09-09 12:35:10] [DETECTION] Evidence || account=guest | detection=NoClip | name=XRAOUF?! | samples=[ [ { "p": 2, "t": 3703200, "g": 0, "v": "0.000,0.000,0.000", "y": 960, "x": -711, "z": 12.4, "st": "NORMAL", "veh": 0 }, { "p": 2, "t": 3703734, "g": 0, "v": "0.000,0.000,0.000", "y": 0, "x": 0, "z": 0, "st": "NORMAL", "veh": 0 }, { "p": 2, "t": 3704247, "g": 0, "v": "0.000,0.000,0.000", "y": 0, "x": 0, "z": 0, "st": "NORMAL", "veh": 0 }, { "p": 2, "t": 3704759, "g": 0, "v": "0.000,0.000,0.000", "y": 0, "x": 0, "z": 0, "st": "NORMAL", "veh": 0 }, { "p": 2, "t": 3705291, "g": 0, "v": "0.000,0.000,0.000", "y": 0, "x": 0, "z": 0, "st": "NORMAL", "veh": 0 }, { "p": 2, "t": 3705821, "g": 0, "v": "0.000,0.000,0.000", "y": 0, "x": 0, "z": 0, "st": "NORMAL", "veh": 0 }, { "p": 2, "t": 3706331, "g": 0, "v": "0.000,0.000,0.000", "y": 0, "x": 0, "z": 0, "st": "NORMAL", "veh": 0 }, { "p": 2, "t": 3706841, "g": 0, "v": "0.000,0.000,0.000", "y": 960, "x": -711, "z": 12.4, "st": "NORMAL", "veh": 0 }, { "p": 4, "t": 3707344, "g": 1, "v": "0.000,0.000,0.000", "y": 960, "x": -711, "z": 12.4, "st": "NORMAL", "veh": 0 }, { "p": 2, "t": 3707859, "g": 1, "v": "0.000,0.000,0.000", "y": 960, "x": -711, "z": 12.4, "st": "NORMAL", "veh": 0 }, { "p": 2, "t": 3708373, "g": 1, "v": "0.000,0.000,0.000", "y": 960, "x": -711, "z": 12.4, "st": "NORMAL", "veh": 0 }, { "p": 2, "t": 3708899, "g": 1, "v": "0.000,0.000,0.000", "y": 960, "x": -711, "z": 12.4, "st": "NORMAL", "veh": 0 }, { "p": 2, "t": 3709424, "g": 1, "v": "0.000,0.000,0.000", "y": 960, "x": -711, "z": 12.4, "st": "NORMAL", "veh": 0 }, { "p": 2, "t": 3709959, "g": 1, "v": "0.000,0.000,0.000", "y": 960, "x": -711, "z": 12.4, "st": "NORMAL", "veh": 0 }, { "p": 2, "t": 3710485, "g": 1, "v": "0.000,0.000,0.000", "y": 960, "x": -711, "z": 12.4, "st": "NORMAL", "veh": 0 }, { "p": 2, "t": 3711000, "g": 1, "v": "0.000,0.000,0.000", "y": 960, "x": -711, "z": 12.4, "st": "NORMAL", "veh": 0 }, { "p": 2, "t": 3711504, "g": 1, "v": "0.000,0.000,0.000", "y": 960, "x": -711, "z": 12.4, "st": "NORMAL", "veh": 0 }, { "p": 2, "t": 3712020, "g": 1, "v": "0.000,0.000,0.000", "y": 960, "x": -711, "z": 12.4, "st": "NORMAL", "veh": 0 } ] ] | serial=6C8E003524821577A204631FE09CE344
[2026-09-09 12:35:10] [WARNING] Punishment applied || account=guest | action=WARN | detection=NoClip | name=XRAOUF?! | reason=Client collisions disabled while server has them enabled | score=35 | serial=6C8E003524821577A204631FE09CE344 | warnings=1
[2026-09-09 12:35:10] [DETECTION] Detection: NoClip || account=guest | action=WARN | confidence=60 | detection=NoClip | dimension=0 | interior=0 | level=Medium | name=XRAOUF?! | ping=2 | pos=-711.0,960.0,12.4 | reason=Client collisions disabled while server has them enabled | score=35 | serial=6C8E003524821577A204631FE09CE344 | state=NORMAL | vehicle=none | vel=0.000,0.000,0.000 | weight=30
[2026-09-09 12:35:17] [DETECTION] Evidence || account=guest | detection=SpeedHack | name=XRAOUF?! | samples=[ [ { "p": 2, "t": 3709424, "g": 1, "v": "0.000,0.000,0.000", "y": 960, "x": -711, "z": 12.4, "st": "NORMAL", "veh": 0 }, { "p": 2, "t": 3709959, "g": 1, "v": "0.000,0.000,0.000", "y": 960, "x": -711, "z": 12.4, "st": "NORMAL", "veh": 0 }, { "p": 2, "t": 3710485, "g": 1, "v": "0.000,0.000,0.000", "y": 960, "x": -711, "z": 12.4, "st": "NORMAL", "veh": 0 }, { "p": 2, "t": 3711000, "g": 1, "v": "0.000,0.000,0.000", "y": 960, "x": -711, "z": 12.4, "st": "NORMAL", "veh": 0 }, { "p": 2, "t": 3711504, "g": 1, "v": "0.000,0.000,0.000", "y": 960, "x": -711, "z": 12.4, "st": "NORMAL", "veh": 0 }, { "p": 2, "t": 3712020, "g": 1, "v": "0.000,0.000,0.000", "y": 960, "x": -711, "z": 12.4, "st": "NORMAL", "veh": 0 }, { "p": 2, "t": 3712536, "g": 1, "v": "0.000,0.000,0.000", "y": 960, "x": -711, "z": 12.4, "st": "NORMAL", "veh": 0 }, { "p": 2, "t": 3713062, "g": 0, "v": "0.000,0.000,0.000", "y": 960, "x": -636, "z": 12.4, "st": "NORMAL", "veh": 0 }, { "p": 2, "t": 3713598, "g": 0, "v": "0.000,0.000,0.000", "y": 960, "x": -586, "z": 12.4, "st": "NORMAL", "veh": 0 }, { "p": 2, "t": 3714103, "g": 0, "v": "0.000,0.000,0.000", "y": 960, "x": -586, "z": 12.4, "st": "NORMAL", "veh": 0 }, { "p": 2, "t": 3714626, "g": 0, "v": "0.000,0.000,0.000", "y": 960, "x": -586, "z": 12.4, "st": "NORMAL", "veh": 0 }, { "p": 2, "t": 3715151, "g": 0, "v": "0.000,0.000,0.000", "y": 960, "x": -536, "z": 12.4, "st": "NORMAL", "veh": 0 }, { "p": 2, "t": 3715687, "g": 0, "v": "0.000,0.000,-0.065", "y": 960, "x": -461, "z": 12.1, "st": "NORMAL", "veh": 0 }, { "p": 2, "t": 3716206, "g": 0, "v": "0.000,0.000,-0.027", "y": 960, "x": -436, "z": 8.199999999999999, "st": "NORMAL", "veh": 0 }, { "p": 2, "t": 3716735, "g": 0, "v": "0.000,0.000,-0.016", "y": 960, "x": -311, "z": 8.199999999999999, "st": "NORMAL", "veh": 0 }, { "p": 2, "t": 3717242, "g": 0, "v": "0.000,0.000,-0.011", "y": 960, "x": -161, "z": 8.300000000000001, "st": "NORMAL", "veh": 0 }, { "p": 2, "t": 3717747, "g": 0, "v": "0.000,0.000,-0.022", "y": 960, "x": -111, "z": 8.1, "st": "NORMAL", "veh": 0 }, { "p": 2, "t": 3718281, "g": 0, "v": "0.000,0.000,-0.118", "y": 960, "x": -61, "z": 7.3, "st": "NORMAL", "veh": 0 }, { "p": 2, "t": 3718797, "g": 0, "v": "0.000,0.000,-0.032", "y": 960, "x": 14, "z": 6.1, "st": "NORMAL", "veh": 0 }, { "p": 2, "t": 3719322, "g": 0, "v": "0.000,0.000,-0.129", "y": 960, "x": 64, "z": 5.1, "st": "NORMAL", "veh": 0 } ] ] | serial=6C8E003524821577A204631FE09CE344
[2026-09-09 12:35:17] [WARNING] Punishment applied || account=guest | action=KICK | detection=SpeedHack | name=XRAOUF?! | reason=On-foot speed exceeds limit over consecutive samples | score=55 | serial=6C8E003524821577A204631FE09CE344
[2026-09-09 12:35:17] [DETECTION] Detection: SpeedHack || account=guest | action=KICK | confidence=68 | detection=SpeedHack | dimension=0 | interior=0 | level=Medium | limit=36 | name=XRAOUF?! | ping=2 | pos=64.0,960.0,5.1 | reason=On-foot speed exceeds limit over consecutive samples | samples=3 | score=55 | serial=6C8E003524821577A204631FE09CE344 | speed=95.2 | state=NORMAL | vehicle=none | vel=0.000,0.000,-0.129 | weight=20
[2026-09-09 12:35:23] [WARNING] MTA special detection (SD) codes reported - environment indicator, not a cheat detection || acCodes= | account=guest | d3d9MD5= | d3d9Size=0 | name=XRAOUF?! | sdCodes=15 | serial=6C8E003524821577A204631FE09CE344
[2026-09-09 12:35:23] [DETECTION] Evidence || account=guest | detection=NativeSD | name=XRAOUF?! | samples=[ [ { "p": 0, "t": 3722476, "g": 1, "v": "0.000,0.000,0.000", "y": -596, "x": -2404, "z": 132.6, "st": "NORMAL", "veh": 0 }, { "p": 2, "t": 3722997, "g": 0, "v": "0.000,0.000,0.000", "y": 0, "x": 0, "z": 0, "st": "NORMAL", "veh": 0 }, { "p": 2, "t": 3723509, "g": 0, "v": "0.000,0.000,0.000", "y": 0, "x": 0, "z": 0, "st": "NORMAL", "veh": 0 }, { "p": 2, "t": 3724022, "g": 0, "v": "0.000,0.000,0.000", "y": 0, "x": 0, "z": 0, "st": "NORMAL", "veh": 0 }, { "p": 2, "t": 3724532, "g": 0, "v": "0.000,0.000,0.000", "y": 0, "x": 0, "z": 0, "st": "NORMAL", "veh": 0 } ] ] | serial=6C8E003524821577A204631FE09CE344
[2026-09-09 12:35:23] [DETECTION] Detection: NativeSD || account=guest | action=LOG | codes=15 | confidence=52 | detection=NativeSD | dimension=0 | interior=0 | level=Low | name=XRAOUF?! | ping=2 | pos=0.0,0.0,0.0 | reason=MTA special detection codes 15 | score=5 | serial=6C8E003524821577A204631FE09CE344 | state=NORMAL | vehicle=none | vel=0.000,0.000,0.000 | weight=5
[2026-09-09 12:35:47] [DETECTION] Evidence || account=guest | detection=NoClip | name=XRAOUF?! | samples=[ [ { "p": 2, "t": 3739019, "g": 1, "v": "0.000,0.000,0.000", "y": -596, "x": -2404, "z": 132.6, "st": "NORMAL", "veh": 0 }, { "p": 2, "t": 3739528, "g": 1, "v": "0.000,0.000,0.000", "y": -596, "x": -2404, "z": 132.6, "st": "NORMAL", "veh": 0 }, { "p": 2, "t": 3740034, "g": 1, "v": "0.000,0.000,0.000", "y": -596, "x": -2404, "z": 132.6, "st": "NORMAL", "veh": 0 }, { "p": 2, "t": 3740534, "g": 1, "v": "0.000,0.000,0.000", "y": -596, "x": -2404, "z": 132.6, "st": "NORMAL", "veh": 0 }, { "p": 2, "t": 3741053, "g": 1, "v": "0.000,0.000,0.000", "y": -596, "x": -2404, "z": 132.6, "st": "NORMAL", "veh": 0 }, { "p": 2, "t": 3741588, "g": 1, "v": "0.000,0.000,0.000", "y": -596, "x": -2404, "z": 132.6, "st": "NORMAL", "veh": 0 }, { "p": 2, "t": 3742093, "g": 1, "v": "0.000,0.000,0.000", "y": -596, "x": -2404, "z": 132.6, "st": "NORMAL", "veh": 0 }, { "p": 2, "t": 3742598, "g": 1, "v": "0.000,0.000,0.000", "y": -596, "x": -2404, "z": 132.6, "st": "NORMAL", "veh": 0 }, { "p": 2, "t": 3743102, "g": 1, "v": "0.000,0.000,0.000", "y": -596, "x": -2404, "z": 132.6, "st": "NORMAL", "veh": 0 }, { "p": 2, "t": 3743641, "g": 1, "v": "0.000,0.000,0.000", "y": -596, "x": -2404, "z": 132.6, "st": "NORMAL", "veh": 0 }, { "p": 2, "t": 3744146, "g": 1, "v": "0.000,0.000,0.000", "y": -596, "x": -2404, "z": 132.6, "st": "NORMAL", "veh": 0 }, { "p": 2, "t": 3744648, "g": 1, "v": "0.000,0.000,0.000", "y": -596, "x": -2404, "z": 132.6, "st": "NORMAL", "veh": 0 }, { "p": 2, "t": 3745152, "g": 1, "v": "0.000,0.000,0.000", "y": -596, "x": -2404, "z": 132.6, "st": "NORMAL", "veh": 0 }, { "p": 2, "t": 3745666, "g": 1, "v": "0.000,0.000,0.000", "y": -596, "x": -2404, "z": 132.6, "st": "NORMAL", "veh": 0 }, { "p": 2, "t": 3746170, "g": 1, "v": "0.000,0.000,0.000", "y": -596, "x": -2404, "z": 132.6, "st": "NORMAL", "veh": 0 }, { "p": 2, "t": 3746706, "g": 1, "v": "0.000,0.000,0.000", "y": -596, "x": -2404, "z": 132.6, "st": "NORMAL", "veh": 0 }, { "p": 2, "t": 3747210, "g": 1, "v": "0.000,0.000,0.000", "y": -596, "x": -2404, "z": 132.6, "st": "NORMAL", "veh": 0 }, { "p": 4, "t": 3747717, "g": 1, "v": "0.000,0.000,0.000", "y": -596, "x": -2404, "z": 132.6, "st": "NORMAL", "veh": 0 }, { "p": 2, "t": 3748230, "g": 1, "v": "0.000,0.000,0.000", "y": -596, "x": -2404, "z": 132.6, "st": "NORMAL", "veh": 0 }, { "p": 2, "t": 3748746, "g": 1, "v": "0.000,0.000,0.000", "y": -596, "x": -2404, "z": 132.6, "st": "NORMAL", "veh": 0 } ] ] | serial=6C8E003524821577A204631FE09CE344
[2026-09-09 12:35:47] [WARNING] Punishment applied || account=guest | action=WARN | detection=NoClip | name=XRAOUF?! | reason=Client collisions disabled while server has them enabled | score=35 | serial=6C8E003524821577A204631FE09CE344 | warnings=1
[2026-09-09 12:35:47] [DETECTION] Detection: NoClip || account=guest | action=WARN | confidence=60 | detection=NoClip | dimension=0 | interior=0 | level=Medium | name=XRAOUF?! | ping=2 | pos=-2404.0,-596.0,132.6 | reason=Client collisions disabled while server has them enabled | score=35 | serial=6C8E003524821577A204631FE09CE344 | state=NORMAL | vehicle=none | vel=0.000,0.000,0.000 | weight=30
[2026-09-09 12:54:41] [INFO] Resource instrumented || backup=:ac_testbench/meta.xml.sentinel.bak | method=rewrite | resource=ac_testbench
[2026-09-09 12:54:42] [WARNING] Instrument: resource restarted to load canary || resource=ac_testbench | success=true
[2026-09-09 12:55:26] [DETECTION] Evidence || account=guest | detection=Fly | name=XRAOUF?! | samples=[ [ { "p": 1, "t": 4917850, "g": 0, "v": "0.000,0.000,-0.001", "y": -1664.6, "x": 2479.5, "z": 13.4, "st": "NORMAL", "veh": 0 }, { "p": 2, "t": 4918365, "g": 1, "v": "-0.019,-0.001,0.000", "y": -1664.6, "x": 2478.6, "z": 13.3, "st": "NORMAL", "veh": 0 }, { "p": 2, "t": 4918900, "g": 0, "v": "-0.498,-0.002,-0.042", "y": -1664.7, "x": 2466.8, "z": 17.4, "st": "NORMAL", "veh": 0 }, { "p": 2, "t": 4919416, "g": 0, "v": "-0.495,0.033,-0.055", "y": -1663.2, "x": 2454.5, "z": 15, "st": "NORMAL", "veh": 0 }, { "p": 2, "t": 4919930, "g": 0, "v": "-0.498,0.020,-0.031", "y": -1662.8, "x": 2443.8, "z": 18.6, "st": "NORMAL", "veh": 0 }, { "p": 2, "t": 4920437, "g": 0, "v": "-0.496,0.022,0.244", "y": -1662.2, "x": 2430.3, "z": 19.2, "st": "NORMAL", "veh": 0 }, { "p": 2, "t": 4920942, "g": 0, "v": "-0.496,0.022,-0.053", "y": -1661.6, "x": 2421, "z": 19.7, "st": "NORMAL", "veh": 0 }, { "p": 2, "t": 4921448, "g": 0, "v": "-0.496,0.022,-0.305", "y": -1661, "x": 2408.3, "z": 16.8, "st": "NORMAL", "veh": 0 }, { "p": 2, "t": 4921974, "g": 1, "v": "-0.497,0.020,-0.305", "y": -1660, "x": 2401.7, "z": 13.4, "st": "NORMAL", "veh": 0 }, { "p": 2, "t": 4922498, "g": 0, "v": "-0.498,0.014,0.244", "y": -1659.7, "x": 2391.6, "z": 17.9, "st": "NORMAL", "veh": 0 }, { "p": 2, "t": 4923035, "g": 0, "v": "-0.498,0.014,0.244", "y": -1659.3, "x": 2378.2, "z": 14.8, "st": "NORMAL", "veh": 0 }, { "p": 2, "t": 4923552, "g": 0, "v": "-0.498,0.014,-0.305", "y": -1658.9, "x": 2364.7, "z": 19, "st": "NORMAL", "veh": 0 }, { "p": 2, "t": 4924087, "g": 1, "v": "-0.498,0.014,-0.305", "y": -1657.4, "x": 2354.3, "z": 13.4, "st": "NORMAL", "veh": 0 }, { "p": 2, "t": 4924623, "g": 1, "v": "-0.191,0.005,0.000", "y": -1657.7, "x": 2349.7, "z": 13.4, "st": "NORMAL", "veh": 0 }, { "p": 2, "t": 4925127, "g": 0, "v": "0.069,-0.494,0.244", "y": -1666.2, "x": 2350.6, "z": 16.9, "st": "NORMAL", "veh": 0 }, { "p": 2, "t": 4925633, "g": 0, "v": "-0.133,-0.459,0.244", "y": -1676.5, "x": 2349.8, "z": 22.2, "st": "NORMAL", "veh": 0 }, { "p": 2, "t": 4926141, "g": 0, "v": "-0.133,-0.459,0.244", "y": -1688.9, "x": 2346.2, "z": 28.8, "st": "NORMAL", "veh": 0 }, { "p": 2, "t": 4926680, "g": 0, "v": "-0.133,-0.459,0.244", "y": -1701.4, "x": 2342.6, "z": 35.4, "st": "NORMAL", "veh": 0 }, { "p": 2, "t": 4927186, "g": 0, "v": "-0.127,-0.459,0.244", "y": -1713.8, "x": 2339, "z": 42, "st": "NORMAL", "veh": 0 }, { "p": 2, "t": 4927701, "g": 0, "v": "-0.127,-0.459,0.244", "y": -1723.7, "x": 2336.3, "z": 47.2, "st": "NORMAL", "veh": 0 } ] ] | serial=6C8E003524821577A204631FE09CE344
[2026-09-09 12:55:26] [WARNING] Punishment applied || account=guest | action=KICK | detection=Fly | name=XRAOUF?! | reason=Airborne movement without falling physics: ascend | score=25 | serial=6C8E003524821577A204631FE09CE344
[2026-09-09 12:55:26] [DETECTION] Detection: Fly || account=guest | action=KICK | climbed=18.5 | confidence=68 | detection=Fly | dimension=0 | interior=0 | level=Low | name=XRAOUF?! | ping=2 | pos=2336.3,-1723.7,47.2 | reason=Airborne movement without falling physics: ascend | score=25 | serial=6C8E003524821577A204631FE09CE344 | state=NORMAL | vehicle=none | vel=-0.127,-0.459,0.244 | weight=25
[2026-09-09 12:55:32] [WARNING] MTA special detection (SD) codes reported - environment indicator, not a cheat detection || acCodes= | account=guest | d3d9MD5= | d3d9Size=0 | name=XRAOUF?! | sdCodes=15 | serial=6C8E003524821577A204631FE09CE344
[2026-09-09 12:55:32] [DETECTION] Evidence || account=guest | detection=NativeSD | name=XRAOUF?! | samples=[ [ { "p": 2, "t": 4930867, "g": 0, "v": "0.000,0.000,0.000", "y": 0, "x": 0, "z": 0, "st": "NORMAL", "veh": 0 }, { "p": 2, "t": 4931377, "g": 0, "v": "0.000,0.000,0.000", "y": 0, "x": 0, "z": 0, "st": "NORMAL", "veh": 0 }, { "p": 2, "t": 4931890, "g": 0, "v": "0.000,0.000,0.000", "y": 0, "x": 0, "z": 0, "st": "NORMAL", "veh": 0 }, { "p": 2, "t": 4932402, "g": 0, "v": "0.000,0.000,0.000", "y": 0, "x": 0, "z": 0, "st": "NORMAL", "veh": 0 }, { "p": 2, "t": 4932915, "g": 0, "v": "0.000,0.000,0.000", "y": 0, "x": 0, "z": 0, "st": "NORMAL", "veh": 0 }, { "p": 2, "t": 4933447, "g": 0, "v": "0.000,0.000,0.000", "y": 0, "x": 0, "z": 0, "st": "NORMAL", "veh": 0 }, { "p": 2, "t": 4933967, "g": 0, "v": "0.000,0.000,0.000", "y": 0, "x": 0, "z": 0, "st": "NORMAL", "veh": 0 } ] ] | serial=6C8E003524821577A204631FE09CE344
[2026-09-09 12:55:32] [DETECTION] Detection: NativeSD || account=guest | action=LOG | codes=15 | confidence=52 | detection=NativeSD | dimension=0 | interior=0 | level=Low | name=XRAOUF?! | ping=2 | pos=2486.0,-1664.0,13.3 | reason=MTA special detection codes 15 | score=5 | serial=6C8E003524821577A204631FE09CE344 | state=NORMAL | vehicle=none | vel=0.000,0.000,0.000 | weight=5
[2026-09-09 12:55:50] [DETECTION] Evidence || account=guest | detection=Flood | name=XRAOUF?! | samples=[ [ { "p": 2, "t": 4941704, "g": 1, "v": "0.000,0.000,0.000", "y": -1664, "x": 2486, "z": 13.3, "st": "NORMAL", "veh": 0 }, { "p": 3, "t": 4942207, "g": 1, "v": "0.000,0.000,0.000", "y": -1664, "x": 2486, "z": 13.3, "st": "NORMAL", "veh": 0 }, { "p": 2, "t": 4942711, "g": 1, "v": "0.000,0.000,0.000", "y": -1664, "x": 2486, "z": 13.3, "st": "NORMAL", "veh": 0 }, { "p": 4, "t": 4943216, "g": 1, "v": "0.000,0.000,0.000", "y": -1664, "x": 2486, "z": 13.3, "st": "NORMAL", "veh": 0 }, { "p": 2, "t": 4943721, "g": 1, "v": "0.000,0.000,0.000", "y": -1664, "x": 2486, "z": 13.3, "st": "NORMAL", "veh": 0 }, { "p": 2, "t": 4944256, "g": 1, "v": "0.000,0.000,0.000", "y": -1664, "x": 2486, "z": 13.3, "st": "NORMAL", "veh": 0 }, { "p": 2, "t": 4944767, "g": 1, "v": "0.000,0.000,0.000", "y": -1664, "x": 2486, "z": 13.3, "st": "NORMAL", "veh": 0 }, { "p": 2, "t": 4945283, "g": 1, "v": "0.000,0.000,0.000", "y": -1664, "x": 2486, "z": 13.3, "st": "NORMAL", "veh": 0 }, { "p": 2, "t": 4945798, "g": 1, "v": "0.000,0.000,0.000", "y": -1664, "x": 2486, "z": 13.3, "st": "NORMAL", "veh": 0 }, { "p": 2, "t": 4946303, "g": 1, "v": "0.000,0.000,0.000", "y": -1664, "x": 2486, "z": 13.3, "st": "NORMAL", "veh": 0 }, { "p": 2, "t": 4946807, "g": 1, "v": "0.000,0.000,0.000", "y": -1664, "x": 2486, "z": 13.3, "st": "NORMAL", "veh": 0 }, { "p": 3, "t": 4947322, "g": 1, "v": "0.000,0.000,0.000", "y": -1664, "x": 2486, "z": 13.3, "st": "NORMAL", "veh": 0 }, { "p": 2, "t": 4947826, "g": 1, "v": "0.000,0.000,0.000", "y": -1664, "x": 2486, "z": 13.3, "st": "NORMAL", "veh": 0 }, { "p": 2, "t": 4948330, "g": 1, "v": "0.000,0.000,0.000", "y": -1664, "x": 2486, "z": 13.3, "st": "NORMAL", "veh": 0 }, { "p": 2, "t": 4948838, "g": 1, "v": "0.000,0.000,0.000", "y": -1664, "x": 2486, "z": 13.3, "st": "NORMAL", "veh": 0 }, { "p": 2, "t": 4949376, "g": 1, "v": "0.000,0.000,0.000", "y": -1664, "x": 2486, "z": 13.3, "st": "NORMAL", "veh": 0 }, { "p": 4, "t": 4949890, "g": 1, "v": "0.000,0.000,0.000", "y": -1664, "x": 2486, "z": 13.3, "st": "NORMAL", "veh": 0 }, { "p": 2, "t": 4950425, "g": 1, "v": "0.000,0.000,0.000", "y": -1664, "x": 2486, "z": 13.3, "st": "NORMAL", "veh": 0 }, { "p": 2, "t": 4950959, "g": 1, "v": "0.000,0.000,0.000", "y": -1664, "x": 2486, "z": 13.3, "st": "NORMAL", "veh": 0 }, { "p": 2, "t": 4951475, "g": 1, "v": "0.000,0.000,0.000", "y": -1664, "x": 2486, "z": 13.3, "st": "NORMAL", "veh": 0 } ] ] | serial=6C8E003524821577A204631FE09CE344
[2026-09-09 12:55:50] [WARNING] Punishment applied || account=guest | action=KICK | detection=Flood | name=XRAOUF?! | reason=oversized element data (20000 bytes) | score=45 | serial=6C8E003524821577A204631FE09CE344
[2026-09-09 12:55:50] [DETECTION] Detection: Flood || account=guest | action=KICK | confidence=60 | detection=Flood | dimension=0 | element=player | interior=0 | key=tb_big | level=Medium | name=XRAOUF?! | ping=2 | pos=2486.0,-1664.0,13.3 | reason=oversized element data (20000 bytes) | score=45 | serial=6C8E003524821577A204631FE09CE344 | state=NORMAL | vehicle=none | vel=0.000,0.000,0.000 | weight=40
[2026-09-09 12:55:55] [WARNING] MTA special detection (SD) codes reported - environment indicator, not a cheat detection || acCodes= | account=guest | d3d9MD5= | d3d9Size=0 | name=XRAOUF?! | sdCodes=15 | serial=6C8E003524821577A204631FE09CE344
[2026-09-09 12:55:55] [DETECTION] Evidence || account=guest | detection=NativeSD | name=XRAOUF?! | samples=[ [ { "p": 2, "t": 4954639, "g": 0, "v": "0.000,0.000,0.000", "y": 0, "x": 0, "z": 0, "st": "NORMAL", "veh": 0 }, { "p": 2, "t": 4955141, "g": 0, "v": "0.000,0.000,0.000", "y": 0, "x": 0, "z": 0, "st": "NORMAL", "veh": 0 }, { "p": 2, "t": 4955652, "g": 0, "v": "0.000,0.000,0.000", "y": 0, "x": 0, "z": 0, "st": "NORMAL", "veh": 0 }, { "p": 2, "t": 4956164, "g": 0, "v": "0.000,0.000,0.000", "y": 0, "x": 0, "z": 0, "st": "NORMAL", "veh": 0 }, { "p": 2, "t": 4956678, "g": 0, "v": "0.000,0.000,0.000", "y": 0, "x": 0, "z": 0, "st": "NORMAL", "veh": 0 } ] ] | serial=6C8E003524821577A204631FE09CE344
[2026-09-09 12:55:55] [DETECTION] Detection: NativeSD || account=guest | action=LOG | codes=15 | confidence=52 | detection=NativeSD | dimension=0 | interior=0 | level=Low | name=XRAOUF?! | ping=2 | pos=0.0,0.0,0.0 | reason=MTA special detection codes 15 | score=5 | serial=6C8E003524821577A204631FE09CE344 | state=NORMAL | vehicle=none | vel=0.000,0.000,0.000 | weight=5
[2026-09-09 12:56:31] [WARNING] Event abuse || account=guest | event=SentinelAC:server:heartbeat | name=XRAOUF?! | reason=session:invalid-token | resource=sentinel_ac | serial=6C8E003524821577A204631FE09CE344
[2026-09-09 12:56:31] [DETECTION] Evidence || account=guest | detection=EventAbuse | name=XRAOUF?! | samples=[ [ { "p": 2, "t": 4983042, "g": 1, "v": "0.015,-0.011,0.000", "y": 898.7, "x": -685.3, "z": 12.1, "st": "NORMAL", "veh": 0 }, { "p": 2, "t": 4983558, "g": 1, "v": "0.000,0.000,0.000", "y": 898.7, "x": -685.3, "z": 12.1, "st": "NORMAL", "veh": 0 }, { "p": 2, "t": 4984063, "g": 1, "v": "0.000,0.000,0.000", "y": 898.7, "x": -685.3, "z": 12.1, "st": "NORMAL", "veh": 0 }, { "p": 2, "t": 4984576, "g": 1, "v": "0.000,0.000,0.000", "y": 898.7, "x": -685.3, "z": 12.1, "st": "NORMAL", "veh": 0 }, { "p": 2, "t": 4985087, "g": 1, "v": "0.000,0.000,0.000", "y": 898.7, "x": -685.3, "z": 12.1, "st": "NORMAL", "veh": 0 }, { "p": 2, "t": 4985602, "g": 1, "v": "0.000,0.000,0.000", "y": 898.7, "x": -685.3, "z": 12.1, "st": "NORMAL", "veh": 0 }, { "p": 2, "t": 4986118, "g": 1, "v": "0.000,0.000,0.000", "y": 898.7, "x": -685.3, "z": 12.1, "st": "NORMAL", "veh": 0 }, { "p": 2, "t": 4986621, "g": 1, "v": "0.000,0.000,0.000", "y": 898.7, "x": -685.3, "z": 12.1, "st": "NORMAL", "veh": 0 }, { "p": 2, "t": 4987125, "g": 1, "v": "0.000,0.000,0.000", "y": 898.7, "x": -685.3, "z": 12.1, "st": "NORMAL", "veh": 0 }, { "p": 2, "t": 4987643, "g": 1, "v": "0.000,0.000,0.000", "y": 898.7, "x": -685.3, "z": 12.1, "st": "NORMAL", "veh": 0 }, { "p": 2, "t": 4988160, "g": 1, "v": "0.000,0.000,0.000", "y": 898.7, "x": -685.3, "z": 12.1, "st": "NORMAL", "veh": 0 }, { "p": 4, "t": 4988674, "g": 1, "v": "0.000,0.000,0.000", "y": 898.7, "x": -685.3, "z": 12.1, "st": "NORMAL", "veh": 0 }, { "p": 2, "t": 4989178, "g": 1, "v": "0.000,0.000,0.000", "y": 898.7, "x": -685.3, "z": 12.1, "st": "NORMAL", "veh": 0 }, { "p": 2, "t": 4989693, "g": 1, "v": "0.000,0.000,0.000", "y": 898.7, "x": -685.3, "z": 12.1, "st": "NORMAL", "veh": 0 }, { "p": 2, "t": 4990197, "g": 1, "v": "0.000,0.000,0.000", "y": 898.7, "x": -685.3, "z": 12.1, "st": "NORMAL", "veh": 0 }, { "p": 2, "t": 4990712, "g": 1, "v": "0.000,0.000,0.000", "y": 898.7, "x": -685.3, "z": 12.1, "st": "NORMAL", "veh": 0 }, { "p": 2, "t": 4991227, "g": 1, "v": "0.000,0.000,0.000", "y": 898.7, "x": -685.3, "z": 12.1, "st": "NORMAL", "veh": 0 }, { "p": 2, "t": 4991740, "g": 1, "v": "0.000,0.000,0.000", "y": 898.7, "x": -685.3, "z": 12.1, "st": "NORMAL", "veh": 0 }, { "p": 2, "t": 4992273, "g": 1, "v": "0.000,0.000,0.000", "y": 898.7, "x": -685.3, "z": 12.1, "st": "NORMAL", "veh": 0 }, { "p": 2, "t": 4992806, "g": 1, "v": "0.000,0.000,0.000", "y": 898.7, "x": -685.3, "z": 12.1, "st": "NORMAL", "veh": 0 } ] ] | serial=6C8E003524821577A204631FE09CE344
[2026-09-09 12:56:31] [DETECTION] Detection: EventAbuse || account=guest | action=LOG | confidence=60 | detection=EventAbuse | dimension=0 | event=SentinelAC:server:heartbeat | interior=0 | level=Low | name=XRAOUF?! | ping=2 | pos=-685.3,898.7,12.1 | reason=session:invalid-token on SentinelAC:server:heartbeat | score=15 | serial=6C8E003524821577A204631FE09CE344 | state=NORMAL | vehicle=none | vel=0.000,0.000,0.000 | weight=15
[2026-09-09 12:56:32] [WARNING] Event abuse || account=guest | event=SentinelAC:server:telemetry | name=XRAOUF?! | perSecond=3 | reason=rate-limit | resource=sentinel_ac | serial=6C8E003524821577A204631FE09CE344
[2026-09-09 12:58:10] [WARNING] MTA special detection (SD) codes reported - environment indicator, not a cheat detection || acCodes= | account=guest | d3d9MD5= | d3d9Size=0 | name=XRAOUF?! | sdCodes=15 | serial=6C8E003524821577A204631FE09CE344
[2026-09-09 12:58:10] [DETECTION] Evidence || account=guest | detection=NativeSD | name=XRAOUF?! | samples=[ [ { "p": 2, "t": 5082236, "g": 1, "v": "0.000,0.000,0.000", "y": -600, "x": -2405, "z": 132.6, "st": "NORMAL", "veh": 0 }, { "p": 2, "t": 5082739, "g": 1, "v": "0.000,0.000,0.000", "y": -600, "x": -2405, "z": 132.6, "st": "NORMAL", "veh": 0 }, { "p": 4, "t": 5083275, "g": 1, "v": "0.000,0.000,0.000", "y": -600, "x": -2405, "z": 132.6, "st": "NORMAL", "veh": 0 }, { "p": 2, "t": 5083776, "g": 1, "v": "0.000,0.000,0.000", "y": -600, "x": -2405, "z": 132.6, "st": "NORMAL", "veh": 0 }, { "p": 2, "t": 5084304, "g": 1, "v": "0.000,0.000,0.000", "y": -600, "x": -2405, "z": 132.6, "st": "NORMAL", "veh": 0 }, { "p": 2, "t": 5084830, "g": 1, "v": "0.000,0.000,0.000", "y": -600, "x": -2405, "z": 132.6, "st": "NORMAL", "veh": 0 }, { "p": 2, "t": 5085370, "g": 1, "v": "0.000,0.000,0.000", "y": -600, "x": -2405, "z": 132.6, "st": "NORMAL", "veh": 0 }, { "p": 2, "t": 5085874, "g": 1, "v": "0.000,0.000,0.000", "y": -600, "x": -2405, "z": 132.6, "st": "NORMAL", "veh": 0 }, { "p": 2, "t": 5086409, "g": 1, "v": "0.000,0.000,0.000", "y": -600, "x": -2405, "z": 132.6, "st": "NORMAL", "veh": 0 }, { "p": 2, "t": 5086912, "g": 1, "v": "0.000,0.000,0.000", "y": -600, "x": -2405, "z": 132.6, "st": "NORMAL", "veh": 0 }, { "p": 2, "t": 5087448, "g": 1, "v": "0.000,0.000,0.000", "y": -600, "x": -2405, "z": 132.6, "st": "NORMAL", "veh": 0 }, { "p": 2, "t": 5087982, "g": 1, "v": "0.000,0.000,0.000", "y": -600, "x": -2405, "z": 132.6, "st": "NORMAL", "veh": 0 }, { "p": 2, "t": 5088518, "g": 1, "v": "0.000,0.000,0.000", "y": -600, "x": -2405, "z": 132.6, "st": "NORMAL", "veh": 0 }, { "p": 4, "t": 5089031, "g": 1, "v": "0.000,0.000,0.000", "y": -600, "x": -2405, "z": 132.6, "st": "NORMAL", "veh": 0 }, { "p": 2, "t": 5089559, "g": 1, "v": "0.000,0.000,0.000", "y": -600, "x": -2405, "z": 132.6, "st": "NORMAL", "veh": 0 }, { "p": 2, "t": 5090072, "g": 1, "v": "0.000,0.000,0.000", "y": -600, "x": -2405, "z": 132.6, "st": "NORMAL", "veh": 0 }, { "p": 2, "t": 5090608, "g": 1, "v": "0.000,0.000,0.000", "y": -600, "x": -2405, "z": 132.6, "st": "NORMAL", "veh": 0 }, { "p": 2, "t": 5091113, "g": 1, "v": "0.000,0.000,0.000", "y": -600, "x": -2405, "z": 132.6, "st": "NORMAL", "veh": 0 }, { "p": 2, "t": 5091650, "g": 1, "v": "0.000,0.000,0.000", "y": -600, "x": -2405, "z": 132.6, "st": "NORMAL", "veh": 0 }, { "p": 2, "t": 5092153, "g": 1, "v": "0.000,0.000,0.000", "y": -600, "x": -2405, "z": 132.6, "st": "NORMAL", "veh": 0 } ] ] | serial=6C8E003524821577A204631FE09CE344
[2026-09-09 12:58:10] [DETECTION] Detection: NativeSD || account=guest | action=LOG | codes=15 | confidence=52 | detection=NativeSD | dimension=0 | interior=0 | level=Low | name=XRAOUF?! | ping=2 | pos=-2405.0,-600.0,132.6 | reason=MTA special detection codes 15 | score=5 | serial=6C8E003524821577A204631FE09CE344 | state=NORMAL | vehicle=none | vel=0.000,0.000,0.000 | weight=5
[2026-09-09 12:58:13] [DETECTION] Evidence || account=guest | detection=NoClip | name=XRAOUF?! | samples=[ [ { "p": 2, "t": 5084830, "g": 1, "v": "0.000,0.000,0.000", "y": -600, "x": -2405, "z": 132.6, "st": "NORMAL", "veh": 0 }, { "p": 2, "t": 5085370, "g": 1, "v": "0.000,0.000,0.000", "y": -600, "x": -2405, "z": 132.6, "st": "NORMAL", "veh": 0 }, { "p": 2, "t": 5085874, "g": 1, "v": "0.000,0.000,0.000", "y": -600, "x": -2405, "z": 132.6, "st": "NORMAL", "veh": 0 }, { "p": 2, "t": 5086409, "g": 1, "v": "0.000,0.000,0.000", "y": -600, "x": -2405, "z": 132.6, "st": "NORMAL", "veh": 0 }, { "p": 2, "t": 5086912, "g": 1, "v": "0.000,0.000,0.000", "y": -600, "x": -2405, "z": 132.6, "st": "NORMAL", "veh": 0 }, { "p": 2, "t": 5087448, "g": 1, "v": "0.000,0.000,0.000", "y": -600, "x": -2405, "z": 132.6, "st": "NORMAL", "veh": 0 }, { "p": 2, "t": 5087982, "g": 1, "v": "0.000,0.000,0.000", "y": -600, "x": -2405, "z": 132.6, "st": "NORMAL", "veh": 0 }, { "p": 2, "t": 5088518, "g": 1, "v": "0.000,0.000,0.000", "y": -600, "x": -2405, "z": 132.6, "st": "NORMAL", "veh": 0 }, { "p": 4, "t": 5089031, "g": 1, "v": "0.000,0.000,0.000", "y": -600, "x": -2405, "z": 132.6, "st": "NORMAL", "veh": 0 }, { "p": 2, "t": 5089559, "g": 1, "v": "0.000,0.000,0.000", "y": -600, "x": -2405, "z": 132.6, "st": "NORMAL", "veh": 0 }, { "p": 2, "t": 5090072, "g": 1, "v": "0.000,0.000,0.000", "y": -600, "x": -2405, "z": 132.6, "st": "NORMAL", "veh": 0 }, { "p": 2, "t": 5090608, "g": 1, "v": "0.000,0.000,0.000", "y": -600, "x": -2405, "z": 132.6, "st": "NORMAL", "veh": 0 }, { "p": 2, "t": 5091113, "g": 1, "v": "0.000,0.000,0.000", "y": -600, "x": -2405, "z": 132.6, "st": "NORMAL", "veh": 0 }, { "p": 2, "t": 5091650, "g": 1, "v": "0.000,0.000,0.000", "y": -600, "x": -2405, "z": 132.6, "st": "NORMAL", "veh": 0 }, { "p": 2, "t": 5092153, "g": 1, "v": "0.000,0.000,0.000", "y": -600, "x": -2405, "z": 132.6, "st": "NORMAL", "veh": 0 }, { "p": 2, "t": 5092678, "g": 1, "v": "0.000,0.000,0.000", "y": -600, "x": -2405, "z": 132.6, "st": "NORMAL", "veh": 0 }, { "p": 2, "t": 5093191, "g": 1, "v": "0.000,0.000,0.004", "y": -600, "x": -2405, "z": 132.6, "st": "NORMAL", "veh": 0 }, { "p": 3, "t": 5093696, "g": 1, "v": "0.000,0.000,0.004", "y": -600, "x": -2405, "z": 132.6, "st": "NORMAL", "veh": 0 }, { "p": 2, "t": 5094200, "g": 1, "v": "0.000,0.000,0.004", "y": -600, "x": -2405, "z": 132.6, "st": "NORMAL", "veh": 0 }, { "p": 2, "t": 5094711, "g": 1, "v": "0.000,0.000,0.004", "y": -600, "x": -2405, "z": 132.6, "st": "NORMAL", "veh": 0 } ] ] | serial=6C8E003524821577A204631FE09CE344
[2026-09-09 12:58:13] [WARNING] Punishment applied || account=guest | action=WARN | detection=NoClip | name=XRAOUF?! | reason=Client collisions disabled while server has them enabled | score=35 | serial=6C8E003524821577A204631FE09CE344 | warnings=1
[2026-09-09 12:58:13] [DETECTION] Detection: NoClip || account=guest | action=WARN | confidence=60 | detection=NoClip | dimension=0 | interior=0 | level=Medium | name=XRAOUF?! | ping=2 | pos=-2405.0,-600.0,132.6 | reason=Client collisions disabled while server has them enabled | score=35 | serial=6C8E003524821577A204631FE09CE344 | state=NORMAL | vehicle=none | vel=0.000,0.000,0.004 | weight=30
[2026-09-09 12:58:23] [DETECTION] Evidence || account=guest | detection=NoClip | name=XRAOUF?! | samples=[ [ { "p": 2, "t": 5095215, "g": 1, "v": "0.000,0.000,0.004", "y": -600, "x": -2405, "z": 132.6, "st": "NORMAL", "veh": 0 }, { "p": 3, "t": 5095719, "g": 1, "v": "0.000,0.000,0.004", "y": -600, "x": -2405, "z": 132.6, "st": "NORMAL", "veh": 0 }, { "p": 2, "t": 5096219, "g": 1, "v": "0.000,0.000,0.004", "y": -600, "x": -2405, "z": 132.6, "st": "NORMAL", "veh": 0 }, { "p": 2, "t": 5096733, "g": 1, "v": "0.000,0.000,0.004", "y": -600, "x": -2405, "z": 132.6, "st": "NORMAL", "veh": 0 }, { "p": 2, "t": 5097237, "g": 1, "v": "0.000,0.000,0.004", "y": -600, "x": -2405, "z": 132.6, "st": "NORMAL", "veh": 0 }, { "p": 3, "t": 5097750, "g": 1, "v": "0.000,0.000,0.004", "y": -600, "x": -2405, "z": 132.6, "st": "NORMAL", "veh": 0 }, { "p": 2, "t": 5098265, "g": 1, "v": "0.000,0.000,0.004", "y": -600, "x": -2405, "z": 132.6, "st": "NORMAL", "veh": 0 }, { "p": 2, "t": 5098779, "g": 1, "v": "-0.042,-0.027,-0.038", "y": -600, "x": -2405, "z": 132.6, "st": "NORMAL", "veh": 0 }, { "p": 2, "t": 5099294, "g": 1, "v": "-0.096,-0.069,0.007", "y": -600, "x": -2405, "z": 132.6, "st": "NORMAL", "veh": 0 }, { "p": 2, "t": 5099798, "g": 1, "v": "0.022,0.131,0.210", "y": -600, "x": -2405, "z": 132.6, "st": "NORMAL", "veh": 0 }, { "p": 2, "t": 5100313, "g": 1, "v": "0.000,0.000,0.210", "y": -600, "x": -2405, "z": 132.6, "st": "NORMAL", "veh": 0 }, { "p": 2, "t": 5100829, "g": 1, "v": "0.000,0.000,0.004", "y": -600, "x": -2405, "z": 132.6, "st": "NORMAL", "veh": 0 }, { "p": 2, "t": 5101345, "g": 1, "v": "-0.001,0.101,0.126", "y": -600, "x": -2405, "z": 132.6, "st": "NORMAL", "veh": 0 }, { "p": 3, "t": 5101854, "g": 1, "v": "0.018,0.343,-0.067", "y": -600, "x": -2405, "z": 132.6, "st": "NORMAL", "veh": 0 }, { "p": 2, "t": 5102361, "g": 1, "v": "0.342,-0.071,0.002", "y": -600, "x": -2405, "z": 132.6, "st": "NORMAL", "veh": 0 }, { "p": 2, "t": 5102866, "g": 1, "v": "0.000,0.000,0.004", "y": -600, "x": -2405, "z": 132.6, "st": "NORMAL", "veh": 0 }, { "p": 2, "t": 5103382, "g": 1, "v": "0.000,0.000,0.004", "y": -600, "x": -2405, "z": 132.6, "st": "NORMAL", "veh": 0 }, { "p": 4, "t": 5103888, "g": 1, "v": "0.000,0.000,0.004", "y": -600, "x": -2405, "z": 132.6, "st": "NORMAL", "veh": 0 }, { "p": 4, "t": 5104407, "g": 1, "v": "0.000,0.000,0.004", "y": -600, "x": -2405, "z": 132.6, "st": "NORMAL", "veh": 0 }, { "p": 2, "t": 5104932, "g": 1, "v": "0.000,0.000,0.004", "y": -600, "x": -2405, "z": 132.6, "st": "NORMAL", "veh": 0 } ] ] | serial=6C8E003524821577A204631FE09CE344
[2026-09-09 12:58:23] [WARNING] Punishment applied || account=guest | action=KICK | detection=NoClip | name=XRAOUF?! | reason=Client collisions disabled while server has them enabled | score=65 | serial=6C8E003524821577A204631FE09CE344
[2026-09-09 12:58:23] [DETECTION] Detection: NoClip || account=guest | action=KICK | confidence=72 | detection=NoClip | dimension=0 | interior=0 | level=High | name=XRAOUF?! | ping=2 | pos=-2405.0,-600.0,132.6 | reason=Client collisions disabled while server has them enabled | score=65 | serial=6C8E003524821577A204631FE09CE344 | state=NORMAL | vehicle=none | vel=0.000,0.000,0.004 | weight=30
[2026-09-09 12:58:30] [WARNING] MTA special detection (SD) codes reported - environment indicator, not a cheat detection || acCodes= | account=guest | d3d9MD5= | d3d9Size=0 | name=XRAOUF?! | sdCodes=15 | serial=6C8E003524821577A204631FE09CE344
[2026-09-09 12:58:30] [DETECTION] Evidence || account=guest | detection=NativeSD | name=XRAOUF?! | samples=[ [ { "p": 2, "t": 5109145, "g": 0, "v": "0.000,0.000,0.000", "y": 0, "x": 0, "z": 0, "st": "NORMAL", "veh": 0 }, { "p": 2, "t": 5109657, "g": 0, "v": "0.000,0.000,0.000", "y": 0, "x": 0, "z": 0, "st": "NORMAL", "veh": 0 }, { "p": 2, "t": 5110167, "g": 0, "v": "0.000,0.000,0.000", "y": 0, "x": 0, "z": 0, "st": "NORMAL", "veh": 0 }, { "p": 2, "t": 5110679, "g": 0, "v": "0.000,0.000,0.000", "y": 0, "x": 0, "z": 0, "st": "NORMAL", "veh": 0 }, { "p": 2, "t": 5111189, "g": 0, "v": "0.000,0.000,0.000", "y": 0, "x": 0, "z": 0, "st": "NORMAL", "veh": 0 }, { "p": 2, "t": 5111714, "g": 0, "v": "0.000,0.000,0.000", "y": 0, "x": 0, "z": 0, "st": "NORMAL", "veh": 0 } ] ] | serial=6C8E003524821577A204631FE09CE344
[2026-09-09 12:58:30] [DETECTION] Detection: NativeSD || account=guest | action=LOG | codes=15 | confidence=52 | detection=NativeSD | dimension=0 | interior=0 | level=Low | name=XRAOUF?! | ping=2 | pos=2486.0,-1668.0,13.3 | reason=MTA special detection codes 15 | score=5 | serial=6C8E003524821577A204631FE09CE344 | state=NORMAL | vehicle=none | vel=0.000,0.000,0.000 | weight=5
[2026-09-09 12:58:42] [INFO] Jetpack in use (unregistered, RequireRegistration=false) || account=guest | name=XRAOUF?! | serial=6C8E003524821577A204631FE09CE344
[2026-09-09 12:59:38] [WARNING] Event abuse || account=raouf | event=SentinelAC:server:telemetry | name=XRAOUF?! | reason=session:invalid-token | resource=sentinel_ac | serial=6C8E003524821577A204631FE09CE344
[2026-09-09 12:59:38] [WARNING] Event abuse || account=raouf | event=SentinelAC:server:ready | name=XRAOUF?! | reason=invalid-source | resource=sentinel_ac | serial=6C8E003524821577A204631FE09CE344 | sourceType=root
[2026-09-09 13:00:20] [WARNING] Canary report could not be confirmed (compiled resource or legitimate loadstring) || event=nil | fn=outputChatBox | kind=unknown-source | player=XRAOUF?! | resource=ac_testbench | source=evil.lua
[2026-09-09 13:00:23] [WARNING] Canary report could not be confirmed (compiled resource or legitimate loadstring) || event=nil | fn=outputChatBox | kind=unknown-source | player=XRAOUF?! | resource=ac_testbench | source=evil.lua
[2026-09-09 13:00:23] [WARNING] Canary report could not be confirmed (compiled resource or legitimate loadstring) || event=nil | fn=outputChatBox | kind=unknown-source | player=XRAOUF?! | resource=ac_testbench | source=evil.lua
[2026-09-09 13:00:23] [WARNING] Canary report could not be confirmed (compiled resource or legitimate loadstring) || event=nil | fn=outputChatBox | kind=unknown-source | player=XRAOUF?! | resource=ac_testbench | source=evil.lua
[2026-09-09 13:00:24] [WARNING] Canary report could not be confirmed (compiled resource or legitimate loadstring) || event=nil | fn=outputChatBox | kind=unknown-source | player=XRAOUF?! | resource=ac_testbench | source=evil.lua
[2026-09-09 13:00:24] [WARNING] Canary report could not be confirmed (compiled resource or legitimate loadstring) || event=nil | fn=outputChatBox | kind=unknown-source | player=XRAOUF?! | resource=ac_testbench | source=evil.lua
[2026-09-09 13:00:24] [WARNING] Canary report could not be confirmed (compiled resource or legitimate loadstring) || event=nil | fn=outputChatBox | kind=unknown-source | player=XRAOUF?! | resource=ac_testbench | source=evil.lua
[2026-09-09 13:00:24] [WARNING] Canary report could not be confirmed (compiled resource or legitimate loadstring) || event=nil | fn=outputChatBox | kind=unknown-source | player=XRAOUF?! | resource=ac_testbench | source=evil.lua
[2026-09-09 13:00:24] [WARNING] Canary report could not be confirmed (compiled resource or legitimate loadstring) || event=nil | fn=outputChatBox | kind=unknown-source | player=XRAOUF?! | resource=ac_testbench | source=evil.lua
[2026-09-09 13:00:24] [WARNING] Canary report could not be confirmed (compiled resource or legitimate loadstring) || event=nil | fn=outputChatBox | kind=unknown-source | player=XRAOUF?! | resource=ac_testbench | source=evil.lua
[2026-09-09 13:00:24] [WARNING] Canary report could not be confirmed (compiled resource or legitimate loadstring) || event=nil | fn=outputChatBox | kind=unknown-source | player=XRAOUF?! | resource=ac_testbench | source=evil.lua
[2026-09-09 13:00:24] [WARNING] Canary report could not be confirmed (compiled resource or legitimate loadstring) || event=nil | fn=outputChatBox | kind=unknown-source | player=XRAOUF?! | resource=ac_testbench | source=evil.lua
[2026-09-09 13:00:24] [WARNING] Canary report could not be confirmed (compiled resource or legitimate loadstring) || event=nil | fn=outputChatBox | kind=unknown-source | player=XRAOUF?! | resource=ac_testbench | source=evil.lua
[2026-09-09 13:01:52] [DETECTION] Evidence || account=guest | detection=Integrity | name=XRAOUF?! | samples=[ [ { "p": 3, "t": 5304688, "g": 0, "v": "0.000,0.000,-0.001", "y": -1700.3, "x": 1589.2, "z": 96.2, "st": "NORMAL", "veh": 429 }, { "p": 2, "t": 5305194, "g": 0, "v": "0.000,0.000,-0.001", "y": -1700.3, "x": 1589.2, "z": 96.2, "st": "NORMAL", "veh": 429 }, { "p": 4, "t": 5305730, "g": 0, "v": "0.000,0.000,-0.001", "y": -1700.3, "x": 1589.2, "z": 96.09999999999999, "st": "NORMAL", "veh": 429 }, { "p": 2, "t": 5306266, "g": 0, "v": "0.000,0.000,-0.001", "y": -1700.3, "x": 1589.2, "z": 96.09999999999999, "st": "NORMAL", "veh": 429 }, { "p": 4, "t": 5306772, "g": 0, "v": "0.000,0.000,-0.001", "y": -1700.3, "x": 1589.2, "z": 96, "st": "NORMAL", "veh": 429 }, { "p": 2, "t": 5307296, "g": 0, "v": "0.000,0.000,-0.001", "y": -1699.7, "x": 1582.6, "z": 92.5, "st": "NORMAL", "veh": 429 }, { "p": 2, "t": 5307811, "g": 0, "v": "-0.599,-0.003,0.031", "y": -1698.8, "x": 1570.5, "z": 91.09999999999999, "st": "NORMAL", "veh": 429 }, { "p": 2, "t": 5308318, "g": 0, "v": "-0.599,-0.003,0.031", "y": -1698.9, "x": 1554.3, "z": 91.90000000000001, "st": "NORMAL", "veh": 429 }, { "p": 2, "t": 5308854, "g": 0, "v": "-0.600,-0.003,0.007", "y": -1699, "x": 1538.1, "z": 92.59999999999999, "st": "NORMAL", "veh": 429 }, { "p": 2, "t": 5309388, "g": 0, "v": "-0.598,-0.003,-0.051", "y": -1699, "x": 1521.9, "z": 92, "st": "NORMAL", "veh": 429 }, { "p": 2, "t": 5309903, "g": 0, "v": "-0.591,-0.003,-0.108", "y": -1699.1, "x": 1505.8, "z": 89.8, "st": "NORMAL", "veh": 429 }, { "p": 2, "t": 5310417, "g": 0, "v": "-0.581,-0.003,-0.154", "y": -1699.2, "x": 1493.2, "z": 87, "st": "NORMAL", "veh": 429 }, { "p": 2, "t": 5310935, "g": 0, "v": "-0.564,-0.003,-0.209", "y": -1699.2, "x": 1477.8, "z": 82.09999999999999, "st": "NORMAL", "veh": 429 }, { "p": 2, "t": 5311443, "g": 0, "v": "-0.542,-0.002,-0.262", "y": -1699.3, "x": 1462.9, "z": 75.7, "st": "NORMAL", "veh": 429 }, { "p": 2, "t": 5311981, "g": 0, "v": "-0.586,-0.003,0.354", "y": -1699.4, "x": 1448.3, "z": 75, "st": "NORMAL", "veh": 429 }, { "p": 2, "t": 5312497, "g": 0, "v": "-0.597,-0.003,-0.060", "y": -1699.4, "x": 1432.1, "z": 76.3, "st": "NORMAL", "veh": 429 }, { "p": 2, "t": 5313024, "g": 0, "v": "-0.599,-0.003,0.354", "y": -1699.5, "x": 1416.1, "z": 77.3, "st": "NORMAL", "veh": 429 }, { "p": 2, "t": 5313530, "g": 0, "v": "-0.599,-0.003,0.014", "y": -1699.6, "x": 1403.1, "z": 79.5, "st": "NORMAL", "veh": 429 }, { "p": 2, "t": 5314035, "g": 0, "v": "-0.596,-0.003,0.057", "y": -1699.6, "x": 1386.9, "z": 82.5, "st": "NORMAL", "veh": 429 }, { "p": 4, "t": 5314552, "g": 0, "v": "-0.600,-0.003,0.001", "y": -1699.7, "x": 1370.8, "z": 83.3, "st": "NORMAL", "veh": 429 } ] ] | serial=6C8E003524821577A204631FE09CE344
[2026-09-09 13:01:52] [DETECTION] Detection: Integrity || account=guest | action=LOG | confidence=60 | detection=Integrity | dimension=0 | interior=0 | level=Low | name=XRAOUF?! | ping=4 | pos=1370.8,-1699.7,83.3 | reason=Canary inside resource 'ac_testbench' stopped reporting | resource=ac_testbench | score=15 | serial=6C8E003524821577A204631FE09CE344 | sinceMs=88074 | state=NORMAL | vehicle=Banshee(429) | vel=-0.600,-0.003,0.001 | weight=15
[2026-09-09 13:02:14] [DETECTION] Evidence || account=guest | detection=Vehicle | name=XRAOUF?! | samples=[ [ { "p": 2, "t": 5325864, "g": 0, "v": "0.061,-0.536,-0.268", "y": -1803.4, "x": 1353.5, "z": 77.5, "st": "NORMAL", "veh": 429 }, { "p": 4, "t": 5326401, "g": 0, "v": "0.211,-0.486,0.354", "y": -1816.6, "x": 1358.9, "z": 72.40000000000001, "st": "NORMAL", "veh": 429 }, { "p": 2, "t": 5326919, "g": 0, "v": "0.211,-0.486,-0.365", "y": -1829.8, "x": 1364.6, "z": 71.8, "st": "NORMAL", "veh": 429 }, { "p": 2, "t": 5327446, "g": 0, "v": "0.200,-0.460,-0.365", "y": -1842.6, "x": 1370.2, "z": 62.4, "st": "NORMAL", "veh": 429 }, { "p": 4, "t": 5327982, "g": 0, "v": "0.185,-0.426,-0.385", "y": -1854.6, "x": 1375.4, "z": 52.5, "st": "NORMAL", "veh": 429 }, { "p": 2, "t": 5328519, "g": 0, "v": "0.231,-0.531,0.354", "y": -1866.8, "x": 1380.7, "z": 53.5, "st": "NORMAL", "veh": 429 }, { "p": 2, "t": 5329026, "g": 0, "v": "0.538,-0.251,0.354", "y": -1880.5, "x": 1388.5, "z": 63.1, "st": "NORMAL", "veh": 429 }, { "p": 2, "t": 5329561, "g": 0, "v": "0.484,-0.284,0.354", "y": -1886.8, "x": 1403.1, "z": 72.7, "st": "NORMAL", "veh": 429 }, { "p": 2, "t": 5330087, "g": 0, "v": "0.467,-0.298,0.354", "y": -1893.2, "x": 1413.2, "z": 80.3, "st": "NORMAL", "veh": 429 }, { "p": 2, "t": 5330623, "g": 0, "v": "0.538,-0.005,-0.269", "y": -1896, "x": 1427.2, "z": 89.5, "st": "NORMAL", "veh": 429 }, { "p": 2, "t": 5331138, "g": 0, "v": "0.538,-0.005,-0.269", "y": -1896.1, "x": 1441.8, "z": 82.2, "st": "NORMAL", "veh": 429 }, { "p": 3, "t": 5331663, "g": 0, "v": "0.523,-0.005,-0.298", "y": -1896.3, "x": 1456.2, "z": 74.7, "st": "NORMAL", "veh": 429 }, { "p": 2, "t": 5332179, "g": 0, "v": "0.600,-0.006,0.354", "y": -1896.4, "x": 1471.4, "z": 80.2, "st": "NORMAL", "veh": 429 }, { "p": 2, "t": 5332703, "g": 0, "v": "0.513,0.175,0.354", "y": -1893.1, "x": 1486, "z": 87.2, "st": "NORMAL", "veh": 429 }, { "p": 2, "t": 5333209, "g": 0, "v": "0.000,0.000,-0.001", "y": -1892.6, "x": 1487.4, "z": 86.90000000000001, "st": "NORMAL", "veh": 429 }, { "p": 2, "t": 5333715, "g": 0, "v": "0.000,0.000,-0.001", "y": -1892.6, "x": 1487.4, "z": 86.8, "st": "NORMAL", "veh": 429 }, { "p": 2, "t": 5334230, "g": 0, "v": "0.000,0.000,-0.001", "y": -1892.6, "x": 1487.4, "z": 86.8, "st": "NORMAL", "veh": 429 }, { "p": 2, "t": 5334745, "g": 0, "v": "0.000,0.000,-0.001", "y": -1892.6, "x": 1487.4, "z": 86.8, "st": "NORMAL", "veh": 429 }, { "p": 2, "t": 5335260, "g": 0, "v": "0.000,0.000,-0.001", "y": -1892.6, "x": 1487.4, "z": 86.7, "st": "NORMAL", "veh": 429 }, { "p": 2, "t": 5335796, "g": 0, "v": "0.000,0.000,-0.001", "y": -1892.6, "x": 1487.4, "z": 86.7, "st": "NORMAL", "veh": 429 } ] ] | serial=6C8E003524821577A204631FE09CE344
[2026-09-09 13:02:14] [WARNING] Punishment applied || account=guest | action=KICK | detection=Vehicle | name=XRAOUF?! | reason=Land/sea vehicle hovering above ground | score=30 | serial=6C8E003524821577A204631FE09CE344
[2026-09-09 13:02:14] [DETECTION] Detection: Vehicle || account=guest | action=KICK | class=Automobile | confidence=68 | detection=Vehicle | dimension=0 | groundDistance=65.5 | interior=0 | level=Low | model=429 | name=XRAOUF?! | ping=2 | pos=1487.4,-1892.6,86.7 | reason=Land/sea vehicle hovering above ground | samples=6 | score=30 | serial=6C8E003524821577A204631FE09CE344 | state=NORMAL | vehicle=Banshee(429) | vel=0.000,0.000,-0.001 | weight=20
[2026-09-09 13:02:20] [WARNING] MTA special detection (SD) codes reported - environment indicator, not a cheat detection || acCodes= | account=guest | d3d9MD5= | d3d9Size=0 | name=XRAOUF?! | sdCodes=15 | serial=6C8E003524821577A204631FE09CE344
[2026-09-09 13:02:20] [DETECTION] Evidence || account=guest | detection=NativeSD | name=XRAOUF?! | samples=[ [ { "p": 2, "t": 5340552, "g": 0, "v": "0.000,0.000,0.000", "y": 0, "x": 0, "z": 0, "st": "NORMAL", "veh": 0 }, { "p": 2, "t": 5341076, "g": 0, "v": "0.000,0.000,0.000", "y": 0, "x": 0, "z": 0, "st": "NORMAL", "veh": 0 }, { "p": 2, "t": 5341605, "g": 0, "v": "0.000,0.000,0.000", "y": 0, "x": 0, "z": 0, "st": "NORMAL", "veh": 0 }, { "p": 2, "t": 5342137, "g": 0, "v": "0.000,0.000,0.000", "y": 0, "x": 0, "z": 0, "st": "NORMAL", "veh": 0 } ] ] | serial=6C8E003524821577A204631FE09CE344
[2026-09-09 13:02:20] [DETECTION] Detection: NativeSD || account=guest | action=LOG | codes=15 | confidence=52 | detection=NativeSD | dimension=0 | interior=0 | level=Low | name=XRAOUF?! | ping=4 | pos=0.0,0.0,0.0 | reason=MTA special detection codes 15 | score=5 | serial=6C8E003524821577A204631FE09CE344 | state=NORMAL | vehicle=none | vel=0.000,0.000,0.000 | weight=5
[2026-09-09 13:02:31] [WARNING] Canary report could not be confirmed (compiled resource or legitimate loadstring) || event=nil | fn=outputChatBox | kind=unknown-source | player=XRAOUF?! | resource=ac_testbench | source=evil.lua
[2026-09-09 13:02:33] [WARNING] Canary report could not be confirmed (compiled resource or legitimate loadstring) || event=nil | fn=outputChatBox | kind=unknown-source | player=XRAOUF?! | resource=ac_testbench | source=evil.lua
[2026-09-09 13:02:34] [WARNING] Canary report could not be confirmed (compiled resource or legitimate loadstring) || event=nil | fn=outputChatBox | kind=unknown-source | player=XRAOUF?! | resource=ac_testbench | source=evil.lua
[2026-09-09 13:02:34] [WARNING] Canary report could not be confirmed (compiled resource or legitimate loadstring) || event=nil | fn=outputChatBox | kind=unknown-source | player=XRAOUF?! | resource=ac_testbench | source=evil.lua
[2026-09-09 13:02:34] [WARNING] Canary report could not be confirmed (compiled resource or legitimate loadstring) || event=nil | fn=outputChatBox | kind=unknown-source | player=XRAOUF?! | resource=ac_testbench | source=evil.lua
[2026-09-09 13:02:34] [WARNING] Canary report could not be confirmed (compiled resource or legitimate loadstring) || event=nil | fn=outputChatBox | kind=unknown-source | player=XRAOUF?! | resource=ac_testbench | source=evil.lua
[2026-09-09 13:02:34] [WARNING] Canary report could not be confirmed (compiled resource or legitimate loadstring) || event=nil | fn=outputChatBox | kind=unknown-source | player=XRAOUF?! | resource=ac_testbench | source=evil.lua
[2026-09-09 13:02:40] [WARNING] Canary report could not be confirmed (compiled resource or legitimate loadstring) || event=nil | fn=outputChatBox | kind=unknown-source | player=XRAOUF?! | resource=ac_testbench | source=evil.lua
[2026-09-09 13:02:45] [WARNING] Event abuse || account=guest | event=SentinelAC:server:telemetry | name=XRAOUF?! | reason=session:invalid-token | resource=sentinel_ac | serial=6C8E003524821577A204631FE09CE344
[2026-09-09 13:02:45] [DETECTION] Evidence || account=guest | detection=EventAbuse | name=XRAOUF?! | samples=[ [ { "p": 2, "t": 5357196, "g": 1, "v": "0.000,0.000,0.000", "y": -1669, "x": 2484, "z": 13.3, "st": "NORMAL", "veh": 0 }, { "p": 2, "t": 5357709, "g": 1, "v": "0.000,0.000,0.000", "y": -1669, "x": 2484, "z": 13.3, "st": "NORMAL", "veh": 0 }, { "p": 2, "t": 5358227, "g": 1, "v": "0.000,0.000,0.000", "y": -1669, "x": 2484, "z": 13.3, "st": "NORMAL", "veh": 0 }, { "p": 2, "t": 5358737, "g": 1, "v": "0.000,0.000,0.000", "y": -1669, "x": 2484, "z": 13.3, "st": "NORMAL", "veh": 0 }, { "p": 2, "t": 5359242, "g": 1, "v": "0.000,0.000,0.000", "y": -1669, "x": 2484, "z": 13.3, "st": "NORMAL", "veh": 0 }, { "p": 2, "t": 5359746, "g": 1, "v": "0.000,0.000,0.000", "y": -1669, "x": 2484, "z": 13.3, "st": "NORMAL", "veh": 0 }, { "p": 2, "t": 5360262, "g": 1, "v": "0.000,0.000,0.000", "y": -1669, "x": 2484, "z": 13.3, "st": "NORMAL", "veh": 0 }, { "p": 2, "t": 5360768, "g": 1, "v": "0.000,0.000,0.000", "y": -1669, "x": 2484, "z": 13.3, "st": "NORMAL", "veh": 0 }, { "p": 2, "t": 5361271, "g": 1, "v": "0.000,0.000,0.000", "y": -1669, "x": 2484, "z": 13.3, "st": "NORMAL", "veh": 0 }, { "p": 2, "t": 5361786, "g": 1, "v": "0.000,0.000,0.000", "y": -1669, "x": 2484, "z": 13.3, "st": "NORMAL", "veh": 0 }, { "p": 2, "t": 5362301, "g": 1, "v": "0.000,0.000,0.000", "y": -1669, "x": 2484, "z": 13.3, "st": "NORMAL", "veh": 0 }, { "p": 2, "t": 5362816, "g": 1, "v": "0.000,0.000,0.000", "y": -1669, "x": 2484, "z": 13.3, "st": "NORMAL", "veh": 0 }, { "p": 2, "t": 5363332, "g": 1, "v": "0.000,0.000,0.000", "y": -1669, "x": 2484, "z": 13.3, "st": "NORMAL", "veh": 0 }, { "p": 2, "t": 5363838, "g": 1, "v": "0.000,0.000,0.000", "y": -1669, "x": 2484, "z": 13.3, "st": "NORMAL", "veh": 0 }, { "p": 2, "t": 5364352, "g": 1, "v": "0.000,0.000,0.000", "y": -1669, "x": 2484, "z": 13.3, "st": "NORMAL", "veh": 0 }, { "p": 2, "t": 5364856, "g": 1, "v": "0.000,0.000,0.000", "y": -1669, "x": 2484, "z": 13.3, "st": "NORMAL", "veh": 0 }, { "p": 2, "t": 5365370, "g": 1, "v": "0.000,0.000,0.000", "y": -1669, "x": 2484, "z": 13.3, "st": "NORMAL", "veh": 0 }, { "p": 2, "t": 5365874, "g": 1, "v": "0.000,0.000,0.000", "y": -1669, "x": 2484, "z": 13.3, "st": "NORMAL", "veh": 0 }, { "p": 2, "t": 5366389, "g": 1, "v": "0.000,0.000,0.000", "y": -1669, "x": 2484, "z": 13.3, "st": "NORMAL", "veh": 0 }, { "p": 4, "t": 5366904, "g": 1, "v": "0.000,0.000,0.000", "y": -1669, "x": 2484, "z": 13.3, "st": "NORMAL", "veh": 0 } ] ] | serial=6C8E003524821577A204631FE09CE344
[2026-09-09 13:02:45] [DETECTION] Detection: EventAbuse || account=guest | action=LOG | confidence=60 | detection=EventAbuse | dimension=0 | event=SentinelAC:server:telemetry | interior=0 | level=Low | name=XRAOUF?! | ping=4 | pos=2484.0,-1669.0,13.3 | reason=session:invalid-token on SentinelAC:server:telemetry | score=15 | serial=6C8E003524821577A204631FE09CE344 | state=NORMAL | vehicle=none | vel=0.000,0.000,0.000 | weight=15
[2026-09-09 13:02:45] [WARNING] Event abuse || account=guest | event=SentinelAC:server:ready | name=XRAOUF?! | reason=invalid-source | resource=sentinel_ac | serial=6C8E003524821577A204631FE09CE344 | sourceType=root
[2026-09-09 13:02:47] [WARNING] Event abuse || account=guest | event=SentinelAC:server:telemetry | name=XRAOUF?! | reason=session:invalid-token | resource=sentinel_ac | serial=6C8E003524821577A204631FE09CE344
[2026-09-09 13:02:47] [WARNING] Event abuse || account=guest | event=SentinelAC:server:ready | name=XRAOUF?! | reason=invalid-source | resource=sentinel_ac | serial=6C8E003524821577A204631FE09CE344 | sourceType=root
[2026-09-09 13:02:47] [WARNING] Event abuse || account=guest | event=SentinelAC:server:telemetry | name=XRAOUF?! | perSecond=3 | reason=rate-limit | resource=sentinel_ac | serial=6C8E003524821577A204631FE09CE344
[2026-09-09 13:02:48] [WARNING] Event abuse || account=guest | event=SentinelAC:server:telemetry | name=XRAOUF?! | reason=session:invalid-token | resource=sentinel_ac | serial=6C8E003524821577A204631FE09CE344
[2026-09-09 13:02:48] [DETECTION] Evidence || account=guest | detection=EventAbuse | name=XRAOUF?! | samples=[ [ { "p": 2, "t": 5360262, "g": 1, "v": "0.000,0.000,0.000", "y": -1669, "x": 2484, "z": 13.3, "st": "NORMAL", "veh": 0 }, { "p": 2, "t": 5360768, "g": 1, "v": "0.000,0.000,0.000", "y": -1669, "x": 2484, "z": 13.3, "st": "NORMAL", "veh": 0 }, { "p": 2, "t": 5361271, "g": 1, "v": "0.000,0.000,0.000", "y": -1669, "x": 2484, "z": 13.3, "st": "NORMAL", "veh": 0 }, { "p": 2, "t": 5361786, "g": 1, "v": "0.000,0.000,0.000", "y": -1669, "x": 2484, "z": 13.3, "st": "NORMAL", "veh": 0 }, { "p": 2, "t": 5362301, "g": 1, "v": "0.000,0.000,0.000", "y": -1669, "x": 2484, "z": 13.3, "st": "NORMAL", "veh": 0 }, { "p": 2, "t": 5362816, "g": 1, "v": "0.000,0.000,0.000", "y": -1669, "x": 2484, "z": 13.3, "st": "NORMAL", "veh": 0 }, { "p": 2, "t": 5363332, "g": 1, "v": "0.000,0.000,0.000", "y": -1669, "x": 2484, "z": 13.3, "st": "NORMAL", "veh": 0 }, { "p": 2, "t": 5363838, "g": 1, "v": "0.000,0.000,0.000", "y": -1669, "x": 2484, "z": 13.3, "st": "NORMAL", "veh": 0 }, { "p": 2, "t": 5364352, "g": 1, "v": "0.000,0.000,0.000", "y": -1669, "x": 2484, "z": 13.3, "st": "NORMAL", "veh": 0 }, { "p": 2, "t": 5364856, "g": 1, "v": "0.000,0.000,0.000", "y": -1669, "x": 2484, "z": 13.3, "st": "NORMAL", "veh": 0 }, { "p": 2, "t": 5365370, "g": 1, "v": "0.000,0.000,0.000", "y": -1669, "x": 2484, "z": 13.3, "st": "NORMAL", "veh": 0 }, { "p": 2, "t": 5365874, "g": 1, "v": "0.000,0.000,0.000", "y": -1669, "x": 2484, "z": 13.3, "st": "NORMAL", "veh": 0 }, { "p": 2, "t": 5366389, "g": 1, "v": "0.000,0.000,0.000", "y": -1669, "x": 2484, "z": 13.3, "st": "NORMAL", "veh": 0 }, { "p": 4, "t": 5366904, "g": 1, "v": "0.000,0.000,0.000", "y": -1669, "x": 2484, "z": 13.3, "st": "NORMAL", "veh": 0 }, { "p": 2, "t": 5367410, "g": 1, "v": "0.000,0.000,0.000", "y": -1669, "x": 2484, "z": 13.3, "st": "NORMAL", "veh": 0 }, { "p": 2, "t": 5367925, "g": 1, "v": "0.000,0.000,0.000", "y": -1669, "x": 2484, "z": 13.3, "st": "NORMAL", "veh": 0 }, { "p": 2, "t": 5368429, "g": 1, "v": "0.000,0.000,0.000", "y": -1669, "x": 2484, "z": 13.3, "st": "NORMAL", "veh": 0 }, { "p": 2, "t": 5368944, "g": 1, "v": "0.000,0.000,0.000", "y": -1669, "x": 2484, "z": 13.3, "st": "NORMAL", "veh": 0 }, { "p": 2, "t": 5369471, "g": 1, "v": "0.000,0.000,0.000", "y": -1669, "x": 2484, "z": 13.3, "st": "NORMAL", "veh": 0 }, { "p": 2, "t": 5370006, "g": 1, "v": "0.000,0.000,0.000", "y": -1669, "x": 2484, "z": 13.3, "st": "NORMAL", "veh": 0 } ] ] | serial=6C8E003524821577A204631FE09CE344
[2026-09-09 13:02:48] [DETECTION] Detection: EventAbuse || account=guest | action=LOG | confidence=72 | detection=EventAbuse | dimension=0 | event=SentinelAC:server:telemetry | interior=0 | level=Low | name=XRAOUF?! | ping=2 | pos=2484.0,-1669.0,13.3 | reason=session:invalid-token on SentinelAC:server:telemetry | score=30 | serial=6C8E003524821577A204631FE09CE344 | state=NORMAL | vehicle=none | vel=0.000,0.000,0.000 | weight=15
[2026-09-09 13:02:48] [WARNING] Event abuse || account=guest | event=SentinelAC:server:ready | name=XRAOUF?! | reason=invalid-source | resource=sentinel_ac | serial=6C8E003524821577A204631FE09CE344 | sourceType=root
[2026-09-09 13:02:52] [DETECTION] Evidence || account=guest | detection=Flood | name=XRAOUF?! | samples=[ [ { "p": 2, "t": 5363838, "g": 1, "v": "0.000,0.000,0.000", "y": -1669, "x": 2484, "z": 13.3, "st": "NORMAL", "veh": 0 }, { "p": 2, "t": 5364352, "g": 1, "v": "0.000,0.000,0.000", "y": -1669, "x": 2484, "z": 13.3, "st": "NORMAL", "veh": 0 }, { "p": 2, "t": 5364856, "g": 1, "v": "0.000,0.000,0.000", "y": -1669, "x": 2484, "z": 13.3, "st": "NORMAL", "veh": 0 }, { "p": 2, "t": 5365370, "g": 1, "v": "0.000,0.000,0.000", "y": -1669, "x": 2484, "z": 13.3, "st": "NORMAL", "veh": 0 }, { "p": 2, "t": 5365874, "g": 1, "v": "0.000,0.000,0.000", "y": -1669, "x": 2484, "z": 13.3, "st": "NORMAL", "veh": 0 }, { "p": 2, "t": 5366389, "g": 1, "v": "0.000,0.000,0.000", "y": -1669, "x": 2484, "z": 13.3, "st": "NORMAL", "veh": 0 }, { "p": 4, "t": 5366904, "g": 1, "v": "0.000,0.000,0.000", "y": -1669, "x": 2484, "z": 13.3, "st": "NORMAL", "veh": 0 }, { "p": 2, "t": 5367410, "g": 1, "v": "0.000,0.000,0.000", "y": -1669, "x": 2484, "z": 13.3, "st": "NORMAL", "veh": 0 }, { "p": 2, "t": 5367925, "g": 1, "v": "0.000,0.000,0.000", "y": -1669, "x": 2484, "z": 13.3, "st": "NORMAL", "veh": 0 }, { "p": 2, "t": 5368429, "g": 1, "v": "0.000,0.000,0.000", "y": -1669, "x": 2484, "z": 13.3, "st": "NORMAL", "veh": 0 }, { "p": 2, "t": 5368944, "g": 1, "v": "0.000,0.000,0.000", "y": -1669, "x": 2484, "z": 13.3, "st": "NORMAL", "veh": 0 }, { "p": 2, "t": 5369471, "g": 1, "v": "0.000,0.000,0.000", "y": -1669, "x": 2484, "z": 13.3, "st": "NORMAL", "veh": 0 }, { "p": 2, "t": 5370006, "g": 1, "v": "0.000,0.000,0.000", "y": -1669, "x": 2484, "z": 13.3, "st": "NORMAL", "veh": 0 }, { "p": 2, "t": 5370522, "g": 1, "v": "0.000,0.000,0.000", "y": -1669, "x": 2484, "z": 13.3, "st": "NORMAL", "veh": 0 }, { "p": 2, "t": 5371027, "g": 1, "v": "0.000,0.000,0.000", "y": -1669, "x": 2484, "z": 13.3, "st": "NORMAL", "veh": 0 }, { "p": 2, "t": 5371533, "g": 1, "v": "0.000,0.000,0.000", "y": -1669, "x": 2484, "z": 13.3, "st": "NORMAL", "veh": 0 }, { "p": 2, "t": 5372048, "g": 1, "v": "0.000,0.000,0.000", "y": -1669, "x": 2484, "z": 13.3, "st": "NORMAL", "veh": 0 }, { "p": 2, "t": 5372573, "g": 1, "v": "0.000,0.000,0.000", "y": -1669, "x": 2484, "z": 13.3, "st": "NORMAL", "veh": 0 }, { "p": 2, "t": 5373089, "g": 1, "v": "0.000,0.000,0.000", "y": -1669, "x": 2484, "z": 13.3, "st": "NORMAL", "veh": 0 }, { "p": 4, "t": 5373609, "g": 1, "v": "0.000,0.000,0.000", "y": -1669, "x": 2484, "z": 13.3, "st": "NORMAL", "veh": 0 } ] ] | serial=6C8E003524821577A204631FE09CE344
[2026-09-09 13:02:52] [WARNING] Punishment applied || account=guest | action=KICK | detection=Flood | name=XRAOUF?! | reason=element data flood (41/s) | score=70 | serial=6C8E003524821577A204631FE09CE344
[2026-09-09 13:02:52] [DETECTION] Detection: Flood || account=guest | action=KICK | confidence=68 | detection=Flood | dimension=0 | element=player | interior=0 | key=tb_flood | level=High | name=XRAOUF?! | ping=2 | pos=2484.0,-1669.0,13.3 | reason=element data flood (41/s) | score=70 | serial=6C8E003524821577A204631FE09CE344 | state=NORMAL | vehicle=none | vel=0.000,0.000,0.000 | weight=40
[2026-09-09 13:02:58] [WARNING] MTA special detection (SD) codes reported - environment indicator, not a cheat detection || acCodes= | account=guest | d3d9MD5= | d3d9Size=0 | name=XRAOUF?! | sdCodes=15 | serial=6C8E003524821577A204631FE09CE344
[2026-09-09 13:02:58] [DETECTION] Evidence || account=guest | detection=NativeSD | name=XRAOUF?! | samples=[ [ { "p": 2, "t": 5377274, "g": 0, "v": "0.000,0.000,0.000", "y": 0, "x": 0, "z": 0, "st": "NORMAL", "veh": 0 }, { "p": 2, "t": 5377806, "g": 0, "v": "0.000,0.000,0.000", "y": 0, "x": 0, "z": 0, "st": "NORMAL", "veh": 0 }, { "p": 2, "t": 5378318, "g": 0, "v": "0.000,0.000,0.000", "y": 0, "x": 0, "z": 0, "st": "NORMAL", "veh": 0 }, { "p": 2, "t": 5378831, "g": 0, "v": "0.000,0.000,0.000", "y": 0, "x": 0, "z": 0, "st": "NORMAL", "veh": 0 }, { "p": 2, "t": 5379344, "g": 0, "v": "0.000,0.000,0.000", "y": 0, "x": 0, "z": 0, "st": "NORMAL", "veh": 0 }, { "p": 3, "t": 5379854, "g": 0, "v": "0.000,0.000,0.000", "y": 0, "x": 0, "z": 0, "st": "NORMAL", "veh": 0 }, { "p": 3, "t": 5380374, "g": 0, "v": "0.000,0.000,0.000", "y": 0, "x": 0, "z": 0, "st": "NORMAL", "veh": 0 } ] ] | serial=6C8E003524821577A204631FE09CE344
[2026-09-09 13:02:58] [DETECTION] Detection: NativeSD || account=guest | action=LOG | codes=15 | confidence=52 | detection=NativeSD | dimension=0 | interior=0 | level=Low | name=XRAOUF?! | ping=2 | pos=2486.0,-1667.0,13.3 | reason=MTA special detection codes 15 | score=5 | serial=6C8E003524821577A204631FE09CE344 | state=NORMAL | vehicle=none | vel=0.000,0.000,0.000 | weight=5
[2026-09-09 13:03:13] [DETECTION] Evidence || account=guest | detection=SpeedHack | name=XRAOUF?! | samples=[ [ { "p": 2, "t": 5384530, "g": 1, "v": "0.000,0.000,0.000", "y": -1667, "x": 2486, "z": 13.3, "st": "NORMAL", "veh": 0 }, { "p": 2, "t": 5385035, "g": 1, "v": "0.000,0.000,0.000", "y": -1667, "x": 2486, "z": 13.3, "st": "NORMAL", "veh": 0 }, { "p": 2, "t": 5385551, "g": 1, "v": "0.000,0.000,0.000", "y": -1667, "x": 2486, "z": 13.3, "st": "NORMAL", "veh": 0 }, { "p": 2, "t": 5386078, "g": 1, "v": "0.000,0.000,0.000", "y": -1667, "x": 2486, "z": 13.3, "st": "NORMAL", "veh": 0 }, { "p": 2, "t": 5386604, "g": 1, "v": "0.000,0.000,0.000", "y": -1667, "x": 2486, "z": 13.3, "st": "NORMAL", "veh": 0 }, { "p": 2, "t": 5387128, "g": 1, "v": "0.000,0.000,0.000", "y": -1667, "x": 2486, "z": 13.3, "st": "NORMAL", "veh": 0 }, { "p": 2, "t": 5387663, "g": 1, "v": "0.000,0.000,0.000", "y": -1667, "x": 2486, "z": 13.3, "st": "NORMAL", "veh": 0 }, { "p": 2, "t": 5388168, "g": 1, "v": "0.000,0.000,0.000", "y": -1667, "x": 2486, "z": 13.3, "st": "NORMAL", "veh": 0 }, { "p": 2, "t": 5388686, "g": 1, "v": "0.000,0.000,0.000", "y": -1667, "x": 2486, "z": 13.3, "st": "NORMAL", "veh": 0 }, { "p": 2, "t": 5389211, "g": 1, "v": "0.000,0.000,0.000", "y": -1667, "x": 2486, "z": 13.3, "st": "NORMAL", "veh": 0 }, { "p": 2, "t": 5389736, "g": 1, "v": "0.000,0.000,0.000", "y": -1667, "x": 2486, "z": 13.3, "st": "NORMAL", "veh": 0 }, { "p": 2, "t": 5390241, "g": 1, "v": "0.000,0.000,0.000", "y": -1667, "x": 2486, "z": 13.3, "st": "NORMAL", "veh": 0 }, { "p": 2, "t": 5390755, "g": 1, "v": "0.000,0.000,0.000", "y": -1667, "x": 2486, "z": 13.3, "st": "NORMAL", "veh": 0 }, { "p": 2, "t": 5391259, "g": 1, "v": "0.000,0.000,0.000", "y": -1667, "x": 2486, "z": 13.3, "st": "NORMAL", "veh": 0 }, { "p": 2, "t": 5391773, "g": 1, "v": "0.000,0.000,0.000", "y": -1667, "x": 2486, "z": 13.3, "st": "NORMAL", "veh": 0 }, { "p": 2, "t": 5392278, "g": 1, "v": "0.000,0.000,0.000", "y": -1667, "x": 2486, "z": 13.3, "st": "NORMAL", "veh": 0 }, { "p": 2, "t": 5392794, "g": 1, "v": "0.000,0.000,0.000", "y": -1667, "x": 2486, "z": 13.3, "st": "NORMAL", "veh": 0 }, { "p": 2, "t": 5393317, "g": 1, "v": "0.000,0.000,0.000", "y": -1667, "x": 2486, "z": 13.3, "st": "NORMAL", "veh": 0 }, { "p": 2, "t": 5393841, "g": 1, "v": "0.000,0.000,0.000", "y": -1667, "x": 2486, "z": 13.3, "st": "NORMAL", "veh": 0 }, { "p": 2, "t": 5394356, "g": 1, "v": "0.000,0.000,0.000", "y": -1667, "x": 2486, "z": 13.3, "st": "NORMAL", "veh": 0 } ] ] | serial=6C8E003524821577A204631FE09CE344
[2026-09-09 13:03:13] [WARNING] Punishment applied || account=guest | action=KICK | detection=SpeedHack | name=XRAOUF?! | reason=Client game speed differs from server game speed | score=25 | serial=6C8E003524821577A204631FE09CE344
[2026-09-09 13:03:13] [DETECTION] Detection: SpeedHack || account=guest | action=KICK | client=2 | confidence=60 | detection=SpeedHack | dimension=0 | interior=0 | level=Low | name=XRAOUF?! | ping=3 | pos=2485.5,-1666.8,13.3 | reason=Client game speed differs from server game speed | score=25 | serial=6C8E003524821577A204631FE09CE344 | server=1 | state=NORMAL | vehicle=none | vel=0.000,0.000,0.000 | weight=20
[2026-09-09 13:03:17] [WARNING] MTA special detection (SD) codes reported - environment indicator, not a cheat detection || acCodes= | account=guest | d3d9MD5= | d3d9Size=0 | name=XRAOUF?! | sdCodes=15 | serial=6C8E003524821577A204631FE09CE344
[2026-09-09 13:03:17] [DETECTION] Evidence || account=guest | detection=NativeSD | name=XRAOUF?! | samples=[ [ { "p": 2, "t": 5397483, "g": 0, "v": "0.000,0.000,0.000", "y": 0, "x": 0, "z": 0, "st": "NORMAL", "veh": 0 }, { "p": 2, "t": 5397986, "g": 0, "v": "0.000,0.000,0.000", "y": 0, "x": 0, "z": 0, "st": "NORMAL", "veh": 0 }, { "p": 2, "t": 5398521, "g": 0, "v": "0.000,0.000,0.000", "y": 0, "x": 0, "z": 0, "st": "NORMAL", "veh": 0 }, { "p": 2, "t": 5399054, "g": 0, "v": "0.000,0.000,0.000", "y": 0, "x": 0, "z": 0, "st": "NORMAL", "veh": 0 } ] ] | serial=6C8E003524821577A204631FE09CE344
[2026-09-09 13:03:17] [DETECTION] Detection: NativeSD || account=guest | action=LOG | codes=15 | confidence=52 | detection=NativeSD | dimension=0 | interior=0 | level=Low | name=XRAOUF?! | ping=2 | pos=0.0,0.0,0.0 | reason=MTA special detection codes 15 | score=5 | serial=6C8E003524821577A204631FE09CE344 | state=NORMAL | vehicle=none | vel=0.000,0.000,0.000 | weight=5
[2026-09-09 13:21:01] [DETECTION] Evidence || account=guest | detection=SpeedHack | name=XRAOUF?! | samples=[ [ { "p": 2, "t": 6453325, "g": 1, "v": "0.000,0.000,0.000", "y": 1524.1, "x": 2053.7, "z": 10.7, "st": "NORMAL", "veh": 0 }, { "p": 2, "t": 6453862, "g": 1, "v": "0.000,0.000,0.000", "y": 1524.1, "x": 2053.7, "z": 10.7, "st": "NORMAL", "veh": 0 }, { "p": 2, "t": 6454376, "g": 1, "v": "0.000,0.000,0.000", "y": 1524.1, "x": 2053.7, "z": 10.7, "st": "NORMAL", "veh": 0 }, { "p": 2, "t": 6454880, "g": 1, "v": "0.000,0.000,0.000", "y": 1524.1, "x": 2053.7, "z": 10.7, "st": "NORMAL", "veh": 0 }, { "p": 2, "t": 6455417, "g": 1, "v": "0.000,0.000,0.000", "y": 1524.1, "x": 2053.7, "z": 10.7, "st": "NORMAL", "veh": 0 }, { "p": 2, "t": 6455953, "g": 1, "v": "0.000,0.000,0.000", "y": 1524.1, "x": 2053.7, "z": 10.7, "st": "NORMAL", "veh": 0 }, { "p": 2, "t": 6456457, "g": 1, "v": "0.000,0.000,0.000", "y": 1524.1, "x": 2053.7, "z": 10.7, "st": "NORMAL", "veh": 0 }, { "p": 2, "t": 6456981, "g": 1, "v": "0.000,0.000,0.000", "y": 1524.1, "x": 2053.7, "z": 10.7, "st": "NORMAL", "veh": 0 }, { "p": 2, "t": 6457518, "g": 1, "v": "0.000,0.000,0.000", "y": 1524.1, "x": 2053.7, "z": 10.7, "st": "NORMAL", "veh": 0 }, { "p": 2, "t": 6458043, "g": 1, "v": "0.000,0.000,0.000", "y": 1524.1, "x": 2053.7, "z": 10.7, "st": "NORMAL", "veh": 0 }, { "p": 2, "t": 6458557, "g": 1, "v": "0.000,0.000,0.000", "y": 1524.1, "x": 2053.7, "z": 10.7, "st": "NORMAL", "veh": 0 }, { "p": 2, "t": 6459079, "g": 1, "v": "0.000,0.000,0.000", "y": 1524.1, "x": 2053.7, "z": 10.7, "st": "NORMAL", "veh": 0 }, { "p": 2, "t": 6459595, "g": 1, "v": "0.000,0.000,0.000", "y": 1524.1, "x": 2053.7, "z": 10.7, "st": "NORMAL", "veh": 0 }, { "p": 2, "t": 6460098, "g": 1, "v": "0.000,0.000,0.000", "y": 1524.1, "x": 2053.7, "z": 10.7, "st": "NORMAL", "veh": 0 }, { "p": 2, "t": 6460634, "g": 1, "v": "-0.032,-0.009,0.000", "y": 1523.9, "x": 2053.3, "z": 10.7, "st": "NORMAL", "veh": 0 }, { "p": 2, "t": 6461150, "g": 0, "v": "0.000,0.000,-0.010", "y": 1523.3, "x": 2051.3, "z": 12.6, "st": "NORMAL", "veh": 0 }, { "p": 2, "t": 6461656, "g": 0, "v": "-0.042,0.966,-0.138", "y": 1532.7, "x": 2051.8, "z": 13.1, "st": "NORMAL", "veh": 0 }, { "p": 3, "t": 6462162, "g": 0, "v": "0.274,2.060,0.132", "y": 1565.8, "x": 2052.5, "z": 11.9, "st": "NORMAL", "veh": 0 }, { "p": 2, "t": 6462666, "g": 0, "v": "-4.448,-0.234,-0.125", "y": 1604.7, "x": 1995.4, "z": 12, "st": "NORMAL", "veh": 0 }, { "p": 2, "t": 6463181, "g": 0, "v": "5.469,-3.162,0.238", "y": 1556, "x": 2052.8, "z": 12.9, "st": "NORMAL", "veh": 0 } ] ] | serial=6C8E003524821577A204631FE09CE344
[2026-09-09 13:21:01] [WARNING] Punishment applied || account=guest | action=KICK | detection=SpeedHack | name=XRAOUF?! | reason=On-foot speed exceeds limit over consecutive samples | score=20 | serial=6C8E003524821577A204631FE09CE344
[2026-09-09 13:21:01] [DETECTION] Detection: SpeedHack || account=guest | action=KICK | confidence=60 | detection=SpeedHack | dimension=0 | interior=0 | level=Low | limit=36 | name=XRAOUF?! | ping=2 | pos=2052.8,1556.0,12.9 | reason=On-foot speed exceeds limit over consecutive samples | samples=3 | score=20 | serial=6C8E003524821577A204631FE09CE344 | speed=146.2 | state=NORMAL | vehicle=none | vel=5.469,-3.162,0.238 | weight=20
[2026-09-09 13:21:07] [WARNING] MTA special detection (SD) codes reported - environment indicator, not a cheat detection || acCodes= | account=guest | d3d9MD5= | d3d9Size=0 | name=XRAOUF?! | sdCodes=15 | serial=6C8E003524821577A204631FE09CE344
[2026-09-09 13:21:07] [DETECTION] Evidence || account=guest | detection=NativeSD | name=XRAOUF?! | samples=[ [ { "p": 2, "t": 6467428, "g": 0, "v": "0.000,0.000,0.000", "y": 0, "x": 0, "z": 0, "st": "NORMAL", "veh": 0 }, { "p": 2, "t": 6467941, "g": 0, "v": "0.000,0.000,0.000", "y": 0, "x": 0, "z": 0, "st": "NORMAL", "veh": 0 }, { "p": 2, "t": 6468455, "g": 0, "v": "0.000,0.000,0.000", "y": 0, "x": 0, "z": 0, "st": "NORMAL", "veh": 0 }, { "p": 2, "t": 6468969, "g": 0, "v": "0.000,0.000,0.000", "y": 0, "x": 0, "z": 0, "st": "NORMAL", "veh": 0 } ] ] | serial=6C8E003524821577A204631FE09CE344
[2026-09-09 13:21:07] [DETECTION] Detection: NativeSD || account=guest | action=LOG | codes=15 | confidence=52 | detection=NativeSD | dimension=0 | interior=0 | level=Low | name=XRAOUF?! | ping=2 | pos=0.0,0.0,0.0 | reason=MTA special detection codes 15 | score=5 | serial=6C8E003524821577A204631FE09CE344 | state=NORMAL | vehicle=none | vel=0.000,0.000,0.000 | weight=5
[2026-09-09 13:21:21] [INFO] Jetpack in use (unregistered, RequireRegistration=false) || account=guest | name=XRAOUF?! | serial=6C8E003524821577A204631FE09CE344
[2026-09-09 13:40:59] [DETECTION] Evidence || account=guest | detection=SpeedHack | name=XRAOUF?! | samples=[ [ { "p": 2, "t": 7651487, "g": 1, "v": "0.000,0.000,0.000", "y": 957, "x": -714, "z": 12.3, "st": "NORMAL", "veh": 0 }, { "p": 2, "t": 7652024, "g": 1, "v": "0.000,0.000,0.000", "y": 957, "x": -714, "z": 12.3, "st": "NORMAL", "veh": 0 }, { "p": 2, "t": 7652530, "g": 1, "v": "0.000,0.000,0.000", "y": 957, "x": -714, "z": 12.3, "st": "NORMAL", "veh": 0 }, { "p": 2, "t": 7653034, "g": 1, "v": "0.000,0.000,0.000", "y": 957, "x": -714, "z": 12.3, "st": "NORMAL", "veh": 0 }, { "p": 2, "t": 7653539, "g": 1, "v": "0.000,0.000,0.000", "y": 957, "x": -714, "z": 12.3, "st": "NORMAL", "veh": 0 }, { "p": 2, "t": 7654045, "g": 1, "v": "0.000,0.000,0.000", "y": 957, "x": -714, "z": 12.3, "st": "NORMAL", "veh": 0 }, { "p": 2, "t": 7654562, "g": 1, "v": "0.000,0.000,0.000", "y": 957, "x": -714, "z": 12.3, "st": "NORMAL", "veh": 0 }, { "p": 2, "t": 7655071, "g": 1, "v": "0.000,0.000,0.000", "y": 957, "x": -714, "z": 12.3, "st": "NORMAL", "veh": 0 }, { "p": 2, "t": 7655588, "g": 1, "v": "0.000,0.000,0.000", "y": 957, "x": -714, "z": 12.3, "st": "NORMAL", "veh": 0 }, { "p": 2, "t": 7656097, "g": 1, "v": "0.000,0.000,0.000", "y": 957, "x": -714, "z": 12.3, "st": "NORMAL", "veh": 0 }, { "p": 2, "t": 7656611, "g": 1, "v": "0.000,0.000,0.000", "y": 957, "x": -714, "z": 12.3, "st": "NORMAL", "veh": 0 }, { "p": 2, "t": 7657128, "g": 1, "v": "0.000,0.000,0.000", "y": 957, "x": -714, "z": 12.3, "st": "NORMAL", "veh": 0 }, { "p": 2, "t": 7657643, "g": 1, "v": "0.000,0.000,0.000", "y": 956.9, "x": -714.4, "z": 12.3, "st": "NORMAL", "veh": 0 }, { "p": 2, "t": 7658157, "g": 1, "v": "0.000,0.000,0.000", "y": 956.7, "x": -714.5, "z": 12.2, "st": "NORMAL", "veh": 0 }, { "p": 2, "t": 7658694, "g": 0, "v": "0.010,-0.049,0.216", "y": 954.8, "x": -714.2, "z": 13.8, "st": "NORMAL", "veh": 0 }, { "p": 4, "t": 7659199, "g": 0, "v": "0.000,0.000,-0.005", "y": 954.8, "x": -714.2, "z": 13.9, "st": "NORMAL", "veh": 0 }, { "p": 2, "t": 7659736, "g": 0, "v": "-0.130,-1.791,-0.137", "y": 935.9, "x": -714.4, "z": 14.5, "st": "NORMAL", "veh": 0 }, { "p": 4, "t": 7660251, "g": 0, "v": "1.287,-4.049,0.240", "y": 871.2, "x": -688.6, "z": 17.9, "st": "NORMAL", "veh": 0 }, { "p": 2, "t": 7660766, "g": 0, "v": "0.577,-6.290,0.238", "y": 725.1, "x": -670.4, "z": 24.4, "st": "NORMAL", "veh": 0 }, { "p": 2, "t": 7661301, "g": 0, "v": "1.570,-6.125,0.238", "y": 555.3, "x": -653.5, "z": 30.8, "st": "NORMAL", "veh": 0 } ] ] | serial=6C8E003524821577A204631FE09CE344
[2026-09-09 13:40:59] [WARNING] Punishment applied || account=guest | action=KICK | detection=SpeedHack | name=XRAOUF?! | reason=On-foot speed exceeds limit over consecutive samples | score=20 | serial=6C8E003524821577A204631FE09CE344
[2026-09-09 13:40:59] [DETECTION] Detection: SpeedHack || account=guest | action=KICK | confidence=60 | detection=SpeedHack | dimension=0 | interior=0 | level=Low | limit=36 | name=XRAOUF?! | ping=2 | pos=-653.5,555.3,30.8 | reason=On-foot speed exceeds limit over consecutive samples | samples=3 | score=20 | serial=6C8E003524821577A204631FE09CE344 | speed=318.9 | state=NORMAL | vehicle=none | vel=1.570,-6.125,0.238 | weight=20
[2026-09-25 14:45:45] [INFO] Logger initialised || debug=false | file=logs/sentinel.log | level=INFO | mode=BALANCED
[2026-09-25 14:45:45] [INFO] Movement sampler started || batch=40 | interval=500
[2026-09-25 14:45:45] [WARNING] Previous SentinelAC session did not shut down cleanly (server crash, kill or forced restart)
[2026-09-25 14:45:45] [INFO] Resource guard active || critical=0 | restartPolicy=CRITICAL_ONLY | trusted=3
[2026-09-25 14:45:47] [INFO] Static scan complete || client=314 | clientTriggers=146 | compiled=0 | dynamicTriggers=17 | errors=0 | fileAccess=true | remoteEvents=152 | resources=239 | server=290 | shared=35 | unreadable=10
[2026-09-25 14:45:47] [WARNING] Remote-triggerable server events with no client caller anywhere (attack surface) || count=7 | events=aSync@admin, givetheguns@stealth, missionTimerActivated@stealth, onPlayerKillMessage@stealth, onPlayerReady@briefcaserace, onPostFinish@race_racewar, onServerCall_rw@race_racewar
[2026-09-25 14:45:47] [INFO] Firewall baseline loaded || events=17 | mode=LEARN
[2026-09-25 14:45:47] [INFO] Firewall active || hookedEvents=45 | learnedEvents=17 | mode=LEARN
[2026-09-25 14:45:47] [INFO] Native AC hooks || eventThreshold=true | invalidEvent=true
[2026-09-25 14:45:47] [INFO] Resource instrumented || backup=:BotSimulation/meta.xml.sentinel.bak | method=rewrite | resource=BotSimulation
[2026-09-25 14:45:47] [INFO] Resource instrumented || backup=:acpanel/meta.xml.sentinel.bak | method=rewrite | resource=acpanel
[2026-09-25 14:45:47] [INFO] Resource instrumented || backup=:admin/meta.xml.sentinel.bak | method=rewrite | resource=admin
[2026-09-25 14:45:47] [INFO] Resource instrumented || backup=:admin2/meta.xml.sentinel.bak | method=rewrite | resource=admin2
[2026-09-25 14:45:47] [INFO] Resource instrumented || backup=:ajax/meta.xml.sentinel.bak | method=rewrite | resource=ajax
[2026-09-25 14:45:47] [INFO] Resource instrumented || backup=:anticheat_events/meta.xml.sentinel.bak | method=rewrite | resource=anticheat_events
[2026-09-25 14:45:47] [INFO] Resource instrumented || backup=:ap_vehicle/meta.xml.sentinel.bak | method=rewrite | resource=ap_vehicle
[2026-09-25 14:45:47] [INFO] Resource instrumented || backup=:as-area51/meta.xml.sentinel.bak | method=rewrite | resource=as-area51
[2026-09-25 14:45:47] [INFO] Resource instrumented || backup=:as-cliff/meta.xml.sentinel.bak | method=rewrite | resource=as-cliff
[2026-09-25 14:45:47] [INFO] Resource instrumented || backup=:as-dam/meta.xml.sentinel.bak | method=rewrite | resource=as-dam
[2026-09-25 14:45:47] [INFO] Resource instrumented || backup=:as-docks/meta.xml.sentinel.bak | method=rewrite | resource=as-docks
[2026-09-25 14:45:47] [INFO] Resource instrumented || backup=:as-heist/meta.xml.sentinel.bak | method=rewrite | resource=as-heist
[2026-09-25 14:45:47] [INFO] Resource instrumented || backup=:as-sharks/meta.xml.sentinel.bak | method=rewrite | resource=as-sharks
[2026-09-25 14:45:47] [INFO] Resource instrumented || backup=:as-ship/meta.xml.sentinel.bak | method=rewrite | resource=as-ship
[2026-09-25 14:45:47] [INFO] Resource instrumented || backup=:as-supermarket/meta.xml.sentinel.bak | method=rewrite | resource=as-supermarket
[2026-09-25 14:45:47] [INFO] Resource instrumented || backup=:assault/meta.xml.sentinel.bak | method=rewrite | resource=assault
[2026-09-25 14:45:47] [INFO] Resource instrumented || backup=:autoMovingPed/meta.xml.sentinel.bak | method=rewrite | resource=autoMovingPed
[2026-09-25 14:45:47] [INFO] Resource instrumented || backup=:botplayers/meta.xml.sentinel.bak | method=rewrite | resource=botplayers
[2026-09-25 14:45:47] [INFO] Resource instrumented || backup=:br-sf/meta.xml.sentinel.bak | method=rewrite | resource=br-sf
[2026-09-25 14:45:47] [INFO] Resource instrumented || backup=:br-sf-autoteams/meta.xml.sentinel.bak | method=rewrite | resource=br-sf-autoteams
[2026-09-25 14:45:47] [INFO] Resource instrumented || backup=:br-sf-teams/meta.xml.sentinel.bak | method=rewrite | resource=br-sf-teams
[2026-09-25 14:45:47] [INFO] Resource instrumented || backup=:briefcase/meta.xml.sentinel.bak | method=rewrite | resource=briefcase
[2026-09-25 14:45:47] [INFO] Resource instrumented || backup=:briefcaserace/meta.xml.sentinel.bak | method=rewrite | resource=briefcaserace
[2026-09-25 14:45:47] [INFO] Resource instrumented || backup=:chatmanager/meta.xml.sentinel.bak | method=rewrite | resource=chatmanager
[2026-09-25 14:45:47] [INFO] Resource instrumented || backup=:ctf/meta.xml.sentinel.bak | method=rewrite | resource=ctf
[2026-09-25 14:45:47] [INFO] Resource instrumented || backup=:ctf-bombsite/meta.xml.sentinel.bak | method=rewrite | resource=ctf-bombsite
[2026-09-25 14:45:47] [INFO] Resource instrumented || backup=:ctf-canals/meta.xml.sentinel.bak | method=rewrite | resource=ctf-canals
[2026-09-25 14:45:47] [INFO] Resource instrumented || backup=:ctf-csitaly/meta.xml.sentinel.bak | method=rewrite | resource=ctf-csitaly
[2026-09-25 14:45:47] [INFO] Resource instrumented || backup=:ctf-goldcove/meta.xml.sentinel.bak | method=rewrite | resource=ctf-goldcove
[2026-09-25 14:45:47] [INFO] Resource instrumented || backup=:ctf-hideout_z/meta.xml.sentinel.bak | method=rewrite | resource=ctf-hideout_z
[2026-09-25 14:45:47] [INFO] Resource instrumented || backup=:ctf-hydrastrike/meta.xml.sentinel.bak | method=rewrite | resource=ctf-hydrastrike
[2026-09-25 14:45:47] [INFO] Resource instrumented || backup=:ctf-sewer/meta.xml.sentinel.bak | method=rewrite | resource=ctf-sewer
[2026-09-25 14:45:47] [INFO] Resource instrumented || backup=:ctf-tbd/meta.xml.sentinel.bak | method=rewrite | resource=ctf-tbd
[2026-09-25 14:45:47] [INFO] Resource instrumented || backup=:ctv/meta.xml.sentinel.bak | method=rewrite | resource=ctv
[2026-09-25 14:45:47] [INFO] Resource instrumented || backup=:ctv-ls/meta.xml.sentinel.bak | method=rewrite | resource=ctv-ls
[2026-09-25 14:45:47] [INFO] Resource instrumented || backup=:ctv-smalltownrumble/meta.xml.sentinel.bak | method=rewrite | resource=ctv-smalltownrumble
[2026-09-25 14:45:47] [INFO] Resource instrumented || backup=:deathmatch/meta.xml.sentinel.bak | method=rewrite | resource=deathmatch
[2026-09-25 14:45:47] [INFO] Resource instrumented || backup=:deathmessages/meta.xml.sentinel.bak | method=rewrite | resource=deathmessages
[2026-09-25 14:45:47] [INFO] Resource instrumented || backup=:deathpickups/meta.xml.sentinel.bak | method=rewrite | resource=deathpickups
[2026-09-25 14:45:47] [INFO] Resource instrumented || backup=:defaultstats/meta.xml.sentinel.bak | method=rewrite | resource=defaultstats
[2026-09-25 14:45:47] [INFO] Resource instrumented || backup=:dialogs/meta.xml.sentinel.bak | method=rewrite | resource=dialogs
[2026-09-25 14:45:47] [INFO] Resource instrumented || backup=:dm-arena1/meta.xml.sentinel.bak | method=rewrite | resource=dm-arena1
[2026-09-25 14:45:47] [INFO] Resource instrumented || backup=:dm-canals/meta.xml.sentinel.bak | method=rewrite | resource=dm-canals
[2026-09-25 14:45:47] [INFO] Resource instrumented || backup=:dm-port69/meta.xml.sentinel.bak | method=rewrite | resource=dm-port69
[2026-09-25 14:45:47] [INFO] Resource instrumented || backup=:dm-smallville/meta.xml.sentinel.bak | method=rewrite | resource=dm-smallville
[2026-09-25 14:45:47] [INFO] Resource instrumented || backup=:easytext/meta.xml.sentinel.bak | method=rewrite | resource=easytext
[2026-09-25 14:45:47] [INFO] Resource instrumented || backup=:echo_responder/meta.xml.sentinel.bak | method=rewrite | resource=echo_responder
[2026-09-25 14:45:47] [INFO] Resource instrumented || backup=:edf/meta.xml.sentinel.bak | method=rewrite | resource=edf
[2026-09-25 14:45:47] [INFO] Resource instrumented || backup=:editor/meta.xml.sentinel.bak | method=rewrite | resource=editor
[2026-09-25 14:45:47] [INFO] Resource instrumented || backup=:editor_gui/meta.xml.sentinel.bak | method=rewrite | resource=editor_gui
[2026-09-25 14:45:47] [INFO] Resource instrumented || backup=:editor_main/meta.xml.sentinel.bak | method=rewrite | resource=editor_main
[2026-09-25 14:45:47] [INFO] Resource instrumented || backup=:elementbrowser/meta.xml.sentinel.bak | method=rewrite | resource=elementbrowser
[2026-09-25 14:45:47] [INFO] Resource instrumented || backup=:f5ui/meta.xml.sentinel.bak | method=rewrite | resource=f5ui
[2026-09-25 14:45:47] [INFO] Resource instrumented || backup=:fake_players/meta.xml.sentinel.bak | method=rewrite | resource=fake_players
[2026-09-25 14:45:47] [INFO] Resource instrumented || backup=:fake_players_manager/meta.xml.sentinel.bak | method=rewrite | resource=fake_players_manager
[2026-09-25 14:45:47] [INFO] Resource instrumented || backup=:fallout/meta.xml.sentinel.bak | method=rewrite | resource=fallout
[2026-09-25 14:45:47] [INFO] Resource instrumented || backup=:fastrope/meta.xml.sentinel.bak | method=rewrite | resource=fastrope
[2026-09-25 14:45:47] [INFO] Resource instrumented || backup=:force_unban_all/meta.xml.sentinel.bak | method=rewrite | resource=force_unban_all
[2026-09-25 14:45:47] [INFO] Resource instrumented || backup=:freecam/meta.xml.sentinel.bak | method=rewrite | resource=freecam
[2026-09-25 14:45:47] [INFO] Resource instrumented || backup=:freeroam/meta.xml.sentinel.bak | method=rewrite | resource=freeroam
[2026-09-25 14:45:47] [INFO] Resource instrumented || backup=:ghost_city/meta.xml.sentinel.bak | method=rewrite | resource=ghost_city
[2026-09-25 14:45:47] [INFO] Resource instrumented || backup=:give_plane_x/meta.xml.sentinel.bak | method=rewrite | resource=give_plane_x
[2026-09-25 14:45:47] [INFO] Resource instrumented || backup=:glue/meta.xml.sentinel.bak | method=rewrite | resource=glue
[2026-09-25 14:45:47] [INFO] Resource instrumented || backup=:gps/meta.xml.sentinel.bak | method=rewrite | resource=gps
[2026-09-25 14:45:47] [INFO] Resource instrumented || backup=:grenadeAvoider/meta.xml.sentinel.bak | method=rewrite | resource=grenadeAvoider
[2026-09-25 14:45:47] [INFO] Resource instrumented || backup=:gtasa_missions/meta.xml.sentinel.bak | method=rewrite | resource=gtasa_missions
[2026-09-25 14:45:47] [INFO] Resource instrumented || backup=:hay/meta.xml.sentinel.bak | method=rewrite | resource=hay
[2026-09-25 14:45:47] [INFO] Resource instrumented || backup=:headshot/meta.xml.sentinel.bak | method=rewrite | resource=headshot
[2026-09-25 14:45:47] [INFO] Resource instrumented || backup=:hedit/meta.xml.sentinel.bak | method=rewrite | resource=hedit
[2026-09-25 14:45:47] [INFO] Resource instrumented || backup=:helpmanager/meta.xml.sentinel.bak | method=rewrite | resource=helpmanager
[2026-09-25 14:45:47] [INFO] Resource instrumented || backup=:interiors/meta.xml.sentinel.bak | method=rewrite | resource=interiors
[2026-09-25 14:45:47] [INFO] Resource instrumented || backup=:internetradio/meta.xml.sentinel.bak | method=rewrite | resource=internetradio
[2026-09-25 14:45:47] [INFO] Resource instrumented || backup=:ip2c/meta.xml.sentinel.bak | method=rewrite | resource=ip2c
[2026-09-25 14:45:47] [INFO] Resource instrumented || backup=:ipb/meta.xml.sentinel.bak | method=rewrite | resource=ipb
[2026-09-25 14:45:47] [INFO] Resource instrumented || backup=:joinquit/meta.xml.sentinel.bak | method=rewrite | resource=joinquit
[2026-09-25 14:45:47] [INFO] Resource instrumented || backup=:killmessages/meta.xml.sentinel.bak | method=rewrite | resource=killmessages
[2026-09-25 14:45:47] [INFO] Resource instrumented || backup=:mapcycler/meta.xml.sentinel.bak | method=rewrite | resource=mapcycler
[2026-09-25 14:45:47] [INFO] Resource instrumented || backup=:mapfixes/meta.xml.sentinel.bak | method=rewrite | resource=mapfixes
[2026-09-25 14:45:47] [INFO] Resource instrumented || backup=:maplimits/meta.xml.sentinel.bak | method=rewrite | resource=maplimits
[2026-09-25 14:45:47] [INFO] Resource instrumented || backup=:mapmanager/meta.xml.sentinel.bak | method=rewrite | resource=mapmanager
[2026-09-25 14:45:47] [INFO] Resource instrumented || backup=:mapratings/meta.xml.sentinel.bak | method=rewrite | resource=mapratings
[2026-09-25 14:45:47] [INFO] Resource instrumented || backup=:missiontimer/meta.xml.sentinel.bak | method=rewrite | resource=missiontimer
[2026-09-25 14:45:47] [INFO] Resource instrumented || backup=:moon_display/meta.xml.sentinel.bak | method=rewrite | resource=moon_display
[2026-09-25 14:45:47] [INFO] Resource instrumented || backup=:moon_image_display/meta.xml.sentinel.bak | method=rewrite | resource=moon_image_display
[2026-09-25 14:45:47] [INFO] Resource instrumented || backup=:moon_ui/meta.xml.sentinel.bak | method=rewrite | resource=moon_ui
[2026-09-25 14:45:47] [INFO] Resource instrumented || backup=:moonui/meta.xml.sentinel.bak | method=rewrite | resource=moonui
[2026-09-25 14:45:47] [INFO] Resource instrumented || backup=:move_cursor/meta.xml.sentinel.bak | method=rewrite | resource=move_cursor
[2026-09-25 14:45:47] [INFO] Resource instrumented || backup=:move_freecam/meta.xml.sentinel.bak | method=rewrite | resource=move_freecam
[2026-09-25 14:45:47] [INFO] Resource instrumented || backup=:move_keyboard/meta.xml.sentinel.bak | method=rewrite | resource=move_keyboard
[2026-09-25 14:45:47] [INFO] Resource instrumented || backup=:movingped/meta.xml.sentinel.bak | method=rewrite | resource=movingped
[2026-09-25 14:45:47] [INFO] Resource instrumented || backup=:msgbox/meta.xml.sentinel.bak | method=rewrite | resource=msgbox
[2026-09-25 14:45:47] [INFO] Resource instrumented || backup=:normal_speed/meta.xml.sentinel.bak | method=rewrite | resource=normal_speed
[2026-09-25 14:45:47] [INFO] Resource instrumented || backup=:parachute/meta.xml.sentinel.bak | method=rewrite | resource=parachute
[2026-09-25 14:45:47] [INFO] Resource instrumented || backup=:parachute2/meta.xml.sentinel.bak | method=rewrite | resource=parachute2
[2026-09-25 14:45:47] [INFO] Resource instrumented || backup=:performancebrowser/meta.xml.sentinel.bak | method=rewrite | resource=performancebrowser
[2026-09-25 14:45:47] [INFO] Resource instrumented || backup=:pickuphandler/meta.xml.sentinel.bak | method=rewrite | resource=pickuphandler
[2026-09-25 14:45:47] [INFO] Resource instrumented || backup=:play/meta.xml.sentinel.bak | method=rewrite | resource=play
[2026-09-25 14:45:47] [INFO] Resource instrumented || backup=:playerblips/meta.xml.sentinel.bak | method=rewrite | resource=playerblips
[2026-09-25 14:45:47] [INFO] Resource instrumented || backup=:playercolors/meta.xml.sentinel.bak | method=rewrite | resource=playercolors
[2026-09-25 14:45:47] [INFO] Resource instrumented || backup=:playerjoin/meta.xml.sentinel.bak | method=rewrite | resource=playerjoin
[2026-09-25 14:45:47] [INFO] Resource instrumented || backup=:quality/meta.xml.sentinel.bak | method=rewrite | resource=quality
[2026-09-25 14:45:47] [INFO] Resource instrumented || backup=:race/meta.xml.sentinel.bak | method=rewrite | resource=race
[2026-09-25 14:45:47] [INFO] Resource instrumented || backup=:race-10laphotring/meta.xml.sentinel.bak | method=rewrite | resource=race-10laphotring
[2026-09-25 14:45:47] [INFO] Resource instrumented || backup=:race-3lapdirtring/meta.xml.sentinel.bak | method=rewrite | resource=race-3lapdirtring
[2026-09-25 14:45:47] [INFO] Resource instrumented || backup=:race-5lap8track/meta.xml.sentinel.bak | method=rewrite | resource=race-5lap8track
[2026-09-25 14:45:47] [INFO] Resource instrumented || backup=:race-airportdogfight/meta.xml.sentinel.bak | method=rewrite | resource=race-airportdogfight
[2026-09-25 14:45:47] [INFO] Resource instrumented || backup=:race-airportspeedway/meta.xml.sentinel.bak | method=rewrite | resource=race-airportspeedway
[2026-09-25 14:45:47] [INFO] Resource instrumented || backup=:race-apacheassault/meta.xml.sentinel.bak | method=rewrite | resource=race-apacheassault
[2026-09-25 14:45:47] [INFO] Resource instrumented || backup=:race-awalkinthepark/meta.xml.sentinel.bak | method=rewrite | resource=race-awalkinthepark
[2026-09-25 14:45:47] [INFO] Resource instrumented || backup=:race-badlandsblastaround/meta.xml.sentinel.bak | method=rewrite | resource=race-badlandsblastaround
[2026-09-25 14:45:47] [INFO] Resource instrumented || backup=:race-bandito/meta.xml.sentinel.bak | method=rewrite | resource=race-bandito
[2026-09-25 14:45:47] [INFO] Resource instrumented || backup=:race-bayareacircuit/meta.xml.sentinel.bak | method=rewrite | resource=race-bayareacircuit
[2026-09-25 14:45:47] [INFO] Resource instrumented || backup=:race-bloodring/meta.xml.sentinel.bak | method=rewrite | resource=race-bloodring
[2026-09-25 14:45:47] [INFO] Resource instrumented || backup=:race-blowthedam/meta.xml.sentinel.bak | method=rewrite | resource=race-blowthedam
[2026-09-25 14:45:47] [INFO] Resource instrumented || backup=:race-boatingblastaround/meta.xml.sentinel.bak | method=rewrite | resource=race-boatingblastaround
[2026-09-25 14:45:47] [INFO] Resource instrumented || backup=:race-bobcatblastaround/meta.xml.sentinel.bak | method=rewrite | resource=race-bobcatblastaround
[2026-09-25 14:45:47] [INFO] Resource instrumented || backup=:race-break/meta.xml.sentinel.bak | method=rewrite | resource=race-break
[2026-09-25 14:45:47] [INFO] Resource instrumented || backup=:race-chiliadclimb/meta.xml.sentinel.bak | method=rewrite | resource=race-chiliadclimb
[2026-09-25 14:45:47] [INFO] Resource instrumented || backup=:race-chrmleasy/meta.xml.sentinel.bak | method=rewrite | resource=race-chrmleasy
[2026-09-25 14:45:47] [INFO] Resource instrumented || backup=:race-chrmlhard/meta.xml.sentinel.bak | method=rewrite | resource=race-chrmlhard
[2026-09-25 14:45:47] [INFO] Resource instrumented || backup=:race-degenerationofx/meta.xml.sentinel.bak | method=rewrite | resource=race-degenerationofx
[2026-09-25 14:45:47] [INFO] Resource instrumented || backup=:race-desertdogfight/meta.xml.sentinel.bak | method=rewrite | resource=race-desertdogfight
[2026-09-25 14:45:47] [INFO] Resource instrumented || backup=:race-destructionderby/meta.xml.sentinel.bak | method=rewrite | resource=race-destructionderby
[2026-09-25 14:45:47] [INFO] Resource instrumented || backup=:race-dockbikes/meta.xml.sentinel.bak | method=rewrite | resource=race-dockbikes
[2026-09-25 14:45:47] [INFO] Resource instrumented || backup=:race-docksideblastaround/meta.xml.sentinel.bak | method=rewrite | resource=race-docksideblastaround
[2026-09-25 14:45:47] [INFO] Resource instrumented || backup=:race-drift/meta.xml.sentinel.bak | method=rewrite | resource=race-drift
[2026-09-25 14:45:47] [INFO] Resource instrumented || backup=:race-driftcity/meta.xml.sentinel.bak | method=rewrite | resource=race-driftcity
[2026-09-25 14:45:47] [INFO] Resource instrumented || backup=:race-dunebuggy/meta.xml.sentinel.bak | method=rewrite | resource=race-dunebuggy
[2026-09-25 14:45:47] [INFO] Resource instrumented || backup=:race-errand/meta.xml.sentinel.bak | method=rewrite | resource=race-errand
[2026-09-25 14:45:47] [INFO] Resource instrumented || backup=:race-farewellmylove/meta.xml.sentinel.bak | method=rewrite | resource=race-farewellmylove
[2026-09-25 14:45:47] [INFO] Resource instrumented || backup=:race-farm2city/meta.xml.sentinel.bak | method=rewrite | resource=race-farm2city
[2026-09-25 14:45:47] [INFO] Resource instrumented || backup=:race-findthecock/meta.xml.sentinel.bak | method=rewrite | resource=race-findthecock
[2026-09-25 14:45:47] [INFO] Resource instrumented || backup=:race-freeroam/meta.xml.sentinel.bak | method=rewrite | resource=race-freeroam
[2026-09-25 14:45:47] [INFO] Resource instrumented || backup=:race-highnoon/meta.xml.sentinel.bak | method=rewrite | resource=race-highnoon
[2026-09-25 14:45:47] [INFO] Resource instrumented || backup=:race-homeinthehills/meta.xml.sentinel.bak | method=rewrite | resource=race-homeinthehills
[2026-09-25 14:45:47] [INFO] Resource instrumented || backup=:race-hotroute/meta.xml.sentinel.bak | method=rewrite | resource=race-hotroute
[2026-09-25 14:45:47] [INFO] Resource instrumented || backup=:race-hydrarace/meta.xml.sentinel.bak | method=rewrite | resource=race-hydrarace
[2026-09-25 14:45:47] [INFO] Resource instrumented || backup=:race-island/meta.xml.sentinel.bak | method=rewrite | resource=race-island
[2026-09-25 14:45:47] [INFO] Resource instrumented || backup=:race-justanotherbikerace/meta.xml.sentinel.bak | method=rewrite | resource=race-justanotherbikerace
[2026-09-25 14:45:47] [INFO] Resource instrumented || backup=:race-longwayround/meta.xml.sentinel.bak | method=rewrite | resource=race-longwayround
[2026-09-25 14:45:47] [INFO] Resource instrumented || backup=:race-lsairport/meta.xml.sentinel.bak | method=rewrite | resource=race-lsairport
[2026-09-25 14:45:47] [INFO] Resource instrumented || backup=:race-lstrenches/meta.xml.sentinel.bak | method=rewrite | resource=race-lstrenches
[2026-09-25 14:45:47] [INFO] Resource instrumented || backup=:race-lvsprint/meta.xml.sentinel.bak | method=rewrite | resource=race-lvsprint
[2026-09-25 14:45:47] [INFO] Resource instrumented || backup=:race-midairmayhem/meta.xml.sentinel.bak | method=rewrite | resource=race-midairmayhem
[2026-09-25 14:45:47] [INFO] Resource instrumented || backup=:race-miniputt/meta.xml.sentinel.bak | method=rewrite | resource=race-miniputt
[2026-09-25 14:45:47] [INFO] Resource instrumented || backup=:race-monsterblastaround/meta.xml.sentinel.bak | method=rewrite | resource=race-monsterblastaround
[2026-09-25 14:45:47] [INFO] Resource instrumented || backup=:race-mx_sky/meta.xml.sentinel.bak | method=rewrite | resource=race-mx_sky
[2026-09-25 14:45:47] [INFO] Resource instrumented || backup=:race-offroadblastaround/meta.xml.sentinel.bak | method=rewrite | resource=race-offroadblastaround
[2026-09-25 14:45:47] [INFO] Resource instrumented || backup=:race-predatorzone/meta.xml.sentinel.bak | method=rewrite | resource=race-predatorzone
[2026-09-25 14:45:47] [INFO] Resource instrumented || backup=:race-quarryrun/meta.xml.sentinel.bak | method=rewrite | resource=race-quarryrun
[2026-09-25 14:45:47] [INFO] Resource instrumented || backup=:race-rcairwar/meta.xml.sentinel.bak | method=rewrite | resource=race-rcairwar
[2026-09-25 14:45:47] [INFO] Resource instrumented || backup=:race-rcwarz/meta.xml.sentinel.bak | method=rewrite | resource=race-rcwarz
[2026-09-25 14:45:47] [INFO] Resource instrumented || backup=:race-runway69/meta.xml.sentinel.bak | method=rewrite | resource=race-runway69
[2026-09-25 14:45:47] [INFO] Resource instrumented || backup=:race-rustlerrampage/meta.xml.sentinel.bak | method=rewrite | resource=race-rustlerrampage
[2026-09-25 14:45:47] [INFO] Resource instrumented || backup=:race-sandking/meta.xml.sentinel.bak | method=rewrite | resource=race-sandking
[2026-09-25 14:45:47] [INFO] Resource instrumented || backup=:race-santosdrive/meta.xml.sentinel.bak | method=rewrite | resource=race-santosdrive
[2026-09-25 14:45:47] [INFO] Resource instrumented || backup=:race-seadragon/meta.xml.sentinel.bak | method=rewrite | resource=race-seadragon
[2026-09-25 14:45:47] [INFO] Resource instrumented || backup=:race-seahunter/meta.xml.sentinel.bak | method=rewrite | resource=race-seahunter
[2026-09-25 14:45:47] [INFO] Resource instrumented || backup=:race-searustler/meta.xml.sentinel.bak | method=rewrite | resource=race-searustler
[2026-09-25 14:45:47] [INFO] Resource instrumented || backup=:race-sewers/meta.xml.sentinel.bak | method=rewrite | resource=race-sewers
[2026-09-25 14:45:47] [INFO] Resource instrumented || backup=:race-sfbynight/meta.xml.sentinel.bak | method=rewrite | resource=race-sfbynight
[2026-09-25 14:45:47] [INFO] Resource instrumented || backup=:race-smugglersrun/meta.xml.sentinel.bak | method=rewrite | resource=race-smugglersrun
[2026-09-25 14:45:47] [INFO] Resource instrumented || backup=:race-sparrowstorm/meta.xml.sentinel.bak | method=rewrite | resource=race-sparrowstorm
[2026-09-25 14:45:47] [INFO] Resource instrumented || backup=:race-specialdelivery/meta.xml.sentinel.bak | method=rewrite | resource=race-specialdelivery
[2026-09-25 14:45:47] [INFO] Resource instrumented || backup=:race-speedforweed/meta.xml.sentinel.bak | method=rewrite | resource=race-speedforweed
[2026-09-25 14:45:47] [INFO] Resource instrumented || backup=:race-squalorace/meta.xml.sentinel.bak | method=rewrite | resource=race-squalorace
[2026-09-25 14:45:47] [INFO] Resource instrumented || backup=:race-stunt/meta.xml.sentinel.bak | method=rewrite | resource=race-stunt
[2026-09-25 14:45:47] [INFO] Resource instrumented || backup=:race-suburbanspeedway/meta.xml.sentinel.bak | method=rewrite | resource=race-suburbanspeedway
[2026-09-25 14:45:47] [INFO] Resource instrumented || backup=:race-superhydrarace/meta.xml.sentinel.bak | method=rewrite | resource=race-superhydrarace
[2026-09-25 14:45:47] [INFO] Resource instrumented || backup=:race-technicalitch/meta.xml.sentinel.bak | method=rewrite | resource=race-technicalitch
[2026-09-25 14:45:47] [INFO] Resource instrumented || backup=:race-thepanopticon/meta.xml.sentinel.bak | method=rewrite | resource=race-thepanopticon
[2026-09-25 14:45:47] [INFO] Resource instrumented || backup=:race-vinewoodblastaround/meta.xml.sentinel.bak | method=rewrite | resource=race-vinewoodblastaround
[2026-09-25 14:45:47] [INFO] Resource instrumented || backup=:race-wuzimu/meta.xml.sentinel.bak | method=rewrite | resource=race-wuzimu
[2026-09-25 14:45:47] [INFO] Resource instrumented || backup=:race_carfade/meta.xml.sentinel.bak | method=rewrite | resource=race_carfade
[2026-09-25 14:45:47] [INFO] Resource instrumented || backup=:race_delay_indicator/meta.xml.sentinel.bak | method=rewrite | resource=race_delay_indicator
[2026-09-25 14:45:47] [INFO] Resource instrumented || backup=:race_ghost/meta.xml.sentinel.bak | method=rewrite | resource=race_ghost
[2026-09-25 14:45:47] [INFO] Resource instrumented || backup=:race_nos/meta.xml.sentinel.bak | method=rewrite | resource=race_nos
[2026-09-25 14:45:47] [INFO] Resource instrumented || backup=:race_racewar/meta.xml.sentinel.bak | method=rewrite | resource=race_racewar
[2026-09-25 14:45:47] [INFO] Resource instrumented || backup=:race_toptimes/meta.xml.sentinel.bak | method=rewrite | resource=race_toptimes
[2026-09-25 14:45:47] [INFO] Resource instrumented || backup=:race_traffic_sensor/meta.xml.sentinel.bak | method=rewrite | resource=race_traffic_sensor
[2026-09-25 14:45:47] [INFO] Resource instrumented || backup=:race_voicepack/meta.xml.sentinel.bak | method=rewrite | resource=race_voicepack
[2026-09-25 14:45:47] [INFO] Resource instrumented || backup=:raouf_ai_chat/meta.xml.sentinel.bak | method=rewrite | resource=raouf_ai_chat
[2026-09-25 14:45:47] [INFO] Resource instrumented || backup=:real_airport_takeoff/meta.xml.sentinel.bak | method=rewrite | resource=real_airport_takeoff
[2026-09-25 14:45:47] [INFO] Resource instrumented || backup=:realdriveby/meta.xml.sentinel.bak | method=rewrite | resource=realdriveby
[2026-09-25 14:45:47] [INFO] Resource instrumented || backup=:realistic_graphics/meta.xml.sentinel.bak | method=rewrite | resource=realistic_graphics
[2026-09-25 14:45:47] [INFO] Resource instrumented || backup=:realistic_takeoff/meta.xml.sentinel.bak | method=rewrite | resource=realistic_takeoff
[2026-09-25 14:45:47] [INFO] Resource instrumented || backup=:reload/meta.xml.sentinel.bak | method=rewrite | resource=reload
[2026-09-25 14:45:47] [INFO] Resource instrumented || backup=:resourcebrowser/meta.xml.sentinel.bak | method=rewrite | resource=resourcebrowser
[2026-09-25 14:45:47] [INFO] Resource instrumented || backup=:resourcemanager/meta.xml.sentinel.bak | method=rewrite | resource=resourcemanager
[2026-09-25 14:45:47] [INFO] Resource instrumented || backup=:runcode/meta.xml.sentinel.bak | method=rewrite | resource=runcode
[2026-09-25 14:45:47] [INFO] Resource instrumented || backup=:rustlerbombs/meta.xml.sentinel.bak | method=rewrite | resource=rustlerbombs
[2026-09-25 14:45:47] [INFO] Resource instrumented || backup=:scoreboard/meta.xml.sentinel.bak | method=rewrite | resource=scoreboard
[2026-09-25 14:45:47] [INFO] Resource instrumented || backup=:scores/meta.xml.sentinel.bak | method=rewrite | resource=scores
[2026-09-25 14:45:47] [INFO] Resource instrumented || backup=:security/meta.xml.sentinel.bak | method=rewrite | resource=security
[2026-09-25 14:45:47] [INFO] Resource instrumented || backup=:sfxbrowser/meta.xml.sentinel.bak | method=rewrite | resource=sfxbrowser
[2026-09-25 14:45:47] [INFO] Resource instrumented || backup=:silent_hill2_remake/meta.xml.sentinel.bak | method=rewrite | resource=silent_hill2_remake
[2026-09-25 14:45:47] [INFO] Resource instrumented || backup=:sirenEdit/meta.xml.sentinel.bak | method=rewrite | resource=sirenEdit
[2026-09-25 14:45:47] [INFO] Resource instrumented || backup=:sky_dynamic_complex/meta.xml.sentinel.bak | method=rewrite | resource=sky_dynamic_complex
[2026-09-25 14:45:47] [INFO] Resource instrumented || backup=:skycolor_complex/meta.xml.sentinel.bak | method=rewrite | resource=skycolor_complex
[2026-09-25 14:45:47] [INFO] Resource instrumented || backup=:smooth_wheel/meta.xml.sentinel.bak | method=rewrite | resource=smooth_wheel
[2026-09-25 14:45:47] [INFO] Resource instrumented || backup=:smooth_wheel_realistic/meta.xml.sentinel.bak | method=rewrite | resource=smooth_wheel_realistic
[2026-09-25 14:45:47] [INFO] Resource instrumented || backup=:smooth_wheel_realistic_v2/meta.xml.sentinel.bak | method=rewrite | resource=smooth_wheel_realistic_v2
[2026-09-25 14:45:47] [INFO] Resource instrumented || backup=:spawnmanager/meta.xml.sentinel.bak | method=rewrite | resource=spawnmanager
[2026-09-25 14:45:47] [INFO] Resource instrumented || backup=:speedometer/meta.xml.sentinel.bak | method=rewrite | resource=speedometer
[2026-09-25 14:45:47] [INFO] Resource instrumented || backup=:stealth/meta.xml.sentinel.bak | method=rewrite | resource=stealth
[2026-09-25 14:45:47] [INFO] Resource instrumented || backup=:sth-carrier/meta.xml.sentinel.bak | method=rewrite | resource=sth-carrier
[2026-09-25 14:45:47] [INFO] Resource instrumented || backup=:sth-chinatown/meta.xml.sentinel.bak | method=rewrite | resource=sth-chinatown
[2026-09-25 14:45:47] [INFO] Resource instrumented || backup=:sth-church/meta.xml.sentinel.bak | method=rewrite | resource=sth-church
[2026-09-25 14:45:47] [INFO] Resource instrumented || backup=:sth-coookiepirates/meta.xml.sentinel.bak | method=rewrite | resource=sth-coookiepirates
[2026-09-25 14:45:47] [INFO] Resource instrumented || backup=:sth-dra-park/meta.xml.sentinel.bak | method=rewrite | resource=sth-dra-park
[2026-09-25 14:45:47] [INFO] Resource instrumented || backup=:sth-factory/meta.xml.sentinel.bak | method=rewrite | resource=sth-factory
[2026-09-25 14:45:47] [INFO] Resource instrumented || backup=:sth-junkyard/meta.xml.sentinel.bak | method=rewrite | resource=sth-junkyard
[2026-09-25 14:45:47] [INFO] Resource instrumented || backup=:sth-ritzy/meta.xml.sentinel.bak | method=rewrite | resource=sth-ritzy
[2026-09-25 14:45:47] [INFO] Resource instrumented || backup=:sth-sewers/meta.xml.sentinel.bak | method=rewrite | resource=sth-sewers
[2026-09-25 14:45:47] [INFO] Resource instrumented || backup=:sth-shopping/meta.xml.sentinel.bak | method=rewrite | resource=sth-shopping
[2026-09-25 14:45:47] [INFO] Resource instrumented || backup=:sth-terminal/meta.xml.sentinel.bak | method=rewrite | resource=sth-terminal
[2026-09-25 14:45:47] [INFO] Resource instrumented || backup=:sth-thebunker/meta.xml.sentinel.bak | method=rewrite | resource=sth-thebunker
[2026-09-25 14:45:47] [INFO] Resource instrumented || backup=:superman/meta.xml.sentinel.bak | method=rewrite | resource=superman
[2026-09-25 14:45:47] [INFO] Resource instrumented || backup=:tdm/meta.xml.sentinel.bak | method=rewrite | resource=tdm
[2026-09-25 14:45:47] [INFO] Resource instrumented || backup=:tdma/meta.xml.sentinel.bak | method=rewrite | resource=tdma
[2026-09-25 14:45:47] [INFO] Resource instrumented || backup=:tdma-damwars/meta.xml.sentinel.bak | method=rewrite | resource=tdma-damwars
[2026-09-25 14:45:47] [INFO] Resource instrumented || backup=:tdma-gridlock/meta.xml.sentinel.bak | method=rewrite | resource=tdma-gridlock
[2026-09-25 14:45:47] [INFO] Resource instrumented || backup=:tdma-medieval/meta.xml.sentinel.bak | method=rewrite | resource=tdma-medieval
[2026-09-25 14:45:47] [INFO] Resource instrumented || backup=:tdma-nomansland/meta.xml.sentinel.bak | method=rewrite | resource=tdma-nomansland
[2026-09-25 14:45:47] [INFO] Resource instrumented || backup=:tdma-tbd/meta.xml.sentinel.bak | method=rewrite | resource=tdma-tbd
[2026-09-25 14:45:47] [INFO] Resource instrumented || backup=:tdma-vinewood/meta.xml.sentinel.bak | method=rewrite | resource=tdma-vinewood
[2026-09-25 14:45:47] [INFO] Resource instrumented || backup=:teammanager/meta.xml.sentinel.bak | method=rewrite | resource=teammanager
[2026-09-25 14:45:47] [INFO] Resource instrumented || backup=:tooltip/meta.xml.sentinel.bak | method=rewrite | resource=tooltip
[2026-09-25 14:45:47] [INFO] Resource instrumented || backup=:trainhorn/meta.xml.sentinel.bak | method=rewrite | resource=trainhorn
[2026-09-25 14:45:47] [INFO] Resource instrumented || backup=:unban_all_res/meta.xml.sentinel.bak | method=rewrite | resource=unban_all_res
[2026-09-25 14:45:47] [INFO] Resource instrumented || backup=:unban_wrapper/meta.xml.sentinel.bak | method=rewrite | resource=unban_wrapper
[2026-09-25 14:45:47] [INFO] Resource instrumented || backup=:visualiser/meta.xml.sentinel.bak | method=rewrite | resource=visualiser
[2026-09-25 14:45:47] [INFO] Resource instrumented || backup=:voice/meta.xml.sentinel.bak | method=rewrite | resource=voice
[2026-09-25 14:45:47] [INFO] Resource instrumented || backup=:voice_local/meta.xml.sentinel.bak | method=rewrite | resource=voice_local
[2026-09-25 14:45:47] [INFO] Resource instrumented || backup=:votemanager/meta.xml.sentinel.bak | method=rewrite | resource=votemanager
[2026-09-25 14:45:47] [INFO] Resource instrumented || backup=:webadmin/meta.xml.sentinel.bak | method=rewrite | resource=webadmin
[2026-09-25 14:45:47] [INFO] Resource instrumented || backup=:webbrowser/meta.xml.sentinel.bak | method=rewrite | resource=webbrowser
[2026-09-25 14:45:47] [INFO] Resource instrumented || backup=:webmap/meta.xml.sentinel.bak | method=rewrite | resource=webmap
[2026-09-25 14:45:47] [INFO] Resource instrumented || backup=:webstats/meta.xml.sentinel.bak | method=rewrite | resource=webstats
[2026-09-25 14:45:47] [INFO] Instrumentation pass || already=0 | changedRunning=29 | errors=0 | instrumented=239 | skipped=0
[2026-09-25 14:45:47] [INFO] Instrumentation active || autoRestart=true | instrumented=239
[2026-09-25 14:45:47] [INFO] SentinelAC started || detections=Aimbot,AmmoHack,Combat,EventAbuse,EventFirewall,Explosion,Flood,Fly,GodMode,Injection,Integrity,Jetpack,NativeAC,NativeSD,NoClip,SpeedHack,Telemetry,Teleport,Vehicle,Wallhack | enabled=true | mode=BALANCED | players=0 | resource=sentinel_ac
[2026-09-25 14:45:47] [WARNING] Trusted/critical resource stopped || possibleInitiators=none observed (MTA does not expose the initiator) | resource=admin
[2026-09-25 14:45:48] [WARNING] Trusted/critical resource stopped || possibleInitiators=none observed (MTA does not expose the initiator) | resource=freeroam
[2026-09-25 14:45:49] [WARNING] Trusted/critical resource stopped || possibleInitiators=none observed (MTA does not expose the initiator) | resource=play
[2026-09-25 14:45:52] [INFO] Trusted/critical resource started || possibleInitiators=none observed (MTA does not expose the initiator) | resource=admin
[2026-09-25 14:45:53] [INFO] Trusted/critical resource started || possibleInitiators=none observed (MTA does not expose the initiator) | resource=freeroam
[2026-09-25 14:45:53] [INFO] Trusted/critical resource started || possibleInitiators=none observed (MTA does not expose the initiator) | resource=play
[2026-09-25 14:45:53] [WARNING] Instrument: resource restarted to load canary || resource=admin | success=true
[2026-09-25 14:45:53] [WARNING] Instrument: resource restarted to load canary || resource=ajax | success=true
[2026-09-25 14:45:53] [WARNING] Instrument: resource restarted to load canary || resource=chatmanager | success=true
[2026-09-25 14:45:53] [WARNING] Instrument: resource restarted to load canary || resource=defaultstats | success=true
[2026-09-25 14:45:53] [WARNING] Instrument: resource restarted to load canary || resource=freeroam | success=true
[2026-09-25 14:45:53] [WARNING] Instrument: resource restarted to load canary || resource=hedit | success=true
[2026-09-25 14:45:53] [WARNING] Instrument: resource restarted to load canary || resource=helpmanager | success=true
[2026-09-25 14:45:53] [WARNING] Instrument: resource restarted to load canary || resource=internetradio | success=true
[2026-09-25 14:45:53] [WARNING] Instrument: resource restarted to load canary || resource=ip2c | success=true
[2026-09-25 14:45:53] [WARNING] Instrument: resource restarted to load canary || resource=ipb | success=true
[2026-09-25 14:45:53] [WARNING] Instrument: resource restarted to load canary || resource=joinquit | success=true
[2026-09-25 14:45:53] [WARNING] Instrument: resource restarted to load canary || resource=mapcycler | success=true
[2026-09-25 14:45:53] [WARNING] Instrument: resource restarted to load canary || resource=mapfixes | success=true
[2026-09-25 14:45:53] [WARNING] Instrument: resource restarted to load canary || resource=mapmanager | success=true
[2026-09-25 14:45:53] [WARNING] Instrument: resource restarted to load canary || resource=parachute | success=true
[2026-09-25 14:45:53] [WARNING] Instrument: resource restarted to load canary || resource=performancebrowser | success=true
[2026-09-25 14:45:53] [WARNING] Instrument: resource restarted to load canary || resource=play | success=true
[2026-09-25 14:45:53] [WARNING] Instrument: resource restarted to load canary || resource=playerblips | success=true
[2026-09-25 14:45:53] [WARNING] Instrument: resource restarted to load canary || resource=playercolors | success=true
[2026-09-25 14:45:53] [WARNING] Instrument: resource restarted to load canary || resource=reload | success=true
[2026-09-25 14:45:53] [WARNING] Instrument: resource restarted to load canary || resource=resourcebrowser | success=true
[2026-09-25 14:45:53] [WARNING] Instrument: resource restarted to load canary || resource=resourcemanager | success=true
[2026-09-25 14:45:53] [WARNING] Instrument: resource restarted to load canary || resource=scoreboard | success=true
[2026-09-25 14:45:53] [WARNING] Instrument: resource restarted to load canary || resource=spawnmanager | success=true
[2026-09-25 14:45:53] [WARNING] Instrument: resource restarted to load canary || resource=speedometer | success=true
[2026-09-25 14:45:53] [WARNING] Instrument: resource restarted to load canary || resource=superman | success=true
[2026-09-25 14:45:53] [WARNING] Instrument: resource restarted to load canary || resource=voice | success=true
[2026-09-25 14:45:53] [WARNING] Instrument: resource restarted to load canary || resource=votemanager | success=true
[2026-09-25 14:45:53] [WARNING] Instrument: resource restarted to load canary || resource=webadmin | success=true
[2026-09-25 14:45:53] [WARNING] Trusted/critical resource stopped || possibleInitiators=none observed (MTA does not expose the initiator) | resource=admin
[2026-09-25 14:45:54] [WARNING] Trusted/critical resource stopped || possibleInitiators=none observed (MTA does not expose the initiator) | resource=freeroam
[2026-09-25 14:45:54] [WARNING] Trusted/critical resource stopped || possibleInitiators=none observed (MTA does not expose the initiator) | resource=play
[2026-09-25 14:45:54] [INFO] Trusted/critical resource started || possibleInitiators=none observed (MTA does not expose the initiator) | resource=admin
[2026-09-25 14:45:55] [INFO] Trusted/critical resource started || possibleInitiators=none observed (MTA does not expose the initiator) | resource=freeroam
[2026-09-25 14:45:55] [INFO] Trusted/critical resource started || possibleInitiators=none observed (MTA does not expose the initiator) | resource=play
[2026-09-25 14:56:24] [INFO] Logger initialised || debug=false | file=logs/sentinel.log | level=INFO | mode=BALANCED
[2026-09-25 14:56:24] [INFO] Movement sampler started || batch=40 | interval=500
[2026-09-25 14:56:24] [WARNING] Previous SentinelAC session did not shut down cleanly (server crash, kill or forced restart)
[2026-09-25 14:56:24] [INFO] Resource guard active || critical=0 | restartPolicy=CRITICAL_ONLY | trusted=3
[2026-09-25 14:56:34] [INFO] Static scan complete || client=314 | clientTriggers=146 | compiled=0 | dynamicTriggers=17 | errors=0 | fileAccess=true | remoteEvents=152 | resources=239 | server=290 | shared=35 | unreadable=10
[2026-09-25 14:56:34] [WARNING] Remote-triggerable server events with no client caller anywhere (attack surface) || count=7 | events=aSync@admin, givetheguns@stealth, missionTimerActivated@stealth, onPlayerKillMessage@stealth, onPlayerReady@briefcaserace, onPostFinish@race_racewar, onServerCall_rw@race_racewar
[2026-09-25 14:56:34] [INFO] Firewall baseline loaded || events=17 | mode=LEARN
[2026-09-25 14:56:34] [INFO] Firewall active || hookedEvents=45 | learnedEvents=17 | mode=LEARN
[2026-09-25 14:56:34] [INFO] Native AC hooks || eventThreshold=true | invalidEvent=true
[2026-09-25 14:56:36] [INFO] Instrumentation pass || already=239 | changedRunning=0 | errors=0 | instrumented=0 | skipped=0
[2026-09-25 14:56:36] [INFO] Instrumentation active || autoRestart=true | instrumented=239
[2026-09-25 14:56:36] [INFO] SentinelAC started || detections=Aimbot,AmmoHack,Combat,EventAbuse,EventFirewall,Explosion,Flood,Fly,GodMode,Injection,Integrity,Jetpack,NativeAC,NativeSD,NoClip,SpeedHack,Telemetry,Teleport,Vehicle,Wallhack | enabled=true | mode=BALANCED | players=1 | resource=sentinel_ac
[2026-09-25 14:56:36] [WARNING] Unauthorised /ac attempt || account=guest | name=XRAOUF?! | serial=6C8E003524821577A204631FE09CE344
[2026-09-25 14:56:36] [WARNING] Unauthorised /ac attempt || account=guest | name=XRAOUF?! | serial=6C8E003524821577A204631FE09CE344
[2026-09-25 14:57:11] [INFO] Static scan complete || client=314 | clientTriggers=146 | compiled=0 | dynamicTriggers=17 | errors=0 | fileAccess=true | remoteEvents=152 | resources=239 | server=290 | shared=35 | unreadable=10
[2026-09-25 14:57:11] [WARNING] Remote-triggerable server events with no client caller anywhere (attack surface) || count=7 | events=aSync@admin, givetheguns@stealth, missionTimerActivated@stealth, onPlayerKillMessage@stealth, onPlayerReady@briefcaserace, onPostFinish@race_racewar, onServerCall_rw@race_racewar
[2026-09-25 14:57:11] [INFO] Firewall active || hookedEvents=45 | learnedEvents=17 | mode=LEARN
[2026-09-25 14:57:11] [INFO] Manual scan by admin || account=raouf | command=scan | name=XRAOUF?! | serial=6C8E003524821577A204631FE09CE344
[2026-09-25 14:57:12] [WARNING] Event abuse || account=raouf | event=SentinelAC:server:telemetry | name=XRAOUF?! | perSecond=3 | reason=rate-limit | resource=sentinel_ac | serial=6C8E003524821577A204631FE09CE344
[2026-09-25 14:58:07] [INFO] Jetpack in use (unregistered, RequireRegistration=false) || account=guest | name=XRAOUF?! | serial=6C8E003524821577A204631FE09CE344
[2026-09-25 14:59:37] [DETECTION] Evidence || account=guest | detection=SpeedHack | name=XRAOUF?! | samples=[ [ { "p": 2, "t": 1112233, "g": 1, "v": "0.000,0.000,0.000", "y": 953.6, "x": -714, "z": 12.3, "st": "NORMAL", "veh": 0 }, { "p": 2, "t": 1112737, "g": 1, "v": "0.000,0.000,0.000", "y": 953.6, "x": -714, "z": 12.3, "st": "NORMAL", "veh": 0 }, { "p": 2, "t": 1113273, "g": 1, "v": "0.000,0.000,0.000", "y": 953.6, "x": -714, "z": 12.3, "st": "NORMAL", "veh": 0 }, { "p": 2, "t": 1113788, "g": 1, "v": "0.000,0.000,0.000", "y": 953.6, "x": -714, "z": 12.3, "st": "NORMAL", "veh": 0 }, { "p": 2, "t": 1114292, "g": 1, "v": "0.000,0.000,0.000", "y": 953.6, "x": -714, "z": 12.3, "st": "NORMAL", "veh": 0 }, { "p": 2, "t": 1114796, "g": 1, "v": "0.000,0.000,0.000", "y": 953.6, "x": -714, "z": 12.3, "st": "NORMAL", "veh": 0 }, { "p": 2, "t": 1115322, "g": 1, "v": "0.000,0.000,0.000", "y": 953.6, "x": -714, "z": 12.3, "st": "NORMAL", "veh": 0 }, { "p": 3, "t": 1115827, "g": 1, "v": "0.000,0.000,0.000", "y": 953.6, "x": -714, "z": 12.3, "st": "NORMAL", "veh": 0 }, { "p": 2, "t": 1116351, "g": 1, "v": "0.000,0.000,0.000", "y": 953.6, "x": -714, "z": 12.3, "st": "NORMAL", "veh": 0 }, { "p": 2, "t": 1116857, "g": 1, "v": "0.000,0.000,0.000", "y": 953.6, "x": -714, "z": 12.3, "st": "NORMAL", "veh": 0 }, { "p": 2, "t": 1117382, "g": 1, "v": "0.000,0.000,0.000", "y": 953.6, "x": -714, "z": 12.3, "st": "NORMAL", "veh": 0 }, { "p": 2, "t": 1117895, "g": 1, "v": "0.000,0.000,0.000", "y": 953.6, "x": -714, "z": 12.3, "st": "NORMAL", "veh": 0 }, { "p": 2, "t": 1118395, "g": 1, "v": "0.000,0.000,0.000", "y": 953.6, "x": -714, "z": 12.3, "st": "NORMAL", "veh": 0 }, { "p": 2, "t": 1118900, "g": 1, "v": "0.000,0.000,0.000", "y": 953.6, "x": -714, "z": 12.3, "st": "NORMAL", "veh": 0 }, { "p": 2, "t": 1119434, "g": 1, "v": "-0.019,-0.039,0.000", "y": 952.8, "x": -714.4, "z": 12.3, "st": "NORMAL", "veh": 0 }, { "p": 2, "t": 1119971, "g": 1, "v": "-0.019,-0.113,0.000", "y": 950.6, "x": -715.1, "z": 12.2, "st": "NORMAL", "veh": 0 }, { "p": 2, "t": 1120480, "g": 0, "v": "-0.079,-0.899,0.137", "y": 942.9, "x": -715.6, "z": 14.3, "st": "NORMAL", "veh": 0 }, { "p": 2, "t": 1120984, "g": 0, "v": "-0.279,-3.176,0.241", "y": 888.7, "x": -718.2, "z": 20.4, "st": "NORMAL", "veh": 0 }, { "p": 2, "t": 1121497, "g": 0, "v": "-0.488,-5.570,0.239", "y": 769.5, "x": -724.6, "z": 26.9, "st": "NORMAL", "veh": 0 }, { "p": 4, "t": 1122003, "g": 0, "v": "2.230,-5.896,0.238", "y": 637.5, "x": -720.6, "z": 32, "st": "NORMAL", "veh": 0 } ] ] | serial=6C8E003524821577A204631FE09CE344
[2026-09-25 14:59:37] [WARNING] Punishment applied || account=guest | action=KICK | detection=SpeedHack | name=XRAOUF?! | reason=On-foot speed exceeds limit over consecutive samples | score=20 | serial=6C8E003524821577A204631FE09CE344
[2026-09-25 14:59:37] [DETECTION] Detection: SpeedHack || account=guest | action=KICK | confidence=52 | detection=SpeedHack | dimension=0 | interior=0 | level=Low | limit=36 | name=XRAOUF?! | ping=4 | pos=-720.6,637.5,32.0 | reason=On-foot speed exceeds limit over consecutive samples | samples=3 | score=20 | serial=6C8E003524821577A204631FE09CE344 | speed=261 | state=NORMAL | vehicle=none | vel=2.230,-5.896,0.238 | weight=20
[2026-09-25 15:04:04] [DETECTION] Evidence || account=guest | detection=Injection | name=XRAOUF?! | samples=[ [ { "p": 2, "t": 1378534, "g": 1, "v": "0.000,0.000,0.000", "y": 1545, "x": 2008.3, "z": 12.8, "st": "NORMAL", "veh": 0 }, { "p": 2, "t": 1379060, "g": 1, "v": "0.000,0.000,0.000", "y": 1545, "x": 2008.3, "z": 12.8, "st": "NORMAL", "veh": 0 }, { "p": 2, "t": 1379596, "g": 1, "v": "0.000,0.000,0.000", "y": 1545, "x": 2008.3, "z": 12.8, "st": "NORMAL", "veh": 0 }, { "p": 2, "t": 1380112, "g": 1, "v": "0.000,0.000,0.000", "y": 1545, "x": 2008.3, "z": 12.8, "st": "NORMAL", "veh": 0 }, { "p": 4, "t": 1380627, "g": 1, "v": "0.000,0.000,0.000", "y": 1545, "x": 2008.3, "z": 12.8, "st": "NORMAL", "veh": 0 }, { "p": 2, "t": 1381162, "g": 1, "v": "0.000,0.000,0.000", "y": 1545, "x": 2008.3, "z": 12.8, "st": "NORMAL", "veh": 0 }, { "p": 2, "t": 1381697, "g": 1, "v": "0.000,0.000,0.000", "y": 1545, "x": 2008.3, "z": 12.8, "st": "NORMAL", "veh": 0 }, { "p": 2, "t": 1382203, "g": 1, "v": "0.000,0.000,0.000", "y": 1545, "x": 2008.3, "z": 12.8, "st": "NORMAL", "veh": 0 }, { "p": 2, "t": 1382719, "g": 1, "v": "0.000,0.000,0.000", "y": 1545, "x": 2008.3, "z": 12.8, "st": "NORMAL", "veh": 0 }, { "p": 2, "t": 1383233, "g": 1, "v": "0.000,0.000,0.000", "y": 1545, "x": 2008.3, "z": 12.8, "st": "NORMAL", "veh": 0 }, { "p": 2, "t": 1383747, "g": 1, "v": "0.000,0.000,0.000", "y": 1545, "x": 2008.3, "z": 12.8, "st": "NORMAL", "veh": 0 }, { "p": 2, "t": 1384263, "g": 1, "v": "0.000,0.000,0.000", "y": 1545, "x": 2008.3, "z": 12.8, "st": "NORMAL", "veh": 0 }, { "p": 2, "t": 1384780, "g": 1, "v": "0.000,0.000,0.000", "y": 1545, "x": 2008.3, "z": 12.8, "st": "NORMAL", "veh": 0 }, { "p": 2, "t": 1385285, "g": 1, "v": "0.000,0.000,0.000", "y": 1545, "x": 2008.3, "z": 12.8, "st": "NORMAL", "veh": 0 }, { "p": 2, "t": 1385799, "g": 1, "v": "0.000,0.000,0.000", "y": 1545, "x": 2008.3, "z": 12.8, "st": "NORMAL", "veh": 0 }, { "p": 2, "t": 1386334, "g": 1, "v": "0.000,0.000,0.000", "y": 1545, "x": 2008.3, "z": 12.8, "st": "NORMAL", "veh": 0 }, { "p": 2, "t": 1386838, "g": 1, "v": "0.000,0.000,0.000", "y": 1545, "x": 2008.3, "z": 12.8, "st": "NORMAL", "veh": 0 }, { "p": 2, "t": 1387373, "g": 1, "v": "0.000,0.000,0.000", "y": 1545, "x": 2008.3, "z": 12.8, "st": "NORMAL", "veh": 0 }, { "p": 3, "t": 1387876, "g": 1, "v": "0.000,0.000,0.000", "y": 1545, "x": 2008.3, "z": 12.8, "st": "NORMAL", "veh": 0 }, { "p": 2, "t": 1388390, "g": 1, "v": "0.000,0.000,0.000", "y": 1545, "x": 2008.3, "z": 12.8, "st": "NORMAL", "veh": 0 } ] ] | serial=6C8E003524821577A204631FE09CE344
[2026-09-25 15:04:04] [WARNING] Punishment applied || account=guest | action=KICK | detection=Injection | name=XRAOUF?! | reason=Injected code detected inside resource 'ip2c' (unknown-source) | score=45 | serial=6C8E003524821577A204631FE09CE344
[2026-09-25 15:04:04] [DETECTION] Detection: Injection || account=guest | action=KICK | confidence=52 | detection=Injection | dimension=0 | event=nil | fn=outputChatBox | interior=0 | kind=unknown-source | level=Medium | name=XRAOUF?! | ping=2 | pos=2008.3,1545.0,12.8 | reason=Injected code detected inside resource 'ip2c' (unknown-source) | resource=ip2c | score=45 | serial=6C8E003524821577A204631FE09CE344 | source=ip2c | state=NORMAL | vehicle=none | vel=0.000,0.000,0.000 | weight=45
[2026-09-25 15:04:59] [INFO] Jetpack in use (unregistered, RequireRegistration=false) || account=guest | name=XRAOUF?! | serial=6C8E003524821577A204631FE09CE344
[2026-09-25 15:07:46] [DETECTION] Evidence || account=guest | detection=Injection | name=XRAOUF?! | samples=[ [ { "p": 2, "t": 1601090, "g": 1, "v": "0.000,0.000,0.000", "y": -599, "x": -2403, "z": 132.6, "st": "NORMAL", "veh": 0 }, { "p": 2, "t": 1601613, "g": 1, "v": "0.000,0.000,0.000", "y": -599, "x": -2403, "z": 132.6, "st": "NORMAL", "veh": 0 }, { "p": 2, "t": 1602137, "g": 1, "v": "0.000,0.000,0.000", "y": -599, "x": -2403, "z": 132.6, "st": "NORMAL", "veh": 0 }, { "p": 2, "t": 1602645, "g": 1, "v": "0.000,0.000,0.000", "y": -599, "x": -2403, "z": 132.6, "st": "NORMAL", "veh": 0 }, { "p": 2, "t": 1603170, "g": 1, "v": "0.000,0.000,0.000", "y": -599, "x": -2403, "z": 132.6, "st": "NORMAL", "veh": 0 }, { "p": 2, "t": 1603682, "g": 1, "v": "0.000,0.000,0.000", "y": -599, "x": -2403, "z": 132.6, "st": "NORMAL", "veh": 0 }, { "p": 2, "t": 1604185, "g": 1, "v": "0.000,0.000,0.000", "y": -599, "x": -2403, "z": 132.6, "st": "NORMAL", "veh": 0 }, { "p": 2, "t": 1604689, "g": 1, "v": "0.000,0.000,0.000", "y": -599, "x": -2403, "z": 132.6, "st": "NORMAL", "veh": 0 }, { "p": 2, "t": 1605202, "g": 1, "v": "0.000,0.000,0.000", "y": -599, "x": -2403, "z": 132.6, "st": "NORMAL", "veh": 0 }, { "p": 2, "t": 1605706, "g": 1, "v": "0.000,0.000,0.000", "y": -599, "x": -2403, "z": 132.6, "st": "NORMAL", "veh": 0 }, { "p": 2, "t": 1606216, "g": 1, "v": "0.000,0.000,0.000", "y": -599, "x": -2403, "z": 132.6, "st": "NORMAL", "veh": 0 }, { "p": 2, "t": 1606738, "g": 1, "v": "0.000,0.000,0.000", "y": -599, "x": -2403, "z": 132.6, "st": "NORMAL", "veh": 0 }, { "p": 2, "t": 1607244, "g": 1, "v": "0.000,0.000,0.000", "y": -599, "x": -2403, "z": 132.6, "st": "NORMAL", "veh": 0 }, { "p": 4, "t": 1607768, "g": 1, "v": "0.000,0.000,0.000", "y": -599, "x": -2403, "z": 132.6, "st": "NORMAL", "veh": 0 }, { "p": 3, "t": 1608285, "g": 1, "v": "0.000,0.000,0.000", "y": -599, "x": -2403, "z": 132.6, "st": "NORMAL", "veh": 0 }, { "p": 1, "t": 1608809, "g": 1, "v": "0.000,0.000,0.000", "y": -599, "x": -2403, "z": 132.6, "st": "NORMAL", "veh": 0 }, { "p": 2, "t": 1609345, "g": 1, "v": "0.000,0.000,0.000", "y": -599, "x": -2403, "z": 132.6, "st": "NORMAL", "veh": 0 }, { "p": 2, "t": 1609878, "g": 1, "v": "0.000,0.000,0.000", "y": -599, "x": -2403, "z": 132.6, "st": "NORMAL", "veh": 0 }, { "p": 2, "t": 1610384, "g": 1, "v": "0.000,0.000,0.000", "y": -599, "x": -2403, "z": 132.6, "st": "NORMAL", "veh": 0 }, { "p": 2, "t": 1610905, "g": 1, "v": "0.000,0.000,0.000", "y": -599, "x": -2403, "z": 132.6, "st": "NORMAL", "veh": 0 } ] ] | serial=6C8E003524821577A204631FE09CE344
[2026-09-25 15:07:46] [WARNING] Punishment applied || account=guest | action=KICK | detection=Injection | name=XRAOUF?! | reason=Injected code detected inside resource 'ip2c' (function-not-in-resource) | score=45 | serial=6C8E003524821577A204631FE09CE344
[2026-09-25 15:07:46] [DETECTION] Detection: Injection || account=guest | action=KICK | confidence=52 | detection=Injection | dimension=0 | event=nil | fn=outputChatBox | interior=0 | kind=function-not-in-resource | level=Medium | name=XRAOUF?! | ping=2 | pos=-2403.0,-599.0,132.6 | reason=Injected code detected inside resource 'ip2c' (function-not-in-resource) | resource=ip2c | score=45 | serial=6C8E003524821577A204631FE09CE344 | source=sentinel_canary.lua | state=NORMAL | vehicle=none | vel=0.000,0.000,0.000 | weight=45
[2026-09-25 15:10:09] [DETECTION] Evidence || account=guest | detection=Injection | name=XRAOUF?! | samples=[ [ { "p": 2, "t": 1744104, "g": 1, "v": "0.000,0.000,0.000", "y": -1667, "x": 2483, "z": 13.3, "st": "NORMAL", "veh": 0 }, { "p": 2, "t": 1744609, "g": 1, "v": "0.000,0.000,0.000", "y": -1667, "x": 2483, "z": 13.3, "st": "NORMAL", "veh": 0 }, { "p": 2, "t": 1745127, "g": 1, "v": "0.000,0.000,0.000", "y": -1667, "x": 2483, "z": 13.3, "st": "NORMAL", "veh": 0 }, { "p": 2, "t": 1745639, "g": 1, "v": "0.000,0.000,0.000", "y": -1667, "x": 2483, "z": 13.3, "st": "NORMAL", "veh": 0 }, { "p": 2, "t": 1746155, "g": 1, "v": "0.000,0.000,0.000", "y": -1667, "x": 2483, "z": 13.3, "st": "NORMAL", "veh": 0 }, { "p": 2, "t": 1746692, "g": 1, "v": "0.000,0.000,0.000", "y": -1667, "x": 2483, "z": 13.3, "st": "NORMAL", "veh": 0 }, { "p": 3, "t": 1747219, "g": 1, "v": "0.000,0.000,0.000", "y": -1667, "x": 2483, "z": 13.3, "st": "NORMAL", "veh": 0 }, { "p": 2, "t": 1747739, "g": 1, "v": "0.000,0.000,0.000", "y": -1667, "x": 2483, "z": 13.3, "st": "NORMAL", "veh": 0 }, { "p": 2, "t": 1748275, "g": 1, "v": "0.000,0.000,0.000", "y": -1667, "x": 2483, "z": 13.3, "st": "NORMAL", "veh": 0 }, { "p": 2, "t": 1748787, "g": 1, "v": "0.000,0.000,0.000", "y": -1667, "x": 2483, "z": 13.3, "st": "NORMAL", "veh": 0 }, { "p": 2, "t": 1749321, "g": 1, "v": "0.000,0.000,0.000", "y": -1667, "x": 2483, "z": 13.3, "st": "NORMAL", "veh": 0 }, { "p": 2, "t": 1749824, "g": 1, "v": "0.000,0.000,0.000", "y": -1667, "x": 2483, "z": 13.3, "st": "NORMAL", "veh": 0 }, { "p": 2, "t": 1750329, "g": 1, "v": "0.000,0.000,0.000", "y": -1667, "x": 2483, "z": 13.3, "st": "NORMAL", "veh": 0 }, { "p": 2, "t": 1750844, "g": 1, "v": "0.000,0.000,0.000", "y": -1667, "x": 2483, "z": 13.3, "st": "NORMAL", "veh": 0 }, { "p": 2, "t": 1751358, "g": 1, "v": "0.000,0.000,0.000", "y": -1667, "x": 2483, "z": 13.3, "st": "NORMAL", "veh": 0 }, { "p": 4, "t": 1751882, "g": 1, "v": "0.000,0.000,0.000", "y": -1667, "x": 2483, "z": 13.3, "st": "NORMAL", "veh": 0 }, { "p": 2, "t": 1752385, "g": 1, "v": "0.000,0.000,0.000", "y": -1667, "x": 2483, "z": 13.3, "st": "NORMAL", "veh": 0 }, { "p": 2, "t": 1752899, "g": 1, "v": "-0.021,0.025,0.000", "y": -1666.8, "x": 2482.8, "z": 13.3, "st": "NORMAL", "veh": 0 }, { "p": 2, "t": 1753416, "g": 1, "v": "-0.098,0.025,0.000", "y": -1666.3, "x": 2481.1, "z": 13.3, "st": "NORMAL", "veh": 0 }, { "p": 2, "t": 1753934, "g": 1, "v": "0.000,0.000,0.000", "y": -1666.3, "x": 2481.1, "z": 13.3, "st": "NORMAL", "veh": 0 } ] ] | serial=6C8E003524821577A204631FE09CE344
[2026-09-25 15:10:09] [WARNING] Punishment applied || account=guest | action=KICK | detection=Injection | name=XRAOUF?! | reason=Injected code detected inside resource 'ip2c' (function-not-in-resource) | score=45 | serial=6C8E003524821577A204631FE09CE344
[2026-09-25 15:10:09] [DETECTION] Detection: Injection || account=guest | action=KICK | confidence=52 | detection=Injection | dimension=0 | event=nil | fn=outputChatBox | interior=0 | kind=function-not-in-resource | level=Medium | name=XRAOUF?! | ping=4 | pos=2481.1,-1666.3,13.3 | reason=Injected code detected inside resource 'ip2c' (function-not-in-resource) | resource=ip2c | score=45 | serial=6C8E003524821577A204631FE09CE344 | source=sentinel_canary.lua | state=NORMAL | vehicle=none | vel=0.000,0.000,0.000 | weight=45
[2026-09-25 15:12:43] [DETECTION] Evidence || account=guest | detection=Injection | name=XRAOUF?! | samples=[ [ { "p": 2, "t": 1897938, "g": 1, "v": "0.000,0.000,0.000", "y": -596, "x": -2402, "z": 132.6, "st": "NORMAL", "veh": 0 }, { "p": 2, "t": 1898451, "g": 1, "v": "0.000,0.000,0.000", "y": -596, "x": -2402, "z": 132.6, "st": "NORMAL", "veh": 0 }, { "p": 2, "t": 1898965, "g": 1, "v": "0.000,0.000,0.000", "y": -596, "x": -2402, "z": 132.6, "st": "NORMAL", "veh": 0 }, { "p": 2, "t": 1899501, "g": 1, "v": "0.000,0.000,0.000", "y": -596, "x": -2402, "z": 132.6, "st": "NORMAL", "veh": 0 }, { "p": 2, "t": 1900006, "g": 1, "v": "0.000,0.000,0.000", "y": -596, "x": -2402, "z": 132.6, "st": "NORMAL", "veh": 0 }, { "p": 2, "t": 1900510, "g": 1, "v": "0.000,0.000,0.000", "y": -596, "x": -2402, "z": 132.6, "st": "NORMAL", "veh": 0 }, { "p": 2, "t": 1901015, "g": 1, "v": "0.000,0.000,0.000", "y": -596, "x": -2402, "z": 132.6, "st": "NORMAL", "veh": 0 }, { "p": 2, "t": 1901522, "g": 1, "v": "0.000,0.000,0.000", "y": -596, "x": -2402, "z": 132.6, "st": "NORMAL", "veh": 0 }, { "p": 2, "t": 1902057, "g": 1, "v": "0.000,0.000,0.000", "y": -596, "x": -2402, "z": 132.6, "st": "NORMAL", "veh": 0 }, { "p": 2, "t": 1902564, "g": 1, "v": "0.000,0.000,0.000", "y": -596, "x": -2402, "z": 132.6, "st": "NORMAL", "veh": 0 }, { "p": 2, "t": 1903069, "g": 1, "v": "0.000,0.000,0.000", "y": -596, "x": -2402, "z": 132.6, "st": "NORMAL", "veh": 0 }, { "p": 2, "t": 1903576, "g": 1, "v": "0.000,0.000,0.000", "y": -596, "x": -2402, "z": 132.6, "st": "NORMAL", "veh": 0 }, { "p": 4, "t": 1904080, "g": 1, "v": "0.000,0.000,0.000", "y": -596, "x": -2402, "z": 132.6, "st": "NORMAL", "veh": 0 }, { "p": 2, "t": 1904609, "g": 1, "v": "0.000,0.000,0.000", "y": -596, "x": -2402, "z": 132.6, "st": "NORMAL", "veh": 0 }, { "p": 2, "t": 1905125, "g": 1, "v": "0.000,0.000,0.000", "y": -596, "x": -2402, "z": 132.6, "st": "NORMAL", "veh": 0 }, { "p": 2, "t": 1905642, "g": 1, "v": "0.000,0.000,0.000", "y": -596, "x": -2402, "z": 132.6, "st": "NORMAL", "veh": 0 }, { "p": 2, "t": 1906166, "g": 1, "v": "0.000,0.000,0.000", "y": -596, "x": -2402, "z": 132.6, "st": "NORMAL", "veh": 0 }, { "p": 2, "t": 1906700, "g": 1, "v": "0.000,0.000,0.000", "y": -596, "x": -2402, "z": 132.6, "st": "NORMAL", "veh": 0 }, { "p": 2, "t": 1907203, "g": 1, "v": "0.000,0.000,0.000", "y": -596, "x": -2402, "z": 132.6, "st": "NORMAL", "veh": 0 }, { "p": 2, "t": 1907726, "g": 1, "v": "0.000,0.000,0.000", "y": -596, "x": -2402, "z": 132.6, "st": "NORMAL", "veh": 0 } ] ] | serial=6C8E003524821577A204631FE09CE344
[2026-09-25 15:12:43] [WARNING] Punishment applied || account=guest | action=KICK | detection=Injection | name=XRAOUF?! | reason=Injected code detected inside resource 'ip2c' (function-not-in-resource) | score=45 | serial=6C8E003524821577A204631FE09CE344
[2026-09-25 15:12:43] [DETECTION] Detection: Injection || account=guest | action=KICK | confidence=52 | detection=Injection | dimension=0 | event=nil | fn=outputChatBox | interior=0 | kind=function-not-in-resource | level=Medium | name=XRAOUF?! | ping=2 | pos=-2402.0,-596.0,132.6 | reason=Injected code detected inside resource 'ip2c' (function-not-in-resource) | resource=ip2c | score=45 | serial=6C8E003524821577A204631FE09CE344 | source=sentinel_canary.lua | state=NORMAL | vehicle=none | vel=0.000,0.000,0.000 | weight=45
[2026-09-25 15:17:09] [DETECTION] Evidence || account=guest | detection=Injection | name=XRAOUF?! | samples=[ [ { "p": 2, "t": 2164048, "g": 1, "v": "0.000,0.000,0.000", "y": 1545, "x": 2002, "z": 13.6, "st": "NORMAL", "veh": 0 }, { "p": 2, "t": 2164585, "g": 1, "v": "0.000,0.000,0.000", "y": 1545, "x": 2002, "z": 13.6, "st": "NORMAL", "veh": 0 }, { "p": 2, "t": 2165086, "g": 1, "v": "0.000,0.000,0.000", "y": 1545, "x": 2002, "z": 13.6, "st": "NORMAL", "veh": 0 }, { "p": 2, "t": 2165608, "g": 1, "v": "0.000,0.000,0.000", "y": 1545, "x": 2002, "z": 13.6, "st": "NORMAL", "veh": 0 }, { "p": 2, "t": 2166114, "g": 1, "v": "0.000,0.000,0.000", "y": 1545, "x": 2002, "z": 13.6, "st": "NORMAL", "veh": 0 }, { "p": 2, "t": 2166625, "g": 1, "v": "0.000,0.000,0.000", "y": 1545, "x": 2002, "z": 13.6, "st": "NORMAL", "veh": 0 }, { "p": 2, "t": 2167143, "g": 1, "v": "0.000,0.000,0.000", "y": 1545, "x": 2002, "z": 13.6, "st": "NORMAL", "veh": 0 }, { "p": 2, "t": 2167676, "g": 1, "v": "0.000,0.000,0.000", "y": 1545, "x": 2002, "z": 13.6, "st": "NORMAL", "veh": 0 }, { "p": 2, "t": 2168192, "g": 1, "v": "0.000,0.000,0.000", "y": 1545, "x": 2002, "z": 13.6, "st": "NORMAL", "veh": 0 }, { "p": 2, "t": 2168705, "g": 1, "v": "0.000,0.000,0.000", "y": 1545, "x": 2002, "z": 13.6, "st": "NORMAL", "veh": 0 }, { "p": 2, "t": 2169233, "g": 1, "v": "0.000,0.000,0.000", "y": 1545, "x": 2002, "z": 13.6, "st": "NORMAL", "veh": 0 }, { "p": 2, "t": 2169735, "g": 1, "v": "0.000,0.000,0.000", "y": 1545, "x": 2002, "z": 13.6, "st": "NORMAL", "veh": 0 }, { "p": 2, "t": 2170249, "g": 1, "v": "0.000,0.000,0.000", "y": 1545, "x": 2002, "z": 13.6, "st": "NORMAL", "veh": 0 }, { "p": 2, "t": 2170752, "g": 1, "v": "0.000,0.000,0.000", "y": 1545, "x": 2002, "z": 13.6, "st": "NORMAL", "veh": 0 }, { "p": 4, "t": 2171270, "g": 1, "v": "0.000,0.000,0.000", "y": 1545, "x": 2002, "z": 13.6, "st": "NORMAL", "veh": 0 }, { "p": 2, "t": 2171786, "g": 1, "v": "0.000,0.000,0.000", "y": 1545, "x": 2002, "z": 13.6, "st": "NORMAL", "veh": 0 }, { "p": 2, "t": 2172289, "g": 1, "v": "0.000,0.000,0.000", "y": 1545, "x": 2002, "z": 13.6, "st": "NORMAL", "veh": 0 }, { "p": 2, "t": 2172817, "g": 1, "v": "0.000,0.000,0.000", "y": 1545, "x": 2002, "z": 13.6, "st": "NORMAL", "veh": 0 }, { "p": 2, "t": 2173323, "g": 1, "v": "0.000,0.000,0.000", "y": 1545, "x": 2002, "z": 13.6, "st": "NORMAL", "veh": 0 }, { "p": 2, "t": 2173834, "g": 1, "v": "0.000,0.000,0.000", "y": 1545, "x": 2002, "z": 13.6, "st": "NORMAL", "veh": 0 } ] ] | serial=6C8E003524821577A204631FE09CE344
[2026-09-25 15:17:09] [WARNING] Punishment applied || account=guest | action=KICK | detection=Injection | name=XRAOUF?! | reason=Injected code detected inside resource 'ip2c' (unknown-source) | score=45 | serial=6C8E003524821577A204631FE09CE344
[2026-09-25 15:17:09] [DETECTION] Detection: Injection || account=guest | action=KICK | confidence=52 | detection=Injection | dimension=0 | event=kickPlayer | fn=triggerServerEvent | interior=0 | kind=unknown-source | level=Medium | name=XRAOUF?! | ping=2 | pos=2002.0,1545.0,13.6 | reason=Injected code detected inside resource 'ip2c' (unknown-source) | resource=ip2c | score=45 | serial=6C8E003524821577A204631FE09CE344 | source=ip2c | state=NORMAL | vehicle=none | vel=0.000,0.000,0.000 | weight=45
[2026-09-25 15:19:58] [WARNING] Event abuse || account=guest | event=SentinelAC:server:hello | name=XRAOUF?! | perSecond=3 | reason=rate-limit | resource=sentinel_ac | serial=6C8E003524821577A204631FE09CE344
[2026-09-25 15:19:58] [DETECTION] Evidence || account=guest | detection=EventAbuse | name=XRAOUF?! | samples=[ [ { "p": 4, "t": 2333340, "g": 1, "v": "0.000,0.000,0.000", "y": -600, "x": -2403, "z": 132.6, "st": "NORMAL", "veh": 0 }, { "p": 2, "t": 2333854, "g": 1, "v": "0.000,0.000,0.000", "y": -600, "x": -2403, "z": 132.6, "st": "NORMAL", "veh": 0 }, { "p": 2, "t": 2334389, "g": 1, "v": "0.000,0.000,0.000", "y": -600, "x": -2403, "z": 132.6, "st": "NORMAL", "veh": 0 }, { "p": 2, "t": 2334894, "g": 1, "v": "0.000,0.000,0.000", "y": -600, "x": -2403, "z": 132.6, "st": "NORMAL", "veh": 0 }, { "p": 2, "t": 2335399, "g": 1, "v": "0.000,0.000,0.000", "y": -600, "x": -2403, "z": 132.6, "st": "NORMAL", "veh": 0 }, { "p": 2, "t": 2335902, "g": 1, "v": "0.000,0.000,0.000", "y": -600, "x": -2403, "z": 132.6, "st": "NORMAL", "veh": 0 }, { "p": 2, "t": 2336430, "g": 1, "v": "0.000,0.000,0.000", "y": -600, "x": -2403, "z": 132.6, "st": "NORMAL", "veh": 0 }, { "p": 2, "t": 2336944, "g": 1, "v": "0.000,0.000,0.000", "y": -600, "x": -2403, "z": 132.6, "st": "NORMAL", "veh": 0 }, { "p": 2, "t": 2337459, "g": 1, "v": "0.000,0.000,0.000", "y": -600, "x": -2403, "z": 132.6, "st": "NORMAL", "veh": 0 }, { "p": 3, "t": 2337962, "g": 1, "v": "0.000,0.000,0.000", "y": -600, "x": -2403, "z": 132.6, "st": "NORMAL", "veh": 0 }, { "p": 2, "t": 2338477, "g": 1, "v": "0.000,0.000,0.000", "y": -600, "x": -2403, "z": 132.6, "st": "NORMAL", "veh": 0 }, { "p": 2, "t": 2338994, "g": 1, "v": "0.000,0.000,0.000", "y": -600, "x": -2403, "z": 132.6, "st": "NORMAL", "veh": 0 }, { "p": 2, "t": 2339497, "g": 1, "v": "0.000,0.000,0.000", "y": -600, "x": -2403, "z": 132.6, "st": "NORMAL", "veh": 0 }, { "p": 2, "t": 2340013, "g": 1, "v": "0.000,0.000,0.000", "y": -600, "x": -2403, "z": 132.6, "st": "NORMAL", "veh": 0 }, { "p": 2, "t": 2340547, "g": 1, "v": "0.000,0.000,0.000", "y": -600, "x": -2403, "z": 132.6, "st": "NORMAL", "veh": 0 }, { "p": 2, "t": 2341054, "g": 1, "v": "0.000,0.000,0.000", "y": -600, "x": -2403, "z": 132.6, "st": "NORMAL", "veh": 0 }, { "p": 2, "t": 2341591, "g": 1, "v": "0.000,0.000,0.000", "y": -600, "x": -2403, "z": 132.6, "st": "NORMAL", "veh": 0 }, { "p": 2, "t": 2342104, "g": 1, "v": "0.000,0.000,0.000", "y": -600, "x": -2403, "z": 132.6, "st": "NORMAL", "veh": 0 }, { "p": 2, "t": 2342629, "g": 1, "v": "0.000,0.000,0.000", "y": -600, "x": -2403, "z": 132.6, "st": "NORMAL", "veh": 0 }, { "p": 2, "t": 2343155, "g": 1, "v": "0.000,0.000,0.000", "y": -600, "x": -2403, "z": 132.6, "st": "NORMAL", "veh": 0 } ] ] | serial=6C8E003524821577A204631FE09CE344
[2026-09-25 15:19:58] [DETECTION] Detection: EventAbuse || account=guest | action=LOG | confidence=52 | detection=EventAbuse | dimension=0 | event=SentinelAC:server:hello | interior=0 | level=Low | name=XRAOUF?! | ping=2 | pos=-2403.0,-600.0,132.6 | reason=rate-limit on SentinelAC:server:hello | score=15 | serial=6C8E003524821577A204631FE09CE344 | state=NORMAL | vehicle=none | vel=0.000,0.000,0.000 | weight=15
[2026-09-25 15:19:58] [DETECTION] Evidence || account=guest | detection=Injection | name=XRAOUF?! | samples=[ [ { "p": 4, "t": 2333340, "g": 1, "v": "0.000,0.000,0.000", "y": -600, "x": -2403, "z": 132.6, "st": "NORMAL", "veh": 0 }, { "p": 2, "t": 2333854, "g": 1, "v": "0.000,0.000,0.000", "y": -600, "x": -2403, "z": 132.6, "st": "NORMAL", "veh": 0 }, { "p": 2, "t": 2334389, "g": 1, "v": "0.000,0.000,0.000", "y": -600, "x": -2403, "z": 132.6, "st": "NORMAL", "veh": 0 }, { "p": 2, "t": 2334894, "g": 1, "v": "0.000,0.000,0.000", "y": -600, "x": -2403, "z": 132.6, "st": "NORMAL", "veh": 0 }, { "p": 2, "t": 2335399, "g": 1, "v": "0.000,0.000,0.000", "y": -600, "x": -2403, "z": 132.6, "st": "NORMAL", "veh": 0 }, { "p": 2, "t": 2335902, "g": 1, "v": "0.000,0.000,0.000", "y": -600, "x": -2403, "z": 132.6, "st": "NORMAL", "veh": 0 }, { "p": 2, "t": 2336430, "g": 1, "v": "0.000,0.000,0.000", "y": -600, "x": -2403, "z": 132.6, "st": "NORMAL", "veh": 0 }, { "p": 2, "t": 2336944, "g": 1, "v": "0.000,0.000,0.000", "y": -600, "x": -2403, "z": 132.6, "st": "NORMAL", "veh": 0 }, { "p": 2, "t": 2337459, "g": 1, "v": "0.000,0.000,0.000", "y": -600, "x": -2403, "z": 132.6, "st": "NORMAL", "veh": 0 }, { "p": 3, "t": 2337962, "g": 1, "v": "0.000,0.000,0.000", "y": -600, "x": -2403, "z": 132.6, "st": "NORMAL", "veh": 0 }, { "p": 2, "t": 2338477, "g": 1, "v": "0.000,0.000,0.000", "y": -600, "x": -2403, "z": 132.6, "st": "NORMAL", "veh": 0 }, { "p": 2, "t": 2338994, "g": 1, "v": "0.000,0.000,0.000", "y": -600, "x": -2403, "z": 132.6, "st": "NORMAL", "veh": 0 }, { "p": 2, "t": 2339497, "g": 1, "v": "0.000,0.000,0.000", "y": -600, "x": -2403, "z": 132.6, "st": "NORMAL", "veh": 0 }, { "p": 2, "t": 2340013, "g": 1, "v": "0.000,0.000,0.000", "y": -600, "x": -2403, "z": 132.6, "st": "NORMAL", "veh": 0 }, { "p": 2, "t": 2340547, "g": 1, "v": "0.000,0.000,0.000", "y": -600, "x": -2403, "z": 132.6, "st": "NORMAL", "veh": 0 }, { "p": 2, "t": 2341054, "g": 1, "v": "0.000,0.000,0.000", "y": -600, "x": -2403, "z": 132.6, "st": "NORMAL", "veh": 0 }, { "p": 2, "t": 2341591, "g": 1, "v": "0.000,0.000,0.000", "y": -600, "x": -2403, "z": 132.6, "st": "NORMAL", "veh": 0 }, { "p": 2, "t": 2342104, "g": 1, "v": "0.000,0.000,0.000", "y": -600, "x": -2403, "z": 132.6, "st": "NORMAL", "veh": 0 }, { "p": 2, "t": 2342629, "g": 1, "v": "0.000,0.000,0.000", "y": -600, "x": -2403, "z": 132.6, "st": "NORMAL", "veh": 0 }, { "p": 2, "t": 2343155, "g": 1, "v": "0.000,0.000,0.000", "y": -600, "x": -2403, "z": 132.6, "st": "NORMAL", "veh": 0 } ] ] | serial=6C8E003524821577A204631FE09CE344
[2026-09-25 15:19:58] [WARNING] Punishment applied || account=guest | action=KICK | detection=Injection | name=XRAOUF?! | reason=Injected code detected inside resource 'ip2c' (unknown-source) | score=60 | serial=6C8E003524821577A204631FE09CE344
[2026-09-25 15:19:58] [DETECTION] Detection: Injection || account=guest | action=KICK | confidence=60 | detection=Injection | dimension=0 | event=nil | fn=outputChatBox | interior=0 | kind=unknown-source | level=Medium | name=XRAOUF?! | ping=2 | pos=-2403.0,-600.0,132.6 | reason=Injected code detected inside resource 'ip2c' (unknown-source) | resource=ip2c | score=60 | serial=6C8E003524821577A204631FE09CE344 | source=rrr.lua | state=NORMAL | vehicle=none | vel=0.000,0.000,0.000 | weight=45
[2026-09-25 15:20:58] [WARNING] Teleport confirmed || class=OnFoot | distance=2477 | dt=524 | from=-2403,-600,133 | player=XRAOUF?! | speed=4727 | strikes=1 | to=0,0,99 | velocityInconsistent=true
[2026-09-25 15:20:58] [DETECTION] Evidence || account=guest | detection=Teleport | name=XRAOUF?! | samples=[ [ { "p": 2, "t": 2393236, "g": 1, "v": "0.000,0.000,0.000", "y": -600, "x": -2403, "z": 132.6, "st": "NORMAL", "veh": 0 }, { "p": 2, "t": 2393775, "g": 1, "v": "0.000,0.000,0.000", "y": -600, "x": -2403, "z": 132.6, "st": "NORMAL", "veh": 0 }, { "p": 2, "t": 2394294, "g": 1, "v": "0.000,0.000,0.000", "y": -600, "x": -2403, "z": 132.6, "st": "NORMAL", "veh": 0 }, { "p": 2, "t": 2394798, "g": 1, "v": "0.000,0.000,0.000", "y": -600, "x": -2403, "z": 132.6, "st": "NORMAL", "veh": 0 }, { "p": 2, "t": 2395301, "g": 1, "v": "0.000,0.000,0.000", "y": -600, "x": -2403, "z": 132.6, "st": "NORMAL", "veh": 0 }, { "p": 2, "t": 2395825, "g": 1, "v": "0.000,0.000,0.000", "y": -600, "x": -2403, "z": 132.6, "st": "NORMAL", "veh": 0 }, { "p": 2, "t": 2396326, "g": 1, "v": "0.000,0.000,0.000", "y": -600, "x": -2403, "z": 132.6, "st": "NORMAL", "veh": 0 }, { "p": 2, "t": 2396828, "g": 1, "v": "0.000,0.000,0.000", "y": -600, "x": -2403, "z": 132.6, "st": "NORMAL", "veh": 0 }, { "p": 2, "t": 2397333, "g": 1, "v": "0.000,0.000,0.000", "y": -600, "x": -2403, "z": 132.6, "st": "NORMAL", "veh": 0 }, { "p": 2, "t": 2397870, "g": 1, "v": "0.000,0.000,0.000", "y": -600, "x": -2403, "z": 132.6, "st": "NORMAL", "veh": 0 }, { "p": 2, "t": 2398375, "g": 1, "v": "0.000,0.000,0.000", "y": -600, "x": -2403, "z": 132.6, "st": "NORMAL", "veh": 0 }, { "p": 4, "t": 2398882, "g": 1, "v": "0.000,0.000,0.000", "y": -600, "x": -2403, "z": 132.6, "st": "NORMAL", "veh": 0 }, { "p": 2, "t": 2399387, "g": 1, "v": "0.000,0.000,0.000", "y": -600, "x": -2403, "z": 132.6, "st": "NORMAL", "veh": 0 }, { "p": 4, "t": 2399924, "g": 1, "v": "0.000,0.000,0.000", "y": -600, "x": -2403, "z": 132.6, "st": "NORMAL", "veh": 0 }, { "p": 2, "t": 2400439, "g": 1, "v": "0.000,0.000,0.000", "y": -600, "x": -2403, "z": 132.6, "st": "NORMAL", "veh": 0 }, { "p": 2, "t": 2400942, "g": 1, "v": "0.000,0.000,0.000", "y": -600, "x": -2403, "z": 132.6, "st": "NORMAL", "veh": 0 }, { "p": 2, "t": 2401459, "g": 1, "v": "0.000,0.000,0.000", "y": -600, "x": -2403, "z": 132.6, "st": "NORMAL", "veh": 0 }, { "p": 2, "t": 2401959, "g": 1, "v": "0.000,0.000,0.000", "y": -600, "x": -2403, "z": 132.6, "st": "NORMAL", "veh": 0 }, { "p": 2, "t": 2402483, "g": 0, "v": "0.000,0.000,-0.096", "y": 0, "x": 0, "z": 99.40000000000001, "st": "NORMAL", "veh": 0 }, { "p": 2, "t": 2403020, "g": 0, "v": "0.000,0.000,-0.305", "y": 0, "x": 0, "z": 93.90000000000001, "st": "NORMAL", "veh": 0 } ] ] | serial=6C8E003524821577A204631FE09CE344
[2026-09-25 15:20:58] [WARNING] Punishment applied || account=guest | action=KICK | detection=Teleport | name=XRAOUF?! | reason=Displacement of 2477m in 524ms (4727 m/s, class OnFoot) | score=35 | serial=6C8E003524821577A204631FE09CE344
[2026-09-25 15:20:58] [DETECTION] Detection: Teleport || account=guest | action=KICK | class=OnFoot | confidence=52 | detection=Teleport | dimension=0 | distance=2477 | dt=524 | interior=0 | level=Medium | name=XRAOUF?! | ping=2 | pos=0.0,0.0,93.9 | reason=Displacement of 2477m in 524ms (4727 m/s, class OnFoot) | score=35 | serial=6C8E003524821577A204631FE09CE344 | speed=4727 | state=NORMAL | vehicle=none | vel=0.000,0.000,-0.305 | weight=35
[2026-09-25 15:24:17] [DETECTION] Evidence || account=guest | detection=Injection | name=XRAOUF?! | samples=[ [ { "p": 2, "t": 2591797, "g": 1, "v": "0.000,0.000,0.000", "y": 747.5, "x": -743.9, "z": 18.4, "st": "NORMAL", "veh": 0 }, { "p": 2, "t": 2592303, "g": 1, "v": "0.000,0.000,0.000", "y": 747.5, "x": -743.9, "z": 18.4, "st": "NORMAL", "veh": 0 }, { "p": 2, "t": 2592809, "g": 1, "v": "0.000,0.000,0.000", "y": 747.5, "x": -743.9, "z": 18.4, "st": "NORMAL", "veh": 0 }, { "p": 2, "t": 2593334, "g": 1, "v": "0.000,0.000,0.000", "y": 747.5, "x": -743.9, "z": 18.4, "st": "NORMAL", "veh": 0 }, { "p": 2, "t": 2593847, "g": 1, "v": "0.000,0.000,0.000", "y": 747.5, "x": -743.9, "z": 18.4, "st": "NORMAL", "veh": 0 }, { "p": 2, "t": 2594353, "g": 1, "v": "0.000,0.000,0.000", "y": 747.5, "x": -743.9, "z": 18.4, "st": "NORMAL", "veh": 0 }, { "p": 2, "t": 2594856, "g": 1, "v": "0.000,0.000,0.000", "y": 747.5, "x": -743.9, "z": 18.4, "st": "NORMAL", "veh": 0 }, { "p": 2, "t": 2595382, "g": 1, "v": "0.000,0.000,0.000", "y": 747.5, "x": -743.9, "z": 18.4, "st": "NORMAL", "veh": 0 }, { "p": 2, "t": 2595911, "g": 1, "v": "0.000,0.000,0.000", "y": 747.5, "x": -743.9, "z": 18.4, "st": "NORMAL", "veh": 0 }, { "p": 2, "t": 2596436, "g": 1, "v": "0.000,0.000,0.000", "y": 747.5, "x": -743.9, "z": 18.4, "st": "NORMAL", "veh": 0 }, { "p": 2, "t": 2596946, "g": 0, "v": "-0.023,-0.097,0.216", "y": 747, "x": -744, "z": 20.7, "st": "NORMAL", "veh": 0 }, { "p": 2, "t": 2597462, "g": 0, "v": "-0.022,-0.095,-0.003", "y": 744.4, "x": -744.6, "z": 23.5, "st": "NORMAL", "veh": 0 }, { "p": 2, "t": 2597987, "g": 0, "v": "-0.022,-0.093,-0.216", "y": 741.9, "x": -745.2, "z": 20.5, "st": "NORMAL", "veh": 0 }, { "p": 2, "t": 2598513, "g": 1, "v": "-0.017,-0.074,0.000", "y": 740, "x": -745.6, "z": 18.2, "st": "NORMAL", "veh": 0 }, { "p": 2, "t": 2599037, "g": 1, "v": "-0.014,-0.060,0.000", "y": 738.7, "x": -745.9, "z": 18.2, "st": "NORMAL", "veh": 0 }, { "p": 2, "t": 2599543, "g": 1, "v": "0.000,0.000,0.000", "y": 738.7, "x": -745.9, "z": 18.2, "st": "NORMAL", "veh": 0 }, { "p": 2, "t": 2600058, "g": 0, "v": "-0.023,-0.097,0.166", "y": 737.6, "x": -746.2, "z": 21.9, "st": "NORMAL", "veh": 0 }, { "p": 2, "t": 2600561, "g": 0, "v": "-0.022,-0.095,-0.051", "y": 735, "x": -746.8, "z": 23.3, "st": "NORMAL", "veh": 0 }, { "p": 2, "t": 2601096, "g": 0, "v": "-0.022,-0.092,-0.262", "y": 732.5, "x": -747.4, "z": 19, "st": "NORMAL", "veh": 0 }, { "p": 2, "t": 2601631, "g": 1, "v": "-0.017,-0.074,0.000", "y": 730.9, "x": -747.8, "z": 18.3, "st": "NORMAL", "veh": 0 } ] ] | serial=6C8E003524821577A204631FE09CE344
[2026-09-25 15:24:17] [WARNING] Punishment applied || account=guest | action=KICK | detection=Injection | name=XRAOUF?! | reason=Injected code detected inside resource 'ip2c' (unknown-source) | score=45 | serial=6C8E003524821577A204631FE09CE344
[2026-09-25 15:24:17] [DETECTION] Detection: Injection || account=guest | action=KICK | confidence=52 | detection=Injection | dimension=0 | event=onClientRender | fn=addEventHandler | interior=0 | kind=unknown-source | level=Medium | name=XRAOUF?! | ping=2 | pos=-748.0,729.9,18.3 | reason=Injected code detected inside resource 'ip2c' (unknown-source) | resource=ip2c | score=45 | serial=6C8E003524821577A204631FE09CE344 | source=crx_troll.lua | state=NORMAL | vehicle=none | vel=-0.002,-0.010,0.000 | weight=45
[2026-09-25 15:27:56] [DETECTION] Evidence || account=guest | detection=Injection | name=XRAOUF?! | samples=[ [ { "p": 2, "t": 2810788, "g": 1, "v": "0.015,-0.137,0.000", "y": 949.1, "x": -708.4, "z": 12.5, "st": "NORMAL", "veh": 0 }, { "p": 2, "t": 2811312, "g": 1, "v": "0.047,-0.235,0.000", "y": 944, "x": -707.6, "z": 12.5, "st": "NORMAL", "veh": 541 }, { "p": 2, "t": 2811837, "g": 1, "v": "0.016,-0.166,0.000", "y": 940.8, "x": -707.3, "z": 12.4, "st": "NORMAL", "veh": 541 }, { "p": 2, "t": 2812371, "g": 1, "v": "0.000,0.000,0.000", "y": 940.4, "x": -707.3, "z": 12.4, "st": "NORMAL", "veh": 541 }, { "p": 2, "t": 2812875, "g": 1, "v": "0.000,0.000,0.000", "y": 940.4, "x": -707.3, "z": 12.4, "st": "NORMAL", "veh": 541 }, { "p": 2, "t": 2813412, "g": 0, "v": "0.000,0.000,0.000", "y": 940.4, "x": -707.4, "z": 12.6, "st": "NORMAL", "veh": 541 }, { "p": 2, "t": 2813951, "g": 0, "v": "0.000,0.000,0.000", "y": 940.4, "x": -707.5, "z": 12.6, "st": "NORMAL", "veh": 541 }, { "p": 2, "t": 2814487, "g": 0, "v": "0.000,0.000,0.000", "y": 940.4, "x": -707.5, "z": 12.6, "st": "NORMAL", "veh": 541 }, { "p": 2, "t": 2815025, "g": 0, "v": "0.000,0.000,0.000", "y": 939.8, "x": -708.9, "z": 12.1, "st": "NORMAL", "veh": 541 }, { "p": 2, "t": 2815529, "g": 0, "v": "0.000,0.000,0.000", "y": 939.8, "x": -708.9, "z": 12.1, "st": "NORMAL", "veh": 541 }, { "p": 2, "t": 2816043, "g": 0, "v": "0.000,0.000,0.000", "y": 939.8, "x": -708.9, "z": 12.1, "st": "NORMAL", "veh": 541 }, { "p": 2, "t": 2816582, "g": 0, "v": "-0.030,-0.092,-0.000", "y": 938.9, "x": -709.1, "z": 12.1, "st": "NORMAL", "veh": 541 }, { "p": 2, "t": 2817086, "g": 0, "v": "-0.145,-0.175,-0.004", "y": 935.3, "x": -711.7, "z": 12, "st": "NORMAL", "veh": 541 }, { "p": 2, "t": 2817624, "g": 0, "v": "-0.126,-0.312,-0.008", "y": 928.7, "x": -715.6, "z": 11.9, "st": "NORMAL", "veh": 541 }, { "p": 2, "t": 2818130, "g": 0, "v": "-0.114,-0.286,-0.003", "y": 920.4, "x": -719, "z": 11.8, "st": "NORMAL", "veh": 541 }, { "p": 2, "t": 2818644, "g": 0, "v": "-0.099,-0.249,0.001", "y": 914.6, "x": -721.2, "z": 11.7, "st": "NORMAL", "veh": 541 }, { "p": 2, "t": 2819162, "g": 0, "v": "-0.081,-0.202,0.000", "y": 908.5, "x": -723.7, "z": 11.8, "st": "NORMAL", "veh": 541 }, { "p": 2, "t": 2819681, "g": 0, "v": "-0.062,-0.154,0.006", "y": 903.7, "x": -725.6, "z": 11.8, "st": "NORMAL", "veh": 541 }, { "p": 1, "t": 2820215, "g": 0, "v": "-0.028,-0.112,0.007", "y": 900.3, "x": -726.9, "z": 12, "st": "NORMAL", "veh": 541 }, { "p": 2, "t": 2820717, "g": 0, "v": "-0.008,-0.237,0.013", "y": 895.5, "x": -727.5, "z": 12.2, "st": "NORMAL", "veh": 541 } ] ] | serial=6C8E003524821577A204631FE09CE344
[2026-09-25 15:27:56] [WARNING] Punishment applied || account=guest | action=KICK | detection=Injection | name=XRAOUF?! | reason=Injected code detected inside resource 'speedometer' (unknown-source) | score=45 | serial=6C8E003524821577A204631FE09CE344
[2026-09-25 15:27:56] [DETECTION] Detection: Injection || account=guest | action=KICK | confidence=52 | detection=Injection | dimension=0 | event=nil | fn=outputChatBox | interior=0 | kind=unknown-source | level=Medium | name=XRAOUF?! | ping=4 | pos=-727.5,894.1,12.3 | reason=Injected code detected inside resource 'speedometer' (unknown-source) | resource=speedometer | score=45 | serial=6C8E003524821577A204631FE09CE344 | source=speedometer | state=NORMAL | vehicle=Bullet(541) | vel=0.005,-0.257,0.014 | weight=45
[2026-09-25 18:55:31] [DETECTION] Evidence || account=guest | detection=Explosion | name=XRAOUF?! | samples=[ [ { "p": 2, "t": 15266271, "g": 1, "v": "0.000,0.000,0.000", "y": -1667, "x": 2486, "z": 13.3, "st": "NORMAL", "veh": 0 }, { "p": 2, "t": 15266773, "g": 1, "v": "0.000,0.000,0.000", "y": -1667, "x": 2486, "z": 13.3, "st": "NORMAL", "veh": 0 }, { "p": 2, "t": 15267277, "g": 1, "v": "0.000,0.000,0.000", "y": -1667, "x": 2486, "z": 13.3, "st": "NORMAL", "veh": 0 }, { "p": 2, "t": 15267779, "g": 1, "v": "0.000,0.000,0.000", "y": -1667, "x": 2486, "z": 13.3, "st": "NORMAL", "veh": 0 }, { "p": 2, "t": 15268293, "g": 1, "v": "0.000,0.000,0.000", "y": -1667, "x": 2486, "z": 13.3, "st": "NORMAL", "veh": 0 }, { "p": 2, "t": 15268801, "g": 1, "v": "0.000,0.000,0.000", "y": -1667, "x": 2486, "z": 13.3, "st": "NORMAL", "veh": 0 }, { "p": 2, "t": 15269335, "g": 1, "v": "0.000,0.000,0.000", "y": -1667, "x": 2486, "z": 13.3, "st": "NORMAL", "veh": 0 }, { "p": 2, "t": 15269839, "g": 1, "v": "0.000,0.000,0.000", "y": -1667, "x": 2486, "z": 13.3, "st": "NORMAL", "veh": 0 }, { "p": 3, "t": 15270343, "g": 1, "v": "0.000,0.000,0.000", "y": -1667, "x": 2486, "z": 13.3, "st": "NORMAL", "veh": 0 }, { "p": 4, "t": 15270848, "g": 1, "v": "0.000,0.000,0.000", "y": -1667, "x": 2486, "z": 13.3, "st": "NORMAL", "veh": 0 }, { "p": 2, "t": 15271348, "g": 1, "v": "0.000,0.000,0.000", "y": -1667, "x": 2486, "z": 13.3, "st": "NORMAL", "veh": 0 }, { "p": 2, "t": 15271883, "g": 1, "v": "0.000,0.000,0.000", "y": -1667, "x": 2486, "z": 13.3, "st": "NORMAL", "veh": 0 }, { "p": 2, "t": 15272402, "g": 1, "v": "0.000,0.000,0.000", "y": -1667, "x": 2486, "z": 13.3, "st": "NORMAL", "veh": 0 }, { "p": 2, "t": 15272907, "g": 1, "v": "0.000,0.000,0.000", "y": -1667, "x": 2486, "z": 13.3, "st": "NORMAL", "veh": 0 }, { "p": 2, "t": 15273443, "g": 1, "v": "0.000,0.000,0.000", "y": -1667, "x": 2486, "z": 13.3, "st": "NORMAL", "veh": 0 }, { "p": 2, "t": 15273949, "g": 1, "v": "0.000,0.000,0.000", "y": -1667, "x": 2486, "z": 13.3, "st": "NORMAL", "veh": 0 }, { "p": 2, "t": 15274462, "g": 1, "v": "0.000,0.000,0.000", "y": -1667, "x": 2486, "z": 13.3, "st": "NORMAL", "veh": 0 }, { "p": 2, "t": 15274976, "g": 1, "v": "0.000,0.000,0.000", "y": -1667, "x": 2486, "z": 13.3, "st": "NORMAL", "veh": 0 }, { "p": 2, "t": 15275481, "g": 1, "v": "0.000,0.000,0.000", "y": -1667, "x": 2486, "z": 13.3, "st": "NORMAL", "veh": 0 }, { "p": 2, "t": 15275983, "g": 1, "v": "0.000,0.000,0.000", "y": -1667, "x": 2486, "z": 13.3, "st": "NORMAL", "veh": 0 } ] ] | serial=6C8E003524821577A204631FE09CE344
[2026-09-25 18:55:31] [DETECTION] Detection: Explosion || account=guest | action=LOG | at=0,-8192,80 | blocked=false | confidence=52 | detection=Explosion | dimension=0 | distance=6983 | interior=0 | level=Low | name=XRAOUF?! | ping=2 | pos=2486.0,-1667.0,13.3 | rate=1 | reason=Explosion anomaly: distance,no-explosive-weapon | score=25 | serial=6C8E003524821577A204631FE09CE344 | state=NORMAL | type=1 | typeName=molotov | vehicle=none | vel=0.000,0.000,0.000 | weight=25
[2026-09-25 18:55:50] [DETECTION] Evidence || account=guest | detection=NoClip | name=XRAOUF?! | samples=[ [ { "p": 2, "t": 15284342, "g": 1, "v": "0.000,0.000,0.000", "y": -1666.7, "x": 2486, "z": 13.3, "st": "NORMAL", "veh": 0 }, { "p": 2, "t": 15284877, "g": 1, "v": "0.000,0.000,0.000", "y": -1666.7, "x": 2486, "z": 13.3, "st": "NORMAL", "veh": 0 }, { "p": 2, "t": 15285412, "g": 1, "v": "0.000,0.000,0.000", "y": -1666.7, "x": 2486, "z": 13.3, "st": "NORMAL", "veh": 0 }, { "p": 2, "t": 15285915, "g": 1, "v": "0.000,0.000,0.000", "y": -1666.7, "x": 2486, "z": 13.3, "st": "NORMAL", "veh": 0 }, { "p": 4, "t": 15286443, "g": 1, "v": "0.000,0.000,0.000", "y": -1666.7, "x": 2486, "z": 13.3, "st": "NORMAL", "veh": 0 }, { "p": 4, "t": 15286978, "g": 1, "v": "0.000,0.000,0.000", "y": -1666.7, "x": 2486, "z": 13.3, "st": "NORMAL", "veh": 0 }, { "p": 2, "t": 15287512, "g": 1, "v": "0.000,0.000,0.000", "y": -1666.7, "x": 2486, "z": 13.3, "st": "NORMAL", "veh": 0 }, { "p": 2, "t": 15288017, "g": 1, "v": "0.000,0.000,0.000", "y": -1666.7, "x": 2486, "z": 13.3, "st": "NORMAL", "veh": 0 }, { "p": 2, "t": 15288550, "g": 1, "v": "0.000,0.000,0.000", "y": -1666.7, "x": 2486, "z": 13.3, "st": "NORMAL", "veh": 0 }, { "p": 2, "t": 15289073, "g": 1, "v": "0.000,0.000,0.000", "y": -1666.7, "x": 2486, "z": 13.3, "st": "NORMAL", "veh": 0 }, { "p": 2, "t": 15289584, "g": 1, "v": "0.000,0.000,0.000", "y": -1666.7, "x": 2486, "z": 13.3, "st": "NORMAL", "veh": 0 }, { "p": 2, "t": 15290108, "g": 1, "v": "0.000,0.000,0.000", "y": -1666.7, "x": 2486, "z": 13.3, "st": "NORMAL", "veh": 0 }, { "p": 2, "t": 15290609, "g": 1, "v": "0.000,0.000,0.000", "y": -1666.7, "x": 2486, "z": 13.3, "st": "NORMAL", "veh": 0 }, { "p": 2, "t": 15291134, "g": 1, "v": "0.000,0.000,0.000", "y": -1666.7, "x": 2486, "z": 13.3, "st": "NORMAL", "veh": 0 }, { "p": 2, "t": 15291670, "g": 1, "v": "0.000,0.000,0.000", "y": -1666.7, "x": 2486, "z": 13.3, "st": "NORMAL", "veh": 0 }, { "p": 2, "t": 15292194, "g": 1, "v": "0.000,0.000,0.000", "y": -1666.7, "x": 2486, "z": 13.3, "st": "NORMAL", "veh": 0 }, { "p": 2, "t": 15292712, "g": 1, "v": "0.000,0.000,0.000", "y": -1666.7, "x": 2486, "z": 13.3, "st": "NORMAL", "veh": 0 }, { "p": 2, "t": 15293252, "g": 1, "v": "0.000,0.000,0.000", "y": -1666.7, "x": 2486, "z": 13.3, "st": "NORMAL", "veh": 0 }, { "p": 1, "t": 15293766, "g": 1, "v": "0.000,0.000,0.000", "y": -1666.7, "x": 2486, "z": 13.3, "st": "NORMAL", "veh": 0 }, { "p": 2, "t": 15294290, "g": 1, "v": "0.000,0.000,0.000", "y": -1666.7, "x": 2486, "z": 13.3, "st": "NORMAL", "veh": 0 } ] ] | serial=6C8E003524821577A204631FE09CE344
[2026-09-25 18:55:50] [WARNING] Punishment applied || account=guest | action=WARN | detection=NoClip | name=XRAOUF?! | reason=Client collisions disabled while server has them enabled | score=55 | serial=6C8E003524821577A204631FE09CE344 | warnings=1
[2026-09-25 18:55:50] [DETECTION] Detection: NoClip || account=guest | action=WARN | confidence=60 | detection=NoClip | dimension=0 | interior=0 | level=Medium | name=XRAOUF?! | ping=4 | pos=2486.0,-1666.7,13.3 | reason=Client collisions disabled while server has them enabled | score=55 | serial=6C8E003524821577A204631FE09CE344 | state=NORMAL | vehicle=none | vel=0.000,0.000,0.000 | weight=30
[2026-09-25 18:55:51] [DETECTION] Evidence || account=guest | detection=SpeedHack | name=XRAOUF?! | samples=[ [ { "p": 2, "t": 15285412, "g": 1, "v": "0.000,0.000,0.000", "y": -1666.7, "x": 2486, "z": 13.3, "st": "NORMAL", "veh": 0 }, { "p": 2, "t": 15285915, "g": 1, "v": "0.000,0.000,0.000", "y": -1666.7, "x": 2486, "z": 13.3, "st": "NORMAL", "veh": 0 }, { "p": 4, "t": 15286443, "g": 1, "v": "0.000,0.000,0.000", "y": -1666.7, "x": 2486, "z": 13.3, "st": "NORMAL", "veh": 0 }, { "p": 4, "t": 15286978, "g": 1, "v": "0.000,0.000,0.000", "y": -1666.7, "x": 2486, "z": 13.3, "st": "NORMAL", "veh": 0 }, { "p": 2, "t": 15287512, "g": 1, "v": "0.000,0.000,0.000", "y": -1666.7, "x": 2486, "z": 13.3, "st": "NORMAL", "veh": 0 }, { "p": 2, "t": 15288017, "g": 1, "v": "0.000,0.000,0.000", "y": -1666.7, "x": 2486, "z": 13.3, "st": "NORMAL", "veh": 0 }, { "p": 2, "t": 15288550, "g": 1, "v": "0.000,0.000,0.000", "y": -1666.7, "x": 2486, "z": 13.3, "st": "NORMAL", "veh": 0 }, { "p": 2, "t": 15289073, "g": 1, "v": "0.000,0.000,0.000", "y": -1666.7, "x": 2486, "z": 13.3, "st": "NORMAL", "veh": 0 }, { "p": 2, "t": 15289584, "g": 1, "v": "0.000,0.000,0.000", "y": -1666.7, "x": 2486, "z": 13.3, "st": "NORMAL", "veh": 0 }, { "p": 2, "t": 15290108, "g": 1, "v": "0.000,0.000,0.000", "y": -1666.7, "x": 2486, "z": 13.3, "st": "NORMAL", "veh": 0 }, { "p": 2, "t": 15290609, "g": 1, "v": "0.000,0.000,0.000", "y": -1666.7, "x": 2486, "z": 13.3, "st": "NORMAL", "veh": 0 }, { "p": 2, "t": 15291134, "g": 1, "v": "0.000,0.000,0.000", "y": -1666.7, "x": 2486, "z": 13.3, "st": "NORMAL", "veh": 0 }, { "p": 2, "t": 15291670, "g": 1, "v": "0.000,0.000,0.000", "y": -1666.7, "x": 2486, "z": 13.3, "st": "NORMAL", "veh": 0 }, { "p": 2, "t": 15292194, "g": 1, "v": "0.000,0.000,0.000", "y": -1666.7, "x": 2486, "z": 13.3, "st": "NORMAL", "veh": 0 }, { "p": 2, "t": 15292712, "g": 1, "v": "0.000,0.000,0.000", "y": -1666.7, "x": 2486, "z": 13.3, "st": "NORMAL", "veh": 0 }, { "p": 2, "t": 15293252, "g": 1, "v": "0.000,0.000,0.000", "y": -1666.7, "x": 2486, "z": 13.3, "st": "NORMAL", "veh": 0 }, { "p": 1, "t": 15293766, "g": 1, "v": "0.000,0.000,0.000", "y": -1666.7, "x": 2486, "z": 13.3, "st": "NORMAL", "veh": 0 }, { "p": 2, "t": 15294290, "g": 1, "v": "0.000,0.000,0.000", "y": -1666.7, "x": 2486, "z": 13.3, "st": "NORMAL", "veh": 0 }, { "p": 4, "t": 15294804, "g": 1, "v": "0.000,0.000,0.000", "y": -1666.7, "x": 2486, "z": 13.3, "st": "NORMAL", "veh": 0 }, { "p": 2, "t": 15295337, "g": 1, "v": "0.000,0.000,0.000", "y": -1666.7, "x": 2486, "z": 13.3, "st": "NORMAL", "veh": 0 } ] ] | serial=6C8E003524821577A204631FE09CE344
[2026-09-25 18:55:51] [WARNING] Punishment applied || account=guest | action=KICK | detection=SpeedHack | name=XRAOUF?! | reason=Client game speed differs from server game speed | score=75 | serial=6C8E003524821577A204631FE09CE344
[2026-09-25 18:55:51] [DETECTION] Detection: SpeedHack || account=guest | action=KICK | client=4.28 | confidence=68 | detection=SpeedHack | dimension=0 | interior=0 | level=High | name=XRAOUF?! | ping=2 | pos=2486.0,-1666.7,13.3 | reason=Client game speed differs from server game speed | score=75 | serial=6C8E003524821577A204631FE09CE344 | server=1 | state=NORMAL | vehicle=none | vel=0.000,0.000,0.000 | weight=20
[2026-09-25 21:09:37] [WARNING] Trusted/critical resource stopped || possibleInitiators=UNCONFIRMED: XRAOUF?!(/stop, 8ms ago) | resource=admin
